-- phpMyAdmin SQL Dump
-- version 4.0.10deb1
-- http://www.phpmyadmin.net
--
-- Client: localhost
-- Généré le: Mar 03 Mars 2015 à 15:14
-- Version du serveur: 5.5.40-0ubuntu0.14.04.1
-- Version de PHP: 5.5.9-1ubuntu4.5

SET SQL_MODE = "NO_AUTO_VALUE_ON_ZERO";
SET time_zone = "+00:00";


/*!40101 SET @OLD_CHARACTER_SET_CLIENT=@@CHARACTER_SET_CLIENT */;
/*!40101 SET @OLD_CHARACTER_SET_RESULTS=@@CHARACTER_SET_RESULTS */;
/*!40101 SET @OLD_COLLATION_CONNECTION=@@COLLATION_CONNECTION */;
/*!40101 SET NAMES utf8 */;

--
-- Base de données: `concrete_rg`
--

-- --------------------------------------------------------

--
-- Structure de la table `AreaPermissionAssignments`
--

CREATE TABLE IF NOT EXISTS `AreaPermissionAssignments` (
  `cID` int(10) unsigned NOT NULL DEFAULT '0',
  `arHandle` varchar(255) NOT NULL,
  `pkID` int(10) unsigned NOT NULL DEFAULT '0',
  `paID` int(10) unsigned NOT NULL DEFAULT '0',
  PRIMARY KEY (`cID`,`arHandle`,`pkID`,`paID`)
) ENGINE=InnoDB DEFAULT CHARSET=utf8;

-- --------------------------------------------------------

--
-- Structure de la table `AreaPermissionBlockTypeAccessList`
--

CREATE TABLE IF NOT EXISTS `AreaPermissionBlockTypeAccessList` (
  `paID` int(10) unsigned NOT NULL DEFAULT '0',
  `peID` int(10) unsigned NOT NULL DEFAULT '0',
  `permission` varchar(1) NOT NULL DEFAULT '1',
  PRIMARY KEY (`paID`,`peID`)
) ENGINE=InnoDB DEFAULT CHARSET=utf8;

-- --------------------------------------------------------

--
-- Structure de la table `AreaPermissionBlockTypeAccessListCustom`
--

CREATE TABLE IF NOT EXISTS `AreaPermissionBlockTypeAccessListCustom` (
  `paID` int(10) unsigned NOT NULL DEFAULT '0',
  `peID` int(10) unsigned NOT NULL DEFAULT '0',
  `btID` int(10) unsigned NOT NULL DEFAULT '0',
  PRIMARY KEY (`paID`,`peID`,`btID`)
) ENGINE=InnoDB DEFAULT CHARSET=utf8;

-- --------------------------------------------------------

--
-- Structure de la table `Areas`
--

CREATE TABLE IF NOT EXISTS `Areas` (
  `arID` int(10) unsigned NOT NULL AUTO_INCREMENT,
  `cID` int(10) unsigned NOT NULL DEFAULT '0',
  `arHandle` varchar(255) NOT NULL,
  `arOverrideCollectionPermissions` tinyint(1) NOT NULL DEFAULT '0',
  `arInheritPermissionsFromAreaOnCID` int(10) unsigned NOT NULL DEFAULT '0',
  `arIsGlobal` int(1) unsigned NOT NULL DEFAULT '0',
  PRIMARY KEY (`arID`),
  KEY `arIsGlobal` (`arIsGlobal`),
  KEY `cID` (`cID`),
  KEY `arHandle` (`arHandle`)
) ENGINE=InnoDB  DEFAULT CHARSET=utf8 AUTO_INCREMENT=190 ;

--
-- Contenu de la table `Areas`
--

INSERT INTO `Areas` (`arID`, `cID`, `arHandle`, `arOverrideCollectionPermissions`, `arInheritPermissionsFromAreaOnCID`, `arIsGlobal`) VALUES
(1, 106, 'Header', 0, 0, 0),
(2, 106, 'Column 1', 0, 0, 0),
(3, 106, 'Column 2', 0, 0, 0),
(4, 106, 'Column 3', 0, 0, 0),
(5, 106, 'Column 4', 0, 0, 0),
(6, 107, 'Primary', 0, 0, 0),
(7, 107, 'Secondary 1', 0, 0, 0),
(8, 107, 'Secondary 2', 0, 0, 0),
(9, 107, 'Secondary 3', 0, 0, 0),
(10, 107, 'Secondary 4', 0, 0, 0),
(11, 107, 'Secondary 5', 0, 0, 0),
(12, 1, 'Header Nav', 0, 0, 0),
(13, 1, 'Header', 0, 0, 0),
(14, 1, 'Sidebar', 0, 0, 0),
(15, 1, 'Main', 0, 0, 0),
(16, 1, 'Ma zone', 0, 0, 0),
(17, 1, 'Bandeau', 0, 0, 0),
(18, 1, 'Titre', 0, 0, 0),
(19, 1, 'Titre_article_1', 0, 0, 0),
(20, 1, 'Sous_titre_article_1', 0, 0, 0),
(21, 1, 'Image_article_1', 0, 0, 0),
(22, 1, 'Texte_article_1', 0, 0, 0),
(23, 1, 'Titre_article_2', 0, 0, 0),
(24, 1, 'Sous_titre_article_2', 0, 0, 0),
(25, 1, 'Image_article_2', 0, 0, 0),
(26, 1, 'Texte_article_2', 0, 0, 0),
(27, 1, 'Titre_article_3', 0, 0, 0),
(28, 1, 'Sous_titre_article_3', 0, 0, 0),
(29, 1, 'Image_article_3', 0, 0, 0),
(30, 1, 'Texte_article_3', 0, 0, 0),
(31, 1, 'Titre_SocialMedia', 0, 0, 0),
(32, 1, 'Texte_SocialMedia', 0, 0, 0),
(33, 1, 'Titre_Newsletter', 0, 0, 0),
(34, 1, 'Texte_Newsletter', 0, 0, 0),
(35, 1, 'Form_email_Newsletter', 0, 0, 0),
(36, 1, 'Titre_Contact', 0, 0, 0),
(37, 1, 'Form_Contact', 0, 0, 0),
(38, 1, 'Titre_News', 0, 0, 0),
(39, 1, 'image_Contact_1', 0, 0, 0),
(40, 1, 'Texte_Contact_1', 0, 0, 0),
(41, 1, 'image_Contact_2', 0, 0, 0),
(42, 1, 'Texte_Contact_2', 0, 0, 0),
(43, 1, 'image_Contact_3', 0, 0, 0),
(44, 1, 'Texte_Contact_3', 0, 0, 0),
(45, 118, 'Main', 0, 0, 0),
(46, 1, 'Texte_Contact_3 : Layout 1 : Cell 1', 0, 0, 0),
(47, 1, 'Texte_Contact_3 : Layout 2 : Cell 1', 0, 0, 0),
(48, 1, 'Texte_Contact_3 : Layout 2 : Cell 2', 0, 0, 0),
(49, 1, 'Texte_Contact_3 : Layout 2 : Cell 3', 0, 0, 0),
(50, 1, 'Texte_Contact_3 : Layout 2 : Cell 4', 0, 0, 0),
(51, 1, 'Texte_Contact_3 : Layout 2 : Cell 5', 0, 0, 0),
(52, 1, 'Texte_Contact_3 : Layout 2 : Cell 6', 0, 0, 0),
(53, 1, 'news1', 0, 0, 0),
(54, 1, 'news2', 0, 0, 0),
(55, 1, 'news3', 0, 0, 0),
(56, 1, 'logo1', 0, 0, 0),
(57, 1, 'logo2', 0, 0, 0),
(58, 1, 'logo3', 0, 0, 0),
(59, 1, 'logo4', 0, 0, 0),
(60, 1, 'logo5', 0, 0, 0),
(61, 1, 'banniere', 0, 0, 0),
(62, 1, 'col1', 0, 0, 0),
(63, 1, 'col2', 0, 0, 0),
(64, 1, 'col3', 0, 0, 0),
(65, 1, 'social', 0, 0, 0),
(66, 1, 'contact', 0, 0, 0),
(67, 1, 'actualite', 0, 0, 0),
(68, 1, 'social : Layout 1 : Cell 1', 0, 0, 0),
(69, 1, 'social : Layout 2 : Cell 1', 0, 0, 0),
(70, 1, 'social : Layout 2 : Cell 2', 0, 0, 0),
(71, 1, 'social : Layout 2 : Cell 3', 0, 0, 0),
(72, 1, 'social : Layout 2 : Cell 4', 0, 0, 0),
(73, 1, 'social : Layout 2 : Cell 5', 0, 0, 0),
(74, 1, 'actualite : Layout 1 : Cell 1', 0, 0, 0),
(75, 1, 'actualite : Layout 2 : Cell 1', 0, 0, 0),
(76, 1, 'actualite : Layout 2 : Cell 2', 0, 0, 0),
(77, 1, 'actualite : Layout 2 : Cell 3', 0, 0, 0),
(78, 1, 'actualite : Layout 2 : Cell 4', 0, 0, 0),
(79, 1, 'actualite : Layout 2 : Cell 5', 0, 0, 0),
(80, 1, 'actualite : Layout 2 : Cell 6', 0, 0, 0),
(81, 1, 'Menu', 0, 0, 0),
(82, 126, 'Menu', 0, 0, 0),
(83, 127, 'Menu', 0, 0, 0),
(84, 128, 'Menu', 0, 0, 0),
(85, 129, 'Menu', 0, 0, 0),
(86, 126, 'Header Nav', 0, 0, 0),
(87, 126, 'Header', 0, 0, 0),
(88, 126, 'Sidebar', 0, 0, 0),
(89, 126, 'Main', 0, 0, 0),
(90, 126, 'Ma zone', 0, 0, 0),
(91, 126, 'Bandeau', 0, 0, 0),
(92, 126, 'Titre', 0, 0, 0),
(93, 126, 'Titre_article_1', 0, 0, 0),
(94, 126, 'Sous_titre_article_1', 0, 0, 0),
(95, 126, 'Image_article_1', 0, 0, 0),
(96, 126, 'Texte_article_1', 0, 0, 0),
(97, 126, 'Titre_article_2', 0, 0, 0),
(98, 126, 'Sous_titre_article_2', 0, 0, 0),
(99, 126, 'Image_article_2', 0, 0, 0),
(100, 126, 'Texte_article_2', 0, 0, 0),
(101, 126, 'Titre_article_3', 0, 0, 0),
(102, 126, 'Sous_titre_article_3', 0, 0, 0),
(103, 126, 'Image_article_3', 0, 0, 0),
(104, 126, 'Texte_article_3', 0, 0, 0),
(105, 126, 'Titre_SocialMedia', 0, 0, 0),
(106, 126, 'Texte_SocialMedia', 0, 0, 0),
(107, 126, 'Titre_Newsletter', 0, 0, 0),
(108, 126, 'Texte_Newsletter', 0, 0, 0),
(109, 126, 'Form_email_Newsletter', 0, 0, 0),
(110, 126, 'Titre_Contact', 0, 0, 0),
(111, 126, 'Form_Contact', 0, 0, 0),
(112, 126, 'Titre_News', 0, 0, 0),
(113, 126, 'image_Contact_1', 0, 0, 0),
(114, 126, 'Texte_Contact_1', 0, 0, 0),
(115, 126, 'image_Contact_2', 0, 0, 0),
(116, 126, 'Texte_Contact_2', 0, 0, 0),
(117, 126, 'image_Contact_3', 0, 0, 0),
(118, 126, 'Texte_Contact_3', 0, 0, 0),
(119, 126, 'Texte_Contact_3 : Layout 1 : Cell 1', 0, 0, 0),
(120, 126, 'Texte_Contact_3 : Layout 2 : Cell 1', 0, 0, 0),
(121, 126, 'Texte_Contact_3 : Layout 2 : Cell 2', 0, 0, 0),
(122, 126, 'Texte_Contact_3 : Layout 2 : Cell 3', 0, 0, 0),
(123, 126, 'Texte_Contact_3 : Layout 2 : Cell 4', 0, 0, 0),
(124, 126, 'Texte_Contact_3 : Layout 2 : Cell 5', 0, 0, 0),
(125, 126, 'Texte_Contact_3 : Layout 2 : Cell 6', 0, 0, 0),
(126, 126, 'news1', 0, 0, 0),
(127, 126, 'news2', 0, 0, 0),
(128, 126, 'news3', 0, 0, 0),
(129, 126, 'logo1', 0, 0, 0),
(130, 126, 'logo2', 0, 0, 0),
(131, 126, 'logo3', 0, 0, 0),
(132, 126, 'logo4', 0, 0, 0),
(133, 126, 'logo5', 0, 0, 0),
(134, 126, 'banniere', 0, 0, 0),
(135, 126, 'col1', 0, 0, 0),
(136, 126, 'col2', 0, 0, 0),
(137, 126, 'col3', 0, 0, 0),
(138, 126, 'social', 0, 0, 0),
(139, 126, 'contact', 0, 0, 0),
(140, 126, 'actualite', 0, 0, 0),
(141, 126, 'social : Layout 1 : Cell 1', 0, 0, 0),
(142, 126, 'social : Layout 2 : Cell 1', 0, 0, 0),
(143, 126, 'social : Layout 2 : Cell 2', 0, 0, 0),
(144, 126, 'social : Layout 2 : Cell 3', 0, 0, 0),
(145, 126, 'social : Layout 2 : Cell 4', 0, 0, 0),
(146, 126, 'social : Layout 2 : Cell 5', 0, 0, 0),
(147, 126, 'actualite : Layout 1 : Cell 1', 0, 0, 0),
(148, 126, 'actualite : Layout 2 : Cell 1', 0, 0, 0),
(149, 126, 'actualite : Layout 2 : Cell 2', 0, 0, 0),
(150, 126, 'actualite : Layout 2 : Cell 3', 0, 0, 0),
(151, 126, 'actualite : Layout 2 : Cell 4', 0, 0, 0),
(152, 126, 'actualite : Layout 2 : Cell 5', 0, 0, 0),
(153, 126, 'actualite : Layout 2 : Cell 6', 0, 0, 0),
(154, 126, 'Menu', 0, 0, 0),
(155, 130, 'Menu', 0, 0, 0),
(156, 123, 'Menu', 0, 0, 0),
(157, 123, 'banniere', 0, 0, 0),
(158, 123, 'Titre', 0, 0, 0),
(159, 123, 'col1', 0, 0, 0),
(160, 123, 'col2', 0, 0, 0),
(161, 123, 'col3', 0, 0, 0),
(162, 123, 'social', 0, 0, 0),
(163, 123, 'contact', 0, 0, 0),
(164, 123, 'actualite', 0, 0, 0),
(165, 122, 'Menu', 0, 0, 0),
(166, 126, 'contenu', 0, 0, 0),
(167, 126, 'contenu : Layout 1 : Cell 1', 0, 0, 0),
(168, 126, 'contenu : Layout 2 : Cell 1', 0, 0, 0),
(169, 126, 'contenu : Layout 2 : Cell 2', 0, 0, 0),
(170, 126, 'contenu : Layout 2 : Cell 3', 0, 0, 0),
(171, 126, 'contenu : Layout 2 : Cell 4', 0, 0, 0),
(172, 126, 'contenu : Layout 2 : Cell 5', 0, 0, 0),
(173, 126, 'contenu : Layout 2 : Cell 6', 0, 0, 0),
(174, 127, 'contenu', 0, 0, 0),
(175, 128, 'contenu', 0, 0, 0),
(176, 129, 'contenu', 0, 0, 0),
(177, 127, 'Main', 0, 0, 0),
(178, 128, 'Main', 0, 0, 0),
(179, 129, 'Main', 0, 0, 0),
(180, 131, 'Main', 0, 0, 0),
(181, 131, 'Menu', 0, 0, 0),
(182, 131, 'banniere', 0, 0, 0),
(183, 131, 'Titre', 0, 0, 0),
(184, 131, 'col1', 0, 0, 0),
(185, 131, 'col2', 0, 0, 0),
(186, 131, 'col3', 0, 0, 0),
(187, 131, 'social', 0, 0, 0),
(188, 131, 'contact', 0, 0, 0),
(189, 131, 'actualite', 0, 0, 0);

-- --------------------------------------------------------

--
-- Structure de la table `atAddress`
--

CREATE TABLE IF NOT EXISTS `atAddress` (
  `avID` int(10) unsigned NOT NULL DEFAULT '0',
  `address1` varchar(255) DEFAULT NULL,
  `address2` varchar(255) DEFAULT NULL,
  `city` varchar(255) DEFAULT NULL,
  `state_province` varchar(255) DEFAULT NULL,
  `country` varchar(4) DEFAULT NULL,
  `postal_code` varchar(32) DEFAULT NULL,
  PRIMARY KEY (`avID`)
) ENGINE=InnoDB DEFAULT CHARSET=utf8;

-- --------------------------------------------------------

--
-- Structure de la table `atAddressCustomCountries`
--

CREATE TABLE IF NOT EXISTS `atAddressCustomCountries` (
  `atAddressCustomCountryID` int(10) unsigned NOT NULL AUTO_INCREMENT,
  `akID` int(10) unsigned NOT NULL DEFAULT '0',
  `country` varchar(5) NOT NULL,
  PRIMARY KEY (`atAddressCustomCountryID`)
) ENGINE=InnoDB DEFAULT CHARSET=utf8 AUTO_INCREMENT=1 ;

-- --------------------------------------------------------

--
-- Structure de la table `atAddressSettings`
--

CREATE TABLE IF NOT EXISTS `atAddressSettings` (
  `akID` int(10) unsigned NOT NULL DEFAULT '0',
  `akHasCustomCountries` int(1) NOT NULL DEFAULT '0',
  `akDefaultCountry` varchar(12) DEFAULT NULL,
  PRIMARY KEY (`akID`)
) ENGINE=InnoDB DEFAULT CHARSET=utf8;

-- --------------------------------------------------------

--
-- Structure de la table `atBoolean`
--

CREATE TABLE IF NOT EXISTS `atBoolean` (
  `avID` int(10) unsigned NOT NULL,
  `value` tinyint(1) NOT NULL DEFAULT '0',
  PRIMARY KEY (`avID`)
) ENGINE=InnoDB DEFAULT CHARSET=utf8;

--
-- Contenu de la table `atBoolean`
--

INSERT INTO `atBoolean` (`avID`, `value`) VALUES
(20, 1),
(31, 1),
(34, 1),
(64, 1),
(65, 1),
(68, 1),
(69, 1),
(75, 1),
(109, 1),
(118, 1),
(119, 1),
(120, 1);

-- --------------------------------------------------------

--
-- Structure de la table `atBooleanSettings`
--

CREATE TABLE IF NOT EXISTS `atBooleanSettings` (
  `akID` int(10) unsigned NOT NULL,
  `akCheckedByDefault` tinyint(1) NOT NULL DEFAULT '0',
  PRIMARY KEY (`akID`)
) ENGINE=InnoDB DEFAULT CHARSET=utf8;

--
-- Contenu de la table `atBooleanSettings`
--

INSERT INTO `atBooleanSettings` (`akID`, `akCheckedByDefault`) VALUES
(5, 0),
(6, 0),
(8, 0),
(9, 0),
(10, 1),
(11, 1);

-- --------------------------------------------------------

--
-- Structure de la table `atDateTime`
--

CREATE TABLE IF NOT EXISTS `atDateTime` (
  `avID` int(10) unsigned NOT NULL,
  `value` datetime DEFAULT '0000-00-00 00:00:00',
  PRIMARY KEY (`avID`)
) ENGINE=InnoDB DEFAULT CHARSET=utf8;

-- --------------------------------------------------------

--
-- Structure de la table `atDateTimeSettings`
--

CREATE TABLE IF NOT EXISTS `atDateTimeSettings` (
  `akID` int(10) unsigned NOT NULL,
  `akDateDisplayMode` varchar(255) DEFAULT NULL,
  PRIMARY KEY (`akID`)
) ENGINE=InnoDB DEFAULT CHARSET=utf8;

-- --------------------------------------------------------

--
-- Structure de la table `atDefault`
--

CREATE TABLE IF NOT EXISTS `atDefault` (
  `avID` int(10) unsigned NOT NULL,
  `value` longtext,
  PRIMARY KEY (`avID`)
) ENGINE=InnoDB DEFAULT CHARSET=utf8;

--
-- Contenu de la table `atDefault`
--

INSERT INTO `atDefault` (`avID`, `value`) VALUES
(1, 'blog, blogging'),
(2, 'icon-book'),
(3, 'new blog, write blog, blogging'),
(4, 'icon-pencil'),
(5, 'blog drafts, composer'),
(6, 'icon-book'),
(7, 'pages, add page, delete page, copy, move, alias'),
(8, 'pages, add page, delete page, copy, move, alias'),
(9, 'icon-home'),
(10, 'pages, add page, delete page, copy, move, alias, bulk'),
(11, 'icon-road'),
(12, 'find page, search page, search, find, pages, sitemap'),
(13, 'icon-search'),
(14, 'add file, delete file, copy, move, alias, resize, crop, rename, images, title, attribute'),
(15, 'icon-picture'),
(16, 'file, file attributes, title, attribute, description, rename'),
(17, 'icon-cog'),
(18, 'files, category, categories'),
(19, 'icon-list-alt'),
(21, 'new file set'),
(22, 'icon-plus-sign'),
(23, 'users, groups, people, find, delete user, remove user, change password, password'),
(24, 'find, search, people, delete user, remove user, change password, password'),
(25, 'icon-user'),
(26, 'user, group, people, permissions, access, expire'),
(27, 'icon-globe'),
(28, 'user attributes, user data, gather data, registration data'),
(29, 'icon-cog'),
(30, 'new user, create'),
(32, 'icon-plus-sign'),
(33, 'new user group, new group, group, create'),
(35, 'icon-plus'),
(36, 'group set'),
(37, 'icon-list'),
(38, 'forms, log, error, email, mysql, exception, survey'),
(39, 'hits, pageviews, visitors, activity'),
(40, 'icon-signal'),
(41, 'forms, questions, response, data'),
(42, 'icon-briefcase'),
(43, 'questions, quiz, response'),
(44, 'icon-tasks'),
(45, 'forms, log, error, email, mysql, exception, survey, history'),
(46, 'icon-time'),
(47, 'new theme, theme, active theme, change theme, template, css'),
(48, 'icon-font'),
(49, 'theme'),
(50, 'page types'),
(51, 'custom theme, change theme, custom css, css'),
(52, 'page type defaults, global block, global area, starter, template'),
(53, 'icon-file'),
(54, 'page attributes, custom'),
(55, 'icon-cog'),
(56, 'single, page, custom, application'),
(57, 'icon-wrench'),
(58, 'add workflow, remove workflow'),
(59, 'icon-list'),
(60, 'icon-user'),
(61, 'stacks, reusable content, scrapbook, copy, paste, paste block, copy block, site name, logo'),
(62, 'icon-th'),
(63, 'icon-lock'),
(66, 'block, refresh, custom'),
(67, 'icon-wrench'),
(70, 'add-on, addon, ecommerce, install, discussions, forums, themes, templates, blocks'),
(71, 'update, upgrade'),
(72, 'concrete5.org, my account, marketplace'),
(73, 'buy theme, new theme, marketplace, template'),
(74, 'buy addon, buy add on, buy add-on, purchase addon, purchase add on, purchase add-on, find addon, new addon, marketplace'),
(76, 'website name, title'),
(77, 'logo, favicon, iphone, icon, bookmark'),
(78, 'tinymce, content block, fonts, editor, content, overlay'),
(79, 'translate, translation, internationalization, multilingual'),
(80, 'timezone, profile, locale'),
(81, 'interface, quick nav, dashboard background, background image'),
(82, 'vanity, pretty url, seo, pageview, view'),
(83, 'bulk, seo, change keywords, engine, optimization, search'),
(84, 'traffic, statistics, google analytics, quant, pageviews, hits'),
(85, 'pretty, slug'),
(86, 'turn off statistics, tracking, statistics, pageviews, hits'),
(87, 'configure search, site search, search option'),
(88, 'cache option, change cache, override, turn on cache, turn off cache, no cache, page cache, caching'),
(89, 'cache option, turn off cache, no cache, page cache, caching'),
(90, 'index search, reindex search, build sitemap, sitemap.xml, clear old versions, page versions, remove old'),
(91, 'editors, hide site, offline, private, public, access'),
(92, 'file options, file manager, upload, modify'),
(93, 'security, files, media, extension, manager, upload'),
(94, 'security, actions, administrator, admin, package, marketplace, search'),
(95, 'security, lock ip, lock out, block ip, address, restrict, access'),
(96, 'security, registration'),
(97, 'antispam, block spam, security'),
(98, 'lock site, under construction, hide, hidden'),
(99, 'profile, login, redirect, specific, dashboard, administrators'),
(100, 'member profile, member page, community, forums, social, avatar'),
(101, 'signup, new user, community'),
(102, 'smtp, mail settings'),
(103, 'email server, mail settings, mail configuration, external, internal'),
(104, 'test smtp, test mail'),
(105, 'email server, mail settings, mail configuration, private message, message system, import, email, message'),
(106, 'attribute configuration'),
(107, 'attributes, sets'),
(108, 'attributes, types'),
(110, 'overrides, system info, debug, support, help'),
(111, 'errors, exceptions, develop, support, help'),
(112, 'email, logging, logs, smtp, pop, errors, mysql, log'),
(113, 'security, alternate storage, hide files'),
(114, 'network, proxy server'),
(115, 'export, backup, database, sql, mysql, encryption, restore'),
(116, 'upgrade, new version, update'),
(117, 'export, database, xml, starting, points, schema, refresh, custom, tables'),
(137, 'icon-gift');

-- --------------------------------------------------------

--
-- Structure de la table `atFile`
--

CREATE TABLE IF NOT EXISTS `atFile` (
  `avID` int(10) unsigned NOT NULL,
  `fID` int(10) unsigned NOT NULL,
  PRIMARY KEY (`avID`)
) ENGINE=InnoDB DEFAULT CHARSET=utf8;

--
-- Contenu de la table `atFile`
--

INSERT INTO `atFile` (`avID`, `fID`) VALUES
(135, 5),
(136, 0);

-- --------------------------------------------------------

--
-- Structure de la table `atNumber`
--

CREATE TABLE IF NOT EXISTS `atNumber` (
  `avID` int(10) unsigned NOT NULL,
  `value` decimal(14,4) DEFAULT '0.0000',
  PRIMARY KEY (`avID`)
) ENGINE=InnoDB DEFAULT CHARSET=utf8;

--
-- Contenu de la table `atNumber`
--

INSERT INTO `atNumber` (`avID`, `value`) VALUES
(121, 938.0000),
(122, 339.0000),
(123, 298.0000),
(124, 189.0000),
(125, 298.0000),
(126, 193.0000),
(127, 298.0000),
(128, 193.0000),
(129, 58.0000),
(130, 62.0000),
(131, 58.0000),
(132, 62.0000),
(133, 56.0000),
(134, 61.0000),
(138, 50.0000),
(139, 50.0000),
(140, 50.0000),
(141, 50.0000),
(142, 50.0000),
(143, 49.0000),
(144, 50.0000),
(145, 50.0000),
(146, 50.0000),
(147, 50.0000),
(148, 936.0000),
(149, 335.0000),
(150, 936.0000),
(151, 335.0000),
(152, 936.0000),
(153, 335.0000),
(154, 300.0000),
(155, 199.0000),
(156, 300.0000),
(157, 167.0000),
(158, 300.0000),
(159, 140.0000);

-- --------------------------------------------------------

--
-- Structure de la table `atSelectOptions`
--

CREATE TABLE IF NOT EXISTS `atSelectOptions` (
  `ID` int(10) unsigned NOT NULL AUTO_INCREMENT,
  `akID` int(10) unsigned DEFAULT NULL,
  `value` varchar(255) DEFAULT NULL,
  `displayOrder` int(10) unsigned DEFAULT NULL,
  `isEndUserAdded` tinyint(1) NOT NULL DEFAULT '0',
  PRIMARY KEY (`ID`)
) ENGINE=InnoDB DEFAULT CHARSET=utf8 AUTO_INCREMENT=1 ;

-- --------------------------------------------------------

--
-- Structure de la table `atSelectOptionsSelected`
--

CREATE TABLE IF NOT EXISTS `atSelectOptionsSelected` (
  `avID` int(10) unsigned NOT NULL,
  `atSelectOptionID` int(10) unsigned NOT NULL,
  PRIMARY KEY (`avID`,`atSelectOptionID`)
) ENGINE=InnoDB DEFAULT CHARSET=utf8;

-- --------------------------------------------------------

--
-- Structure de la table `atSelectSettings`
--

CREATE TABLE IF NOT EXISTS `atSelectSettings` (
  `akID` int(10) unsigned NOT NULL,
  `akSelectAllowMultipleValues` tinyint(1) NOT NULL DEFAULT '0',
  `akSelectOptionDisplayOrder` varchar(255) NOT NULL DEFAULT 'display_asc',
  `akSelectAllowOtherValues` tinyint(1) NOT NULL DEFAULT '0',
  PRIMARY KEY (`akID`)
) ENGINE=InnoDB DEFAULT CHARSET=utf8;

-- --------------------------------------------------------

--
-- Structure de la table `atTextareaSettings`
--

CREATE TABLE IF NOT EXISTS `atTextareaSettings` (
  `akID` int(10) unsigned NOT NULL DEFAULT '0',
  `akTextareaDisplayMode` varchar(255) DEFAULT NULL,
  PRIMARY KEY (`akID`)
) ENGINE=InnoDB DEFAULT CHARSET=utf8;

--
-- Contenu de la table `atTextareaSettings`
--

INSERT INTO `atTextareaSettings` (`akID`, `akTextareaDisplayMode`) VALUES
(2, ''),
(3, ''),
(4, ''),
(7, '');

-- --------------------------------------------------------

--
-- Structure de la table `AttributeKeyCategories`
--

CREATE TABLE IF NOT EXISTS `AttributeKeyCategories` (
  `akCategoryID` int(10) unsigned NOT NULL AUTO_INCREMENT,
  `akCategoryHandle` varchar(255) NOT NULL,
  `akCategoryAllowSets` smallint(4) NOT NULL DEFAULT '0',
  `pkgID` int(10) unsigned DEFAULT NULL,
  PRIMARY KEY (`akCategoryID`)
) ENGINE=InnoDB  DEFAULT CHARSET=utf8 AUTO_INCREMENT=4 ;

--
-- Contenu de la table `AttributeKeyCategories`
--

INSERT INTO `AttributeKeyCategories` (`akCategoryID`, `akCategoryHandle`, `akCategoryAllowSets`, `pkgID`) VALUES
(1, 'collection', 1, NULL),
(2, 'user', 1, NULL),
(3, 'file', 1, NULL);

-- --------------------------------------------------------

--
-- Structure de la table `AttributeKeys`
--

CREATE TABLE IF NOT EXISTS `AttributeKeys` (
  `akID` int(10) unsigned NOT NULL AUTO_INCREMENT,
  `akHandle` varchar(255) NOT NULL,
  `akName` varchar(255) NOT NULL,
  `akIsSearchable` tinyint(1) NOT NULL DEFAULT '0',
  `akIsSearchableIndexed` tinyint(1) NOT NULL DEFAULT '0',
  `akIsAutoCreated` tinyint(1) NOT NULL DEFAULT '0',
  `akIsInternal` tinyint(1) NOT NULL DEFAULT '0',
  `akIsColumnHeader` tinyint(1) NOT NULL DEFAULT '0',
  `akIsEditable` tinyint(1) NOT NULL DEFAULT '0',
  `atID` int(10) unsigned DEFAULT NULL,
  `akCategoryID` int(10) unsigned DEFAULT NULL,
  `pkgID` int(10) unsigned DEFAULT NULL,
  PRIMARY KEY (`akID`),
  UNIQUE KEY `akHandle` (`akHandle`,`akCategoryID`)
) ENGINE=InnoDB  DEFAULT CHARSET=utf8 AUTO_INCREMENT=17 ;

--
-- Contenu de la table `AttributeKeys`
--

INSERT INTO `AttributeKeys` (`akID`, `akHandle`, `akName`, `akIsSearchable`, `akIsSearchableIndexed`, `akIsAutoCreated`, `akIsInternal`, `akIsColumnHeader`, `akIsEditable`, `atID`, `akCategoryID`, `pkgID`) VALUES
(1, 'meta_title', 'Meta Title', 1, 1, 0, 0, 0, 1, 1, 1, 0),
(2, 'meta_description', 'Meta Description', 1, 1, 0, 0, 0, 1, 2, 1, 0),
(3, 'meta_keywords', 'Meta Keywords', 1, 1, 0, 0, 0, 1, 2, 1, 0),
(4, 'icon_dashboard', 'Dashboard Icon', 1, 1, 0, 1, 0, 1, 2, 1, 0),
(5, 'exclude_nav', 'Exclude From Nav', 1, 1, 0, 0, 0, 1, 3, 1, 0),
(6, 'exclude_page_list', 'Exclude From Page List', 1, 1, 0, 0, 0, 1, 3, 1, 0),
(7, 'header_extra_content', 'Header Extra Content', 1, 1, 0, 0, 0, 1, 2, 1, 0),
(8, 'exclude_search_index', 'Exclude From Search Index', 1, 1, 0, 0, 0, 1, 3, 1, 0),
(9, 'exclude_sitemapxml', 'Exclude From sitemap.xml', 1, 1, 0, 0, 0, 1, 3, 1, 0),
(10, 'profile_private_messages_enabled', 'I would like to receive private messages.', 1, 1, 0, 0, 0, 1, 3, 2, 0),
(11, 'profile_private_messages_notification_enabled', 'Send me email notifications when I receive a private message.', 1, 1, 0, 0, 0, 1, 3, 2, 0),
(12, 'width', 'Width', 1, 1, 0, 0, 0, 1, 6, 3, 0),
(13, 'height', 'Height', 1, 1, 0, 0, 0, 1, 6, 3, 0),
(14, 'duration', 'Duration', 1, 1, 0, 0, 0, 1, 6, 3, 0),
(15, 'Vignette', 'vignette', 1, 0, 0, 0, 0, 1, 5, 1, 0),
(16, 'thumbnail', 'Thumbnail', 1, 0, 0, 0, 0, 1, 5, 1, 0);

-- --------------------------------------------------------

--
-- Structure de la table `AttributeSetKeys`
--

CREATE TABLE IF NOT EXISTS `AttributeSetKeys` (
  `akID` int(10) unsigned NOT NULL DEFAULT '0',
  `asID` int(10) unsigned NOT NULL DEFAULT '0',
  `displayOrder` int(10) unsigned NOT NULL DEFAULT '0',
  PRIMARY KEY (`akID`,`asID`)
) ENGINE=InnoDB DEFAULT CHARSET=utf8;

--
-- Contenu de la table `AttributeSetKeys`
--

INSERT INTO `AttributeSetKeys` (`akID`, `asID`, `displayOrder`) VALUES
(1, 1, 1),
(2, 1, 2),
(3, 1, 3),
(5, 2, 1),
(6, 2, 2),
(7, 1, 4),
(8, 2, 3),
(9, 2, 4);

-- --------------------------------------------------------

--
-- Structure de la table `AttributeSets`
--

CREATE TABLE IF NOT EXISTS `AttributeSets` (
  `asID` int(10) unsigned NOT NULL AUTO_INCREMENT,
  `asName` varchar(255) DEFAULT NULL,
  `asHandle` varchar(255) NOT NULL,
  `akCategoryID` int(10) unsigned NOT NULL DEFAULT '0',
  `pkgID` int(10) unsigned NOT NULL DEFAULT '0',
  `asIsLocked` int(1) NOT NULL DEFAULT '1',
  `asDisplayOrder` int(10) unsigned NOT NULL DEFAULT '0',
  PRIMARY KEY (`asID`)
) ENGINE=InnoDB  DEFAULT CHARSET=utf8 AUTO_INCREMENT=3 ;

--
-- Contenu de la table `AttributeSets`
--

INSERT INTO `AttributeSets` (`asID`, `asName`, `asHandle`, `akCategoryID`, `pkgID`, `asIsLocked`, `asDisplayOrder`) VALUES
(1, 'Page Header', 'page_header', 1, 0, 0, 0),
(2, 'Navigation and Indexing', 'navigation', 1, 0, 0, 1);

-- --------------------------------------------------------

--
-- Structure de la table `AttributeTypeCategories`
--

CREATE TABLE IF NOT EXISTS `AttributeTypeCategories` (
  `atID` int(10) unsigned NOT NULL DEFAULT '0',
  `akCategoryID` int(10) unsigned NOT NULL DEFAULT '0',
  PRIMARY KEY (`atID`,`akCategoryID`)
) ENGINE=InnoDB DEFAULT CHARSET=utf8;

--
-- Contenu de la table `AttributeTypeCategories`
--

INSERT INTO `AttributeTypeCategories` (`atID`, `akCategoryID`) VALUES
(1, 1),
(1, 2),
(1, 3),
(2, 1),
(2, 2),
(2, 3),
(3, 1),
(3, 2),
(3, 3),
(4, 1),
(4, 2),
(4, 3),
(5, 1),
(6, 1),
(6, 2),
(6, 3),
(7, 1),
(7, 3),
(8, 1),
(8, 2),
(8, 3),
(9, 2);

-- --------------------------------------------------------

--
-- Structure de la table `AttributeTypes`
--

CREATE TABLE IF NOT EXISTS `AttributeTypes` (
  `atID` int(10) unsigned NOT NULL AUTO_INCREMENT,
  `atHandle` varchar(255) NOT NULL,
  `atName` varchar(255) NOT NULL,
  `pkgID` int(10) unsigned DEFAULT NULL,
  PRIMARY KEY (`atID`),
  UNIQUE KEY `atHandle` (`atHandle`)
) ENGINE=InnoDB  DEFAULT CHARSET=utf8 AUTO_INCREMENT=10 ;

--
-- Contenu de la table `AttributeTypes`
--

INSERT INTO `AttributeTypes` (`atID`, `atHandle`, `atName`, `pkgID`) VALUES
(1, 'text', 'Text', 0),
(2, 'textarea', 'Text Area', 0),
(3, 'boolean', 'Checkbox', 0),
(4, 'date_time', 'Date/Time', 0),
(5, 'image_file', 'Image/File', 0),
(6, 'number', 'Number', 0),
(7, 'rating', 'Rating', 0),
(8, 'select', 'Select', 0),
(9, 'address', 'Address', 0);

-- --------------------------------------------------------

--
-- Structure de la table `AttributeValues`
--

CREATE TABLE IF NOT EXISTS `AttributeValues` (
  `avID` int(10) unsigned NOT NULL AUTO_INCREMENT,
  `akID` int(10) unsigned DEFAULT NULL,
  `avDateAdded` datetime NOT NULL DEFAULT '0000-00-00 00:00:00',
  `uID` int(10) unsigned DEFAULT NULL,
  `atID` int(10) unsigned DEFAULT NULL,
  PRIMARY KEY (`avID`)
) ENGINE=InnoDB  DEFAULT CHARSET=utf8 AUTO_INCREMENT=160 ;

--
-- Contenu de la table `AttributeValues`
--

INSERT INTO `AttributeValues` (`avID`, `akID`, `avDateAdded`, `uID`, `atID`) VALUES
(1, 3, '2014-12-09 16:49:06', 1, 2),
(2, 4, '2014-12-09 16:49:06', 1, 2),
(3, 3, '2014-12-09 16:49:07', 1, 2),
(4, 4, '2014-12-09 16:49:07', 1, 2),
(5, 3, '2014-12-09 16:49:07', 1, 2),
(6, 4, '2014-12-09 16:49:07', 1, 2),
(7, 3, '2014-12-09 16:49:07', 1, 2),
(8, 3, '2014-12-09 16:49:07', 1, 2),
(9, 4, '2014-12-09 16:49:07', 1, 2),
(10, 3, '2014-12-09 16:49:08', 1, 2),
(11, 4, '2014-12-09 16:49:08', 1, 2),
(12, 3, '2014-12-09 16:49:08', 1, 2),
(13, 4, '2014-12-09 16:49:08', 1, 2),
(14, 3, '2014-12-09 16:49:08', 1, 2),
(15, 4, '2014-12-09 16:49:08', 1, 2),
(16, 3, '2014-12-09 16:49:08', 1, 2),
(17, 4, '2014-12-09 16:49:08', 1, 2),
(18, 3, '2014-12-09 16:49:09', 1, 2),
(19, 4, '2014-12-09 16:49:09', 1, 2),
(20, 5, '2014-12-09 16:49:09', 1, 3),
(21, 3, '2014-12-09 16:49:09', 1, 2),
(22, 4, '2014-12-09 16:49:09', 1, 2),
(23, 3, '2014-12-09 16:49:09', 1, 2),
(24, 3, '2014-12-09 16:49:09', 1, 2),
(25, 4, '2014-12-09 16:49:10', 1, 2),
(26, 3, '2014-12-09 16:49:10', 1, 2),
(27, 4, '2014-12-09 16:49:10', 1, 2),
(28, 3, '2014-12-09 16:49:10', 1, 2),
(29, 4, '2014-12-09 16:49:10', 1, 2),
(30, 3, '2014-12-09 16:49:10', 1, 2),
(31, 5, '2014-12-09 16:49:10', 1, 3),
(32, 4, '2014-12-09 16:49:11', 1, 2),
(33, 3, '2014-12-09 16:49:11', 1, 2),
(34, 5, '2014-12-09 16:49:11', 1, 3),
(35, 4, '2014-12-09 16:49:11', 1, 2),
(36, 3, '2014-12-09 16:49:11', 1, 2),
(37, 4, '2014-12-09 16:49:11', 1, 2),
(38, 3, '2014-12-09 16:49:11', 1, 2),
(39, 3, '2014-12-09 16:49:12', 1, 2),
(40, 4, '2014-12-09 16:49:12', 1, 2),
(41, 3, '2014-12-09 16:49:12', 1, 2),
(42, 4, '2014-12-09 16:49:12', 1, 2),
(43, 3, '2014-12-09 16:49:12', 1, 2),
(44, 4, '2014-12-09 16:49:12', 1, 2),
(45, 3, '2014-12-09 16:49:12', 1, 2),
(46, 4, '2014-12-09 16:49:12', 1, 2),
(47, 3, '2014-12-09 16:49:13', 1, 2),
(48, 4, '2014-12-09 16:49:13', 1, 2),
(49, 3, '2014-12-09 16:49:13', 1, 2),
(50, 3, '2014-12-09 16:49:13', 1, 2),
(51, 3, '2014-12-09 16:49:13', 1, 2),
(52, 3, '2014-12-09 16:49:13', 1, 2),
(53, 4, '2014-12-09 16:49:13', 1, 2),
(54, 3, '2014-12-09 16:49:13', 1, 2),
(55, 4, '2014-12-09 16:49:14', 1, 2),
(56, 3, '2014-12-09 16:49:14', 1, 2),
(57, 4, '2014-12-09 16:49:14', 1, 2),
(58, 3, '2014-12-09 16:49:14', 1, 2),
(59, 4, '2014-12-09 16:49:14', 1, 2),
(60, 4, '2014-12-09 16:49:14', 1, 2),
(61, 3, '2014-12-09 16:49:14', 1, 2),
(62, 4, '2014-12-09 16:49:14', 1, 2),
(63, 4, '2014-12-09 16:49:15', 1, 2),
(64, 5, '2014-12-09 16:49:15', 1, 3),
(65, 8, '2014-12-09 16:49:15', 1, 3),
(66, 3, '2014-12-09 16:49:15', 1, 2),
(67, 4, '2014-12-09 16:49:15', 1, 2),
(68, 5, '2014-12-09 16:49:15', 1, 3),
(69, 5, '2014-12-09 16:49:15', 1, 3),
(70, 3, '2014-12-09 16:49:16', 1, 2),
(71, 3, '2014-12-09 16:49:16', 1, 2),
(72, 3, '2014-12-09 16:49:16', 1, 2),
(73, 3, '2014-12-09 16:49:16', 1, 2),
(74, 3, '2014-12-09 16:49:16', 1, 2),
(75, 5, '2014-12-09 16:49:16', 1, 3),
(76, 3, '2014-12-09 16:49:16', 1, 2),
(77, 3, '2014-12-09 16:49:17', 1, 2),
(78, 3, '2014-12-09 16:49:17', 1, 2),
(79, 3, '2014-12-09 16:49:17', 1, 2),
(80, 3, '2014-12-09 16:49:17', 1, 2),
(81, 3, '2014-12-09 16:49:17', 1, 2),
(82, 3, '2014-12-09 16:49:17', 1, 2),
(83, 3, '2014-12-09 16:49:17', 1, 2),
(84, 3, '2014-12-09 16:49:17', 1, 2),
(85, 3, '2014-12-09 16:49:18', 1, 2),
(86, 3, '2014-12-09 16:49:18', 1, 2),
(87, 3, '2014-12-09 16:49:18', 1, 2),
(88, 3, '2014-12-09 16:49:18', 1, 2),
(89, 3, '2014-12-09 16:49:18', 1, 2),
(90, 3, '2014-12-09 16:49:18', 1, 2),
(91, 3, '2014-12-09 16:49:18', 1, 2),
(92, 3, '2014-12-09 16:49:19', 1, 2),
(93, 3, '2014-12-09 16:49:19', 1, 2),
(94, 3, '2014-12-09 16:49:19', 1, 2),
(95, 3, '2014-12-09 16:49:19', 1, 2),
(96, 3, '2014-12-09 16:49:19', 1, 2),
(97, 3, '2014-12-09 16:49:19', 1, 2),
(98, 3, '2014-12-09 16:49:19', 1, 2),
(99, 3, '2014-12-09 16:49:19', 1, 2),
(100, 3, '2014-12-09 16:49:20', 1, 2),
(101, 3, '2014-12-09 16:49:20', 1, 2),
(102, 3, '2014-12-09 16:49:20', 1, 2),
(103, 3, '2014-12-09 16:49:20', 1, 2),
(104, 3, '2014-12-09 16:49:20', 1, 2),
(105, 3, '2014-12-09 16:49:20', 1, 2),
(106, 3, '2014-12-09 16:49:20', 1, 2),
(107, 3, '2014-12-09 16:49:20', 1, 2),
(108, 3, '2014-12-09 16:49:21', 1, 2),
(109, 8, '2014-12-09 16:49:21', 1, 3),
(110, 3, '2014-12-09 16:49:21', 1, 2),
(111, 3, '2014-12-09 16:49:21', 1, 2),
(112, 3, '2014-12-09 16:49:21', 1, 2),
(113, 3, '2014-12-09 16:49:21', 1, 2),
(114, 3, '2014-12-09 16:49:21', 1, 2),
(115, 3, '2014-12-09 16:49:22', 1, 2),
(116, 3, '2014-12-09 16:49:22', 1, 2),
(117, 3, '2014-12-09 16:49:22', 1, 2),
(118, 5, '2014-12-09 16:49:23', 1, 3),
(119, 5, '2014-12-09 16:49:25', 1, 3),
(120, 8, '2014-12-09 16:49:25', 1, 3),
(121, 12, '2015-01-13 18:05:08', 1, 6),
(122, 13, '2015-01-13 18:05:08', 1, 6),
(123, 12, '2015-01-20 17:00:17', 1, 6),
(124, 13, '2015-01-20 17:00:18', 1, 6),
(125, 12, '2015-01-20 17:04:09', 1, 6),
(126, 13, '2015-01-20 17:04:09', 1, 6),
(127, 12, '2015-01-20 17:05:48', 1, 6),
(128, 13, '2015-01-20 17:05:48', 1, 6),
(129, 12, '2015-01-20 17:50:42', 1, 6),
(130, 13, '2015-01-20 17:50:42', 1, 6),
(131, 12, '2015-01-20 17:51:58', 1, 6),
(132, 13, '2015-01-20 17:51:59', 1, 6),
(133, 12, '2015-01-20 17:52:33', 1, 6),
(134, 13, '2015-01-20 17:52:33', 1, 6),
(135, 15, '2015-02-24 15:15:23', 1, 5),
(136, 15, '2015-02-24 15:16:03', 1, 5),
(137, 4, '2015-02-24 15:58:53', 1, 2),
(138, 12, '2015-02-24 16:40:59', 1, 6),
(139, 13, '2015-02-24 16:41:00', 1, 6),
(140, 12, '2015-02-24 16:41:00', 1, 6),
(141, 13, '2015-02-24 16:41:01', 1, 6),
(142, 12, '2015-02-24 16:41:01', 1, 6),
(143, 13, '2015-02-24 16:41:02', 1, 6),
(144, 12, '2015-02-24 16:41:02', 1, 6),
(145, 13, '2015-02-24 16:41:02', 1, 6),
(146, 12, '2015-02-24 16:41:03', 1, 6),
(147, 13, '2015-02-24 16:41:03', 1, 6),
(148, 12, '2015-02-24 17:00:40', 1, 6),
(149, 13, '2015-02-24 17:00:40', 1, 6),
(150, 12, '2015-02-24 17:06:08', 1, 6),
(151, 13, '2015-02-24 17:06:08', 1, 6),
(152, 12, '2015-02-24 17:06:09', 1, 6),
(153, 13, '2015-02-24 17:06:09', 1, 6),
(154, 12, '2015-02-24 20:00:56', 1, 6),
(155, 13, '2015-02-24 20:00:56', 1, 6),
(156, 12, '2015-02-24 20:00:57', 1, 6),
(157, 13, '2015-02-24 20:00:57', 1, 6),
(158, 12, '2015-02-24 20:00:58', 1, 6),
(159, 13, '2015-02-24 20:00:58', 1, 6);

-- --------------------------------------------------------

--
-- Structure de la table `BasicWorkflowPermissionAssignments`
--

CREATE TABLE IF NOT EXISTS `BasicWorkflowPermissionAssignments` (
  `wfID` int(10) unsigned NOT NULL DEFAULT '0',
  `pkID` int(10) unsigned NOT NULL DEFAULT '0',
  `paID` int(10) unsigned NOT NULL DEFAULT '0',
  PRIMARY KEY (`wfID`,`pkID`,`paID`)
) ENGINE=InnoDB DEFAULT CHARSET=utf8;

-- --------------------------------------------------------

--
-- Structure de la table `BasicWorkflowProgressData`
--

CREATE TABLE IF NOT EXISTS `BasicWorkflowProgressData` (
  `wpID` int(10) unsigned NOT NULL DEFAULT '0',
  `uIDStarted` int(10) unsigned NOT NULL DEFAULT '0',
  `uIDCompleted` int(10) unsigned NOT NULL DEFAULT '0',
  `wpDateCompleted` datetime DEFAULT NULL,
  PRIMARY KEY (`wpID`)
) ENGINE=InnoDB DEFAULT CHARSET=utf8;

-- --------------------------------------------------------

--
-- Structure de la table `BlockPermissionAssignments`
--

CREATE TABLE IF NOT EXISTS `BlockPermissionAssignments` (
  `cID` int(10) unsigned NOT NULL DEFAULT '0',
  `cvID` int(10) unsigned NOT NULL DEFAULT '0',
  `bID` int(10) unsigned NOT NULL DEFAULT '0',
  `pkID` int(10) unsigned NOT NULL DEFAULT '0',
  `paID` int(10) unsigned NOT NULL DEFAULT '0',
  PRIMARY KEY (`cID`,`cvID`,`bID`,`pkID`,`paID`)
) ENGINE=InnoDB DEFAULT CHARSET=utf8;

-- --------------------------------------------------------

--
-- Structure de la table `BlockRelations`
--

CREATE TABLE IF NOT EXISTS `BlockRelations` (
  `brID` int(10) unsigned NOT NULL AUTO_INCREMENT,
  `bID` int(10) unsigned NOT NULL DEFAULT '0',
  `originalBID` int(10) unsigned NOT NULL DEFAULT '0',
  `relationType` varchar(50) NOT NULL,
  PRIMARY KEY (`brID`)
) ENGINE=InnoDB  DEFAULT CHARSET=utf8 AUTO_INCREMENT=85 ;

--
-- Contenu de la table `BlockRelations`
--

INSERT INTO `BlockRelations` (`brID`, `bID`, `originalBID`, `relationType`) VALUES
(1, 28, 26, 'DUPLICATE'),
(2, 29, 19, 'DUPLICATE'),
(3, 30, 23, 'DUPLICATE'),
(4, 31, 27, 'DUPLICATE'),
(5, 32, 17, 'DUPLICATE'),
(6, 33, 21, 'DUPLICATE'),
(7, 34, 25, 'DUPLICATE'),
(8, 35, 15, 'DUPLICATE'),
(9, 36, 29, 'DUPLICATE'),
(10, 37, 30, 'DUPLICATE'),
(11, 38, 36, 'DUPLICATE'),
(12, 44, 42, 'DUPLICATE'),
(13, 47, 46, 'DUPLICATE'),
(14, 55, 43, 'DUPLICATE'),
(15, 56, 47, 'DUPLICATE'),
(16, 61, 57, 'DUPLICATE'),
(17, 62, 59, 'DUPLICATE'),
(18, 63, 60, 'DUPLICATE'),
(19, 64, 61, 'DUPLICATE'),
(20, 65, 62, 'DUPLICATE'),
(21, 66, 63, 'DUPLICATE'),
(22, 82, 73, 'DUPLICATE'),
(23, 83, 82, 'DUPLICATE'),
(24, 84, 77, 'DUPLICATE'),
(25, 85, 81, 'DUPLICATE'),
(26, 86, 76, 'DUPLICATE'),
(27, 87, 80, 'DUPLICATE'),
(28, 88, 75, 'DUPLICATE'),
(29, 89, 79, 'DUPLICATE'),
(30, 101, 90, 'DUPLICATE'),
(31, 102, 98, 'DUPLICATE'),
(32, 103, 91, 'DUPLICATE'),
(33, 104, 93, 'DUPLICATE'),
(34, 107, 106, 'DUPLICATE'),
(35, 124, 121, 'DUPLICATE'),
(36, 125, 123, 'DUPLICATE'),
(37, 126, 119, 'DUPLICATE'),
(38, 127, 124, 'DUPLICATE'),
(39, 128, 125, 'DUPLICATE'),
(40, 129, 127, 'DUPLICATE'),
(41, 130, 128, 'DUPLICATE'),
(42, 132, 131, 'DUPLICATE'),
(43, 133, 132, 'DUPLICATE'),
(44, 134, 133, 'DUPLICATE'),
(45, 140, 139, 'DUPLICATE'),
(46, 141, 140, 'DUPLICATE'),
(47, 142, 141, 'DUPLICATE'),
(48, 143, 142, 'DUPLICATE'),
(49, 144, 143, 'DUPLICATE'),
(50, 151, 149, 'DUPLICATE'),
(51, 152, 144, 'DUPLICATE'),
(52, 153, 151, 'DUPLICATE'),
(53, 154, 148, 'DUPLICATE'),
(54, 155, 153, 'DUPLICATE'),
(55, 156, 150, 'DUPLICATE'),
(56, 157, 152, 'DUPLICATE'),
(57, 158, 155, 'DUPLICATE'),
(58, 159, 156, 'DUPLICATE'),
(59, 160, 158, 'DUPLICATE'),
(60, 161, 157, 'DUPLICATE'),
(61, 165, 164, 'DUPLICATE'),
(62, 166, 163, 'DUPLICATE'),
(63, 168, 167, 'DUPLICATE'),
(64, 169, 168, 'DUPLICATE'),
(65, 170, 169, 'DUPLICATE'),
(66, 172, 170, 'DUPLICATE'),
(67, 175, 161, 'DUPLICATE'),
(68, 176, 174, 'DUPLICATE'),
(69, 177, 162, 'DUPLICATE'),
(70, 178, 83, 'DUPLICATE'),
(71, 179, 72, 'DUPLICATE'),
(72, 180, 86, 'DUPLICATE'),
(73, 181, 87, 'DUPLICATE'),
(74, 182, 104, 'DUPLICATE'),
(75, 183, 94, 'DUPLICATE'),
(76, 184, 95, 'DUPLICATE'),
(77, 185, 96, 'DUPLICATE'),
(78, 186, 97, 'DUPLICATE'),
(79, 187, 118, 'DUPLICATE'),
(80, 188, 120, 'DUPLICATE'),
(81, 189, 122, 'DUPLICATE'),
(82, 190, 145, 'DUPLICATE'),
(83, 191, 146, 'DUPLICATE'),
(84, 192, 147, 'DUPLICATE');

-- --------------------------------------------------------

--
-- Structure de la table `Blocks`
--

CREATE TABLE IF NOT EXISTS `Blocks` (
  `bID` int(10) unsigned NOT NULL AUTO_INCREMENT,
  `bName` varchar(60) DEFAULT NULL,
  `bDateAdded` datetime NOT NULL DEFAULT '0000-00-00 00:00:00',
  `bDateModified` datetime NOT NULL DEFAULT '0000-00-00 00:00:00',
  `bFilename` varchar(255) DEFAULT NULL,
  `bIsActive` varchar(1) NOT NULL DEFAULT '1',
  `btID` int(10) unsigned NOT NULL DEFAULT '0',
  `uID` int(10) unsigned DEFAULT NULL,
  `btCachedBlockRecord` longtext,
  PRIMARY KEY (`bID`)
) ENGINE=InnoDB  DEFAULT CHARSET=utf8 AUTO_INCREMENT=193 ;

--
-- Contenu de la table `Blocks`
--

INSERT INTO `Blocks` (`bID`, `bName`, `bDateAdded`, `bDateModified`, `bFilename`, `bIsActive`, `btID`, `uID`, `btCachedBlockRecord`) VALUES
(1, '', '2014-12-09 16:49:22', '2014-12-09 16:49:22', NULL, '1', 9, 1, 'O:11:"BlockRecord":11:{s:5:"_dbat";i:1;s:6:"_table";s:14:"btContentLocal";s:8:"_tableat";s:14:"btContentLocal";s:6:"_where";N;s:6:"_saved";b:1;s:8:"_lasterr";b:0;s:9:"_original";a:2:{i:0;s:1:"1";i:1;s:161:"	<div id="newsflow-header-first-run"><h1>Welcome to concrete5.</h1>\n						<h2>It''s easy to edit content and add pages using in-context editing.</h2></div>\n						";}s:11:"foreignName";s:11:"blockrecord";s:8:"lockMode";s:12:" for update ";s:3:"bID";s:1:"1";s:7:"content";s:161:"	<div id="newsflow-header-first-run"><h1>Welcome to concrete5.</h1>\n						<h2>It''s easy to edit content and add pages using in-context editing.</h2></div>\n						";}'),
(2, '', '2014-12-09 16:49:22', '2014-12-09 16:49:23', NULL, '1', 9, 1, 'O:11:"BlockRecord":11:{s:5:"_dbat";i:1;s:6:"_table";s:14:"btContentLocal";s:8:"_tableat";s:14:"btContentLocal";s:6:"_where";N;s:6:"_saved";b:1;s:8:"_lasterr";b:0;s:9:"_original";a:2:{i:0;s:1:"2";i:1;s:327:"<div class="newsflow-column-first-run">\n							<h3>Building Your Own Site</h3>\n							<p>Editing with concrete5 is a breeze. Just point and click to make changes.</p>\n							<br/>\n							<p><a href="javascript:void(0)" onclick="ccm_getNewsflowByPath(''/welcome/editors'')" class="btn primary">Editor''s Guide</a></p>\n							</div>";}s:11:"foreignName";s:11:"blockrecord";s:8:"lockMode";s:12:" for update ";s:3:"bID";s:1:"2";s:7:"content";s:327:"<div class="newsflow-column-first-run">\n							<h3>Building Your Own Site</h3>\n							<p>Editing with concrete5 is a breeze. Just point and click to make changes.</p>\n							<br/>\n							<p><a href="javascript:void(0)" onclick="ccm_getNewsflowByPath(''/welcome/editors'')" class="btn primary">Editor''s Guide</a></p>\n							</div>";}'),
(3, '', '2014-12-09 16:49:23', '2014-12-09 16:49:23', NULL, '1', 9, 1, 'O:11:"BlockRecord":11:{s:5:"_dbat";i:1;s:6:"_table";s:14:"btContentLocal";s:8:"_tableat";s:14:"btContentLocal";s:6:"_where";N;s:6:"_saved";b:1;s:8:"_lasterr";b:0;s:9:"_original";a:2:{i:0;s:1:"3";i:1;s:368:"<div class="newsflow-column-first-run">\n							<h3>Developing Applications</h3>\n							<p>If you’re comfortable in PHP concrete5 should be a breeze to learn. Take a few moments to understand the architecture.</p>\n							<p><a href="javascript:void(0)" onclick="ccm_getNewsflowByPath(''/welcome/developers'')" class="btn primary">Developer''s Guide</a></p>\n							</div>";}s:11:"foreignName";s:11:"blockrecord";s:8:"lockMode";s:12:" for update ";s:3:"bID";s:1:"3";s:7:"content";s:368:"<div class="newsflow-column-first-run">\n							<h3>Developing Applications</h3>\n							<p>If you’re comfortable in PHP concrete5 should be a breeze to learn. Take a few moments to understand the architecture.</p>\n							<p><a href="javascript:void(0)" onclick="ccm_getNewsflowByPath(''/welcome/developers'')" class="btn primary">Developer''s Guide</a></p>\n							</div>";}'),
(4, '', '2014-12-09 16:49:23', '2014-12-09 16:49:23', NULL, '1', 9, 1, 'O:11:"BlockRecord":11:{s:5:"_dbat";i:1;s:6:"_table";s:14:"btContentLocal";s:8:"_tableat";s:14:"btContentLocal";s:6:"_where";N;s:6:"_saved";b:1;s:8:"_lasterr";b:0;s:9:"_original";a:2:{i:0;s:1:"4";i:1;s:323:"<div class="newsflow-column-first-run">\n							<h3>Designing Websites</h3>\n							<p>Good with CSS and HTML? You can easily theme anything with concrete5.</p>\n							<br/>\n							<p><a href="javascript:void(0)" onclick="ccm_getNewsflowByPath(''/welcome/designers'')" class="btn primary">Designer''s Guide</a></p>\n							</div>";}s:11:"foreignName";s:11:"blockrecord";s:8:"lockMode";s:12:" for update ";s:3:"bID";s:1:"4";s:7:"content";s:323:"<div class="newsflow-column-first-run">\n							<h3>Designing Websites</h3>\n							<p>Good with CSS and HTML? You can easily theme anything with concrete5.</p>\n							<br/>\n							<p><a href="javascript:void(0)" onclick="ccm_getNewsflowByPath(''/welcome/designers'')" class="btn primary">Designer''s Guide</a></p>\n							</div>";}'),
(5, '', '2014-12-09 16:49:23', '2014-12-09 16:49:23', NULL, '1', 9, 1, 'O:11:"BlockRecord":11:{s:5:"_dbat";i:1;s:6:"_table";s:14:"btContentLocal";s:8:"_tableat";s:14:"btContentLocal";s:6:"_where";N;s:6:"_saved";b:1;s:8:"_lasterr";b:0;s:9:"_original";a:2:{i:0;s:1:"5";i:1;s:346:"\n						<div class="newsflow-column-first-run">\n						<h3>Business Background</h3>\n						<p>Worried about license structures, white-labeling or why concrete5 is a good choice for your agency?</p>\n						<p><a href="javascript:void(0)" onclick="ccm_getNewsflowByPath(''/welcome/executives'')" class="btn primary">Executive''s Guide</a></p>\n						</div>";}s:11:"foreignName";s:11:"blockrecord";s:8:"lockMode";s:12:" for update ";s:3:"bID";s:1:"5";s:7:"content";s:346:"\n						<div class="newsflow-column-first-run">\n						<h3>Business Background</h3>\n						<p>Worried about license structures, white-labeling or why concrete5 is a good choice for your agency?</p>\n						<p><a href="javascript:void(0)" onclick="ccm_getNewsflowByPath(''/welcome/executives'')" class="btn primary">Executive''s Guide</a></p>\n						</div>";}'),
(6, '', '2014-12-09 16:49:24', '2014-12-09 16:49:24', NULL, '1', 6, 1, NULL),
(7, '', '2014-12-09 16:49:24', '2014-12-09 16:49:24', NULL, '1', 7, 1, NULL),
(8, '', '2014-12-09 16:49:24', '2014-12-09 16:49:24', NULL, '1', 5, 1, 'O:11:"BlockRecord":11:{s:5:"_dbat";i:1;s:6:"_table";s:25:"btDashboardNewsflowLatest";s:8:"_tableat";s:25:"btDashboardNewsflowLatest";s:6:"_where";N;s:6:"_saved";b:1;s:8:"_lasterr";b:0;s:9:"_original";a:2:{i:0;s:1:"8";i:1;s:1:"A";}s:11:"foreignName";s:11:"blockrecord";s:8:"lockMode";s:12:" for update ";s:3:"bID";s:1:"8";s:4:"slot";s:1:"A";}'),
(9, '', '2014-12-09 16:49:24', '2014-12-09 16:49:24', NULL, '1', 5, 1, 'O:11:"BlockRecord":11:{s:5:"_dbat";i:1;s:6:"_table";s:25:"btDashboardNewsflowLatest";s:8:"_tableat";s:25:"btDashboardNewsflowLatest";s:6:"_where";N;s:6:"_saved";b:1;s:8:"_lasterr";b:0;s:9:"_original";a:2:{i:0;s:1:"9";i:1;s:1:"B";}s:11:"foreignName";s:11:"blockrecord";s:8:"lockMode";s:12:" for update ";s:3:"bID";s:1:"9";s:4:"slot";s:1:"B";}'),
(10, '', '2014-12-09 16:49:24', '2014-12-09 16:49:25', NULL, '1', 4, 1, NULL),
(11, '', '2014-12-09 16:49:25', '2014-12-09 16:49:25', NULL, '1', 3, 1, NULL),
(12, '', '2014-12-09 16:49:25', '2014-12-09 16:49:25', NULL, '1', 5, 1, 'O:11:"BlockRecord":11:{s:5:"_dbat";i:1;s:6:"_table";s:25:"btDashboardNewsflowLatest";s:8:"_tableat";s:25:"btDashboardNewsflowLatest";s:6:"_where";N;s:6:"_saved";b:1;s:8:"_lasterr";b:0;s:9:"_original";a:2:{i:0;s:2:"12";i:1;s:1:"C";}s:11:"foreignName";s:11:"blockrecord";s:8:"lockMode";s:12:" for update ";s:3:"bID";s:2:"12";s:4:"slot";s:1:"C";}'),
(14, NULL, '2015-01-13 18:15:49', '2015-01-13 18:16:30', NULL, '1', 18, 1, 'O:11:"BlockRecord":18:{s:5:"_dbat";i:1;s:6:"_table";s:14:"btContentImage";s:8:"_tableat";s:14:"btContentImage";s:6:"_where";N;s:6:"_saved";b:1;s:8:"_lasterr";b:0;s:9:"_original";a:9:{i:0;s:2:"14";i:1;s:1:"1";i:2;s:1:"0";i:3;i:0;i:4;i:0;i:5;s:0:"";i:6;i:0;i:7;s:1:"1";i:8;s:9:"bannière";}s:11:"foreignName";s:11:"blockrecord";s:8:"lockMode";s:12:" for update ";s:3:"bID";s:2:"14";s:3:"fID";s:1:"1";s:10:"fOnstateID";s:1:"0";s:8:"maxWidth";i:0;s:9:"maxHeight";i:0;s:12:"externalLink";s:0:"";s:15:"internalLinkCID";i:0;s:27:"forceImageToMatchDimensions";s:1:"1";s:7:"altText";s:9:"bannière";}'),
(15, NULL, '2015-01-20 16:53:01', '2015-01-20 16:53:01', NULL, '1', 17, 1, 'O:11:"BlockRecord":11:{s:5:"_dbat";i:1;s:6:"_table";s:14:"btContentLocal";s:8:"_tableat";s:14:"btContentLocal";s:6:"_where";N;s:6:"_saved";b:1;s:8:"_lasterr";b:0;s:9:"_original";a:2:{i:0;s:2:"15";i:1;s:50:"Lorem ipsum dolor sit amet, consectetur adipiscing";}s:11:"foreignName";s:11:"blockrecord";s:8:"lockMode";s:12:" for update ";s:3:"bID";s:2:"15";s:7:"content";s:50:"Lorem ipsum dolor sit amet, consectetur adipiscing";}'),
(16, NULL, '2015-01-20 16:59:09', '2015-01-20 16:59:09', NULL, '1', 17, 1, 'O:11:"BlockRecord":11:{s:5:"_dbat";i:1;s:6:"_table";s:14:"btContentLocal";s:8:"_tableat";s:14:"btContentLocal";s:6:"_where";N;s:6:"_saved";b:1;s:8:"_lasterr";b:0;s:9:"_original";a:2:{i:0;s:2:"16";i:1;s:13:"Perfect Logic";}s:11:"foreignName";s:11:"blockrecord";s:8:"lockMode";s:12:" for update ";s:3:"bID";s:2:"16";s:7:"content";s:13:"Perfect Logic";}'),
(17, NULL, '2015-01-20 16:59:23', '2015-01-20 16:59:23', NULL, '1', 17, 1, 'O:11:"BlockRecord":11:{s:5:"_dbat";i:1;s:6:"_table";s:14:"btContentLocal";s:8:"_tableat";s:14:"btContentLocal";s:6:"_where";N;s:6:"_saved";b:1;s:8:"_lasterr";b:0;s:9:"_original";a:2:{i:0;s:2:"17";i:1;s:28:"All you want your website do";}s:11:"foreignName";s:11:"blockrecord";s:8:"lockMode";s:12:" for update ";s:3:"bID";s:2:"17";s:7:"content";s:28:"All you want your website do";}'),
(18, NULL, '2015-01-20 17:00:34', '2015-01-20 17:00:34', NULL, '1', 18, 1, 'O:11:"BlockRecord":18:{s:5:"_dbat";i:1;s:6:"_table";s:14:"btContentImage";s:8:"_tableat";s:14:"btContentImage";s:6:"_where";N;s:6:"_saved";b:1;s:8:"_lasterr";b:0;s:9:"_original";a:9:{i:0;s:2:"18";i:1;s:1:"2";i:2;s:1:"0";i:3;i:0;i:4;i:0;i:5;s:0:"";i:6;i:0;i:7;s:1:"0";i:8;s:0:"";}s:11:"foreignName";s:11:"blockrecord";s:8:"lockMode";s:12:" for update ";s:3:"bID";s:2:"18";s:3:"fID";s:1:"2";s:10:"fOnstateID";s:1:"0";s:8:"maxWidth";i:0;s:9:"maxHeight";i:0;s:12:"externalLink";s:0:"";s:15:"internalLinkCID";i:0;s:27:"forceImageToMatchDimensions";s:1:"0";s:7:"altText";s:0:"";}'),
(19, NULL, '2015-01-20 17:00:56', '2015-01-20 17:00:56', NULL, '1', 17, 1, 'O:11:"BlockRecord":11:{s:5:"_dbat";i:1;s:6:"_table";s:14:"btContentLocal";s:8:"_tableat";s:14:"btContentLocal";s:6:"_where";N;s:6:"_saved";b:1;s:8:"_lasterr";b:0;s:9:"_original";a:2:{i:0;s:2:"19";i:1;s:156:"Lorem ipsum dolor sit amet, consectetur adipiscing elit. Phasellus sed lacinia odio. Nulla vehicula velit maximus odio euismod, ac sodales erat condimentum.";}s:11:"foreignName";s:11:"blockrecord";s:8:"lockMode";s:12:" for update ";s:3:"bID";s:2:"19";s:7:"content";s:156:"Lorem ipsum dolor sit amet, consectetur adipiscing elit. Phasellus sed lacinia odio. Nulla vehicula velit maximus odio euismod, ac sodales erat condimentum.";}'),
(20, NULL, '2015-01-20 17:03:40', '2015-01-20 17:03:40', NULL, '1', 17, 1, 'O:11:"BlockRecord":11:{s:5:"_dbat";i:1;s:6:"_table";s:14:"btContentLocal";s:8:"_tableat";s:14:"btContentLocal";s:6:"_where";N;s:6:"_saved";b:1;s:8:"_lasterr";b:0;s:9:"_original";a:2:{i:0;s:2:"20";i:1;s:17:"Complete Solution";}s:11:"foreignName";s:11:"blockrecord";s:8:"lockMode";s:12:" for update ";s:3:"bID";s:2:"20";s:7:"content";s:17:"Complete Solution";}'),
(21, NULL, '2015-01-20 17:03:53', '2015-01-20 17:03:53', NULL, '1', 17, 1, 'O:11:"BlockRecord":11:{s:5:"_dbat";i:1;s:6:"_table";s:14:"btContentLocal";s:8:"_tableat";s:14:"btContentLocal";s:6:"_where";N;s:6:"_saved";b:1;s:8:"_lasterr";b:0;s:9:"_original";a:2:{i:0;s:2:"21";i:1;s:44:"A tool anything and everything you can think";}s:11:"foreignName";s:11:"blockrecord";s:8:"lockMode";s:12:" for update ";s:3:"bID";s:2:"21";s:7:"content";s:44:"A tool anything and everything you can think";}'),
(22, NULL, '2015-01-20 17:04:18', '2015-01-20 17:04:18', NULL, '1', 18, 1, 'O:11:"BlockRecord":18:{s:5:"_dbat";i:1;s:6:"_table";s:14:"btContentImage";s:8:"_tableat";s:14:"btContentImage";s:6:"_where";N;s:6:"_saved";b:1;s:8:"_lasterr";b:0;s:9:"_original";a:9:{i:0;s:2:"22";i:1;s:1:"3";i:2;s:1:"0";i:3;i:0;i:4;i:0;i:5;s:0:"";i:6;i:0;i:7;s:1:"0";i:8;s:0:"";}s:11:"foreignName";s:11:"blockrecord";s:8:"lockMode";s:12:" for update ";s:3:"bID";s:2:"22";s:3:"fID";s:1:"3";s:10:"fOnstateID";s:1:"0";s:8:"maxWidth";i:0;s:9:"maxHeight";i:0;s:12:"externalLink";s:0:"";s:15:"internalLinkCID";i:0;s:27:"forceImageToMatchDimensions";s:1:"0";s:7:"altText";s:0:"";}'),
(23, NULL, '2015-01-20 17:04:35', '2015-01-20 17:04:35', NULL, '1', 17, 1, 'O:11:"BlockRecord":11:{s:5:"_dbat";i:1;s:6:"_table";s:14:"btContentLocal";s:8:"_tableat";s:14:"btContentLocal";s:6:"_where";N;s:6:"_saved";b:1;s:8:"_lasterr";b:0;s:9:"_original";a:2:{i:0;s:2:"23";i:1;s:156:"Lorem ipsum dolor sit amet, consectetur adipiscing elit. Phasellus sed lacinia odio. Nulla vehicula velit maximus odio euismod, ac sodales erat condimentum.";}s:11:"foreignName";s:11:"blockrecord";s:8:"lockMode";s:12:" for update ";s:3:"bID";s:2:"23";s:7:"content";s:156:"Lorem ipsum dolor sit amet, consectetur adipiscing elit. Phasellus sed lacinia odio. Nulla vehicula velit maximus odio euismod, ac sodales erat condimentum.";}'),
(24, NULL, '2015-01-20 17:04:52', '2015-01-20 17:05:28', NULL, '1', 17, 1, 'O:11:"BlockRecord":11:{s:5:"_dbat";i:1;s:6:"_table";s:14:"btContentLocal";s:8:"_tableat";s:14:"btContentLocal";s:6:"_where";N;s:6:"_saved";b:1;s:8:"_lasterr";b:0;s:9:"_original";a:2:{i:0;s:2:"24";i:1;s:12:"Uber Culture";}s:11:"foreignName";s:11:"blockrecord";s:8:"lockMode";s:12:" for update ";s:3:"bID";s:2:"24";s:7:"content";s:12:"Uber Culture";}'),
(25, NULL, '2015-01-20 17:05:08', '2015-01-20 17:05:08', NULL, '1', 17, 1, 'O:11:"BlockRecord":11:{s:5:"_dbat";i:1;s:6:"_table";s:14:"btContentLocal";s:8:"_tableat";s:14:"btContentLocal";s:6:"_where";N;s:6:"_saved";b:1;s:8:"_lasterr";b:0;s:9:"_original";a:2:{i:0;s:2:"25";i:1;s:37:"Fresh, Modern and ready to the future";}s:11:"foreignName";s:11:"blockrecord";s:8:"lockMode";s:12:" for update ";s:3:"bID";s:2:"25";s:7:"content";s:37:"Fresh, Modern and ready to the future";}'),
(26, NULL, '2015-01-20 17:05:56', '2015-01-20 17:05:56', NULL, '1', 18, 1, 'O:11:"BlockRecord":18:{s:5:"_dbat";i:1;s:6:"_table";s:14:"btContentImage";s:8:"_tableat";s:14:"btContentImage";s:6:"_where";N;s:6:"_saved";b:1;s:8:"_lasterr";b:0;s:9:"_original";a:9:{i:0;s:2:"26";i:1;s:1:"4";i:2;s:1:"0";i:3;i:0;i:4;i:0;i:5;s:0:"";i:6;i:0;i:7;s:1:"0";i:8;s:0:"";}s:11:"foreignName";s:11:"blockrecord";s:8:"lockMode";s:12:" for update ";s:3:"bID";s:2:"26";s:3:"fID";s:1:"4";s:10:"fOnstateID";s:1:"0";s:8:"maxWidth";i:0;s:9:"maxHeight";i:0;s:12:"externalLink";s:0:"";s:15:"internalLinkCID";i:0;s:27:"forceImageToMatchDimensions";s:1:"0";s:7:"altText";s:0:"";}'),
(27, NULL, '2015-01-20 17:06:11', '2015-01-20 17:06:11', NULL, '1', 17, 1, 'O:11:"BlockRecord":11:{s:5:"_dbat";i:1;s:6:"_table";s:14:"btContentLocal";s:8:"_tableat";s:14:"btContentLocal";s:6:"_where";N;s:6:"_saved";b:1;s:8:"_lasterr";b:0;s:9:"_original";a:2:{i:0;s:2:"27";i:1;s:156:"Lorem ipsum dolor sit amet, consectetur adipiscing elit. Phasellus sed lacinia odio. Nulla vehicula velit maximus odio euismod, ac sodales erat condimentum.";}s:11:"foreignName";s:11:"blockrecord";s:8:"lockMode";s:12:" for update ";s:3:"bID";s:2:"27";s:7:"content";s:156:"Lorem ipsum dolor sit amet, consectetur adipiscing elit. Phasellus sed lacinia odio. Nulla vehicula velit maximus odio euismod, ac sodales erat condimentum.";}'),
(28, NULL, '2015-01-20 17:07:27', '2015-01-20 17:07:27', NULL, '1', 18, 1, 'O:11:"BlockRecord":18:{s:5:"_dbat";i:1;s:6:"_table";s:14:"btContentImage";s:8:"_tableat";s:14:"btContentImage";s:6:"_where";s:6:"bID=28";s:6:"_saved";b:1;s:8:"_lasterr";b:0;s:9:"_original";a:9:{i:0;s:2:"28";i:1;s:1:"4";i:2;s:1:"0";i:3;s:1:"0";i:4;s:1:"0";i:5;s:0:"";i:6;s:1:"0";i:7;s:1:"0";i:8;s:0:"";}s:11:"foreignName";s:11:"blockrecord";s:8:"lockMode";s:12:" for update ";s:3:"bID";s:2:"28";s:3:"fID";s:1:"4";s:10:"fOnstateID";s:1:"0";s:8:"maxWidth";s:1:"0";s:9:"maxHeight";s:1:"0";s:12:"externalLink";s:0:"";s:15:"internalLinkCID";s:1:"0";s:27:"forceImageToMatchDimensions";s:1:"0";s:7:"altText";s:0:"";}'),
(29, NULL, '2015-01-20 17:08:14', '2015-01-20 17:08:14', NULL, '1', 17, 1, 'O:11:"BlockRecord":11:{s:5:"_dbat";i:1;s:6:"_table";s:14:"btContentLocal";s:8:"_tableat";s:14:"btContentLocal";s:6:"_where";s:6:"bID=29";s:6:"_saved";b:1;s:8:"_lasterr";b:0;s:9:"_original";a:2:{i:0;s:2:"29";i:1;s:156:"Lorem ipsum dolor sit amet, consectetur adipiscing elit. Phasellus sed lacinia odio. Nulla vehicula velit maximus odio euismod, ac sodales erat condimentum.";}s:11:"foreignName";s:11:"blockrecord";s:8:"lockMode";s:12:" for update ";s:3:"bID";s:2:"29";s:7:"content";s:156:"Lorem ipsum dolor sit amet, consectetur adipiscing elit. Phasellus sed lacinia odio. Nulla vehicula velit maximus odio euismod, ac sodales erat condimentum.";}'),
(30, NULL, '2015-01-20 17:09:52', '2015-01-20 17:09:52', NULL, '1', 17, 1, 'O:11:"BlockRecord":11:{s:5:"_dbat";i:1;s:6:"_table";s:14:"btContentLocal";s:8:"_tableat";s:14:"btContentLocal";s:6:"_where";s:6:"bID=30";s:6:"_saved";b:1;s:8:"_lasterr";b:0;s:9:"_original";a:2:{i:0;s:2:"30";i:1;s:156:"Lorem ipsum dolor sit amet, consectetur adipiscing elit. Phasellus sed lacinia odio. Nulla vehicula velit maximus odio euismod, ac sodales erat condimentum.";}s:11:"foreignName";s:11:"blockrecord";s:8:"lockMode";s:12:" for update ";s:3:"bID";s:2:"30";s:7:"content";s:156:"Lorem ipsum dolor sit amet, consectetur adipiscing elit. Phasellus sed lacinia odio. Nulla vehicula velit maximus odio euismod, ac sodales erat condimentum.";}'),
(31, NULL, '2015-01-20 17:10:03', '2015-01-20 17:10:03', NULL, '1', 17, 1, 'O:11:"BlockRecord":11:{s:5:"_dbat";i:1;s:6:"_table";s:14:"btContentLocal";s:8:"_tableat";s:14:"btContentLocal";s:6:"_where";s:6:"bID=31";s:6:"_saved";b:1;s:8:"_lasterr";b:0;s:9:"_original";a:2:{i:0;s:2:"31";i:1;s:156:"Lorem ipsum dolor sit amet, consectetur adipiscing elit. Phasellus sed lacinia odio. Nulla vehicula velit maximus odio euismod, ac sodales erat condimentum.";}s:11:"foreignName";s:11:"blockrecord";s:8:"lockMode";s:12:" for update ";s:3:"bID";s:2:"31";s:7:"content";s:156:"Lorem ipsum dolor sit amet, consectetur adipiscing elit. Phasellus sed lacinia odio. Nulla vehicula velit maximus odio euismod, ac sodales erat condimentum.";}'),
(32, NULL, '2015-01-20 17:10:38', '2015-01-20 17:10:38', NULL, '1', 17, 1, 'O:11:"BlockRecord":11:{s:5:"_dbat";i:1;s:6:"_table";s:14:"btContentLocal";s:8:"_tableat";s:14:"btContentLocal";s:6:"_where";s:6:"bID=32";s:6:"_saved";b:1;s:8:"_lasterr";b:0;s:9:"_original";a:2:{i:0;s:2:"32";i:1;s:28:"All you want your website do";}s:11:"foreignName";s:11:"blockrecord";s:8:"lockMode";s:12:" for update ";s:3:"bID";s:2:"32";s:7:"content";s:28:"All you want your website do";}'),
(33, NULL, '2015-01-20 17:10:48', '2015-01-20 17:10:48', NULL, '1', 17, 1, 'O:11:"BlockRecord":11:{s:5:"_dbat";i:1;s:6:"_table";s:14:"btContentLocal";s:8:"_tableat";s:14:"btContentLocal";s:6:"_where";s:6:"bID=33";s:6:"_saved";b:1;s:8:"_lasterr";b:0;s:9:"_original";a:2:{i:0;s:2:"33";i:1;s:44:"A tool anything and everything you can think";}s:11:"foreignName";s:11:"blockrecord";s:8:"lockMode";s:12:" for update ";s:3:"bID";s:2:"33";s:7:"content";s:44:"A tool anything and everything you can think";}'),
(34, NULL, '2015-01-20 17:10:57', '2015-01-20 17:10:57', NULL, '1', 17, 1, 'O:11:"BlockRecord":11:{s:5:"_dbat";i:1;s:6:"_table";s:14:"btContentLocal";s:8:"_tableat";s:14:"btContentLocal";s:6:"_where";s:6:"bID=34";s:6:"_saved";b:1;s:8:"_lasterr";b:0;s:9:"_original";a:2:{i:0;s:2:"34";i:1;s:37:"Fresh, Modern and ready to the future";}s:11:"foreignName";s:11:"blockrecord";s:8:"lockMode";s:12:" for update ";s:3:"bID";s:2:"34";s:7:"content";s:37:"Fresh, Modern and ready to the future";}'),
(35, NULL, '2015-01-20 17:11:50', '2015-01-20 17:11:50', NULL, '1', 17, 1, 'O:11:"BlockRecord":11:{s:5:"_dbat";i:1;s:6:"_table";s:14:"btContentLocal";s:8:"_tableat";s:14:"btContentLocal";s:6:"_where";s:6:"bID=35";s:6:"_saved";b:1;s:8:"_lasterr";b:0;s:9:"_original";a:2:{i:0;s:2:"35";i:1;s:50:"Lorem ipsum dolor sit amet, consectetur adipiscing";}s:11:"foreignName";s:11:"blockrecord";s:8:"lockMode";s:12:" for update ";s:3:"bID";s:2:"35";s:7:"content";s:50:"Lorem ipsum dolor sit amet, consectetur adipiscing";}'),
(36, NULL, '2015-01-20 17:15:41', '2015-01-20 17:15:41', NULL, '1', 17, 1, 'O:11:"BlockRecord":11:{s:5:"_dbat";i:1;s:6:"_table";s:14:"btContentLocal";s:8:"_tableat";s:14:"btContentLocal";s:6:"_where";s:6:"bID=36";s:6:"_saved";b:1;s:8:"_lasterr";b:0;s:9:"_original";a:2:{i:0;s:2:"36";i:1;s:156:"Lorem ipsum dolor sit amet, consectetur adipiscing elit. Phasellus sed lacinia odio. Nulla vehicula velit maximus odio euismod, ac sodales erat condimentum.";}s:11:"foreignName";s:11:"blockrecord";s:8:"lockMode";s:12:" for update ";s:3:"bID";s:2:"36";s:7:"content";s:156:"Lorem ipsum dolor sit amet, consectetur adipiscing elit. Phasellus sed lacinia odio. Nulla vehicula velit maximus odio euismod, ac sodales erat condimentum.";}'),
(37, NULL, '2015-01-20 17:16:21', '2015-01-20 17:16:21', NULL, '1', 17, 1, 'O:11:"BlockRecord":11:{s:5:"_dbat";i:1;s:6:"_table";s:14:"btContentLocal";s:8:"_tableat";s:14:"btContentLocal";s:6:"_where";s:6:"bID=37";s:6:"_saved";b:1;s:8:"_lasterr";b:0;s:9:"_original";a:2:{i:0;s:2:"37";i:1;s:156:"Lorem ipsum dolor sit amet, consectetur adipiscing elit. Phasellus sed lacinia odio. Nulla vehicula velit maximus odio euismod, ac sodales erat condimentum.";}s:11:"foreignName";s:11:"blockrecord";s:8:"lockMode";s:12:" for update ";s:3:"bID";s:2:"37";s:7:"content";s:156:"Lorem ipsum dolor sit amet, consectetur adipiscing elit. Phasellus sed lacinia odio. Nulla vehicula velit maximus odio euismod, ac sodales erat condimentum.";}'),
(38, NULL, '2015-01-20 17:16:29', '2015-01-20 17:16:29', NULL, '1', 17, 1, 'O:11:"BlockRecord":11:{s:5:"_dbat";i:1;s:6:"_table";s:14:"btContentLocal";s:8:"_tableat";s:14:"btContentLocal";s:6:"_where";s:6:"bID=38";s:6:"_saved";b:1;s:8:"_lasterr";b:0;s:9:"_original";a:2:{i:0;s:2:"38";i:1;s:156:"Lorem ipsum dolor sit amet, consectetur adipiscing elit. Phasellus sed lacinia odio. Nulla vehicula velit maximus odio euismod, ac sodales erat condimentum.";}s:11:"foreignName";s:11:"blockrecord";s:8:"lockMode";s:12:" for update ";s:3:"bID";s:2:"38";s:7:"content";s:156:"Lorem ipsum dolor sit amet, consectetur adipiscing elit. Phasellus sed lacinia odio. Nulla vehicula velit maximus odio euismod, ac sodales erat condimentum.";}'),
(39, NULL, '2015-01-20 17:22:34', '2015-01-20 17:22:34', NULL, '1', 17, 1, 'O:11:"BlockRecord":11:{s:5:"_dbat";i:1;s:6:"_table";s:14:"btContentLocal";s:8:"_tableat";s:14:"btContentLocal";s:6:"_where";N;s:6:"_saved";b:1;s:8:"_lasterr";b:0;s:9:"_original";a:2:{i:0;s:2:"39";i:1;s:17:"Social Connection";}s:11:"foreignName";s:11:"blockrecord";s:8:"lockMode";s:12:" for update ";s:3:"bID";s:2:"39";s:7:"content";s:17:"Social Connection";}'),
(40, NULL, '2015-01-20 17:22:52', '2015-01-20 17:22:52', NULL, '1', 17, 1, 'O:11:"BlockRecord":11:{s:5:"_dbat";i:1;s:6:"_table";s:14:"btContentLocal";s:8:"_tableat";s:14:"btContentLocal";s:6:"_where";N;s:6:"_saved";b:1;s:8:"_lasterr";b:0;s:9:"_original";a:2:{i:0;s:2:"40";i:1;s:84:"Lorem ipsum dolor sit amet, consectetur adipiscing elit. Phasellus sed lacinia odio.";}s:11:"foreignName";s:11:"blockrecord";s:8:"lockMode";s:12:" for update ";s:3:"bID";s:2:"40";s:7:"content";s:84:"Lorem ipsum dolor sit amet, consectetur adipiscing elit. Phasellus sed lacinia odio.";}'),
(41, NULL, '2015-01-20 17:25:57', '2015-01-20 17:25:57', NULL, '1', 17, 1, 'O:11:"BlockRecord":11:{s:5:"_dbat";i:1;s:6:"_table";s:14:"btContentLocal";s:8:"_tableat";s:14:"btContentLocal";s:6:"_where";N;s:6:"_saved";b:1;s:8:"_lasterr";b:0;s:9:"_original";a:2:{i:0;s:2:"41";i:1;s:10:"Newsletter";}s:11:"foreignName";s:11:"blockrecord";s:8:"lockMode";s:12:" for update ";s:3:"bID";s:2:"41";s:7:"content";s:10:"Newsletter";}'),
(42, NULL, '2015-01-20 17:26:09', '2015-01-20 17:26:09', NULL, '1', 17, 1, 'O:11:"BlockRecord":11:{s:5:"_dbat";i:1;s:6:"_table";s:14:"btContentLocal";s:8:"_tableat";s:14:"btContentLocal";s:6:"_where";N;s:6:"_saved";b:1;s:8:"_lasterr";b:0;s:9:"_original";a:2:{i:0;s:2:"42";i:1;s:81:"Entre votre adresse email si vous souhaitez recevoir des news de notre entreprise";}s:11:"foreignName";s:11:"blockrecord";s:8:"lockMode";s:12:" for update ";s:3:"bID";s:2:"42";s:7:"content";s:81:"Entre votre adresse email si vous souhaitez recevoir des news de notre entreprise";}'),
(43, NULL, '2015-01-20 17:29:36', '2015-01-20 17:29:36', NULL, '1', 14, 1, NULL),
(44, NULL, '2015-01-20 17:34:00', '2015-01-20 17:34:00', NULL, '1', 17, 1, 'O:11:"BlockRecord":11:{s:5:"_dbat";i:1;s:6:"_table";s:14:"btContentLocal";s:8:"_tableat";s:14:"btContentLocal";s:6:"_where";N;s:6:"_saved";b:1;s:8:"_lasterr";b:0;s:9:"_original";a:2:{i:0;s:2:"44";i:1;s:82:"Entrez votre adresse email si vous souhaitez recevoir des news de notre entreprise";}s:11:"foreignName";s:11:"blockrecord";s:8:"lockMode";s:12:" for update ";s:3:"bID";s:2:"44";s:7:"content";s:82:"Entrez votre adresse email si vous souhaitez recevoir des news de notre entreprise";}'),
(45, NULL, '2015-01-20 17:35:33', '2015-01-20 17:35:33', NULL, '1', 17, 1, 'O:11:"BlockRecord":11:{s:5:"_dbat";i:1;s:6:"_table";s:14:"btContentLocal";s:8:"_tableat";s:14:"btContentLocal";s:6:"_where";N;s:6:"_saved";b:1;s:8:"_lasterr";b:0;s:9:"_original";a:2:{i:0;s:2:"45";i:1;s:7:"Contact";}s:11:"foreignName";s:11:"blockrecord";s:8:"lockMode";s:12:" for update ";s:3:"bID";s:2:"45";s:7:"content";s:7:"Contact";}'),
(46, NULL, '2015-01-20 17:38:47', '2015-01-20 17:38:47', NULL, '1', 14, 1, NULL),
(47, NULL, '2015-01-20 17:41:04', '2015-01-20 17:43:58', NULL, '1', 14, 1, NULL),
(48, NULL, '2015-01-20 17:50:20', '2015-01-20 17:50:20', NULL, '1', 17, 1, 'O:11:"BlockRecord":11:{s:5:"_dbat";i:1;s:6:"_table";s:14:"btContentLocal";s:8:"_tableat";s:14:"btContentLocal";s:6:"_where";N;s:6:"_saved";b:1;s:8:"_lasterr";b:0;s:9:"_original";a:2:{i:0;s:2:"48";i:1;s:12:"News Updates";}s:11:"foreignName";s:11:"blockrecord";s:8:"lockMode";s:12:" for update ";s:3:"bID";s:2:"48";s:7:"content";s:12:"News Updates";}'),
(49, NULL, '2015-01-20 17:50:51', '2015-01-20 17:50:51', NULL, '1', 18, 1, 'O:11:"BlockRecord":18:{s:5:"_dbat";i:1;s:6:"_table";s:14:"btContentImage";s:8:"_tableat";s:14:"btContentImage";s:6:"_where";N;s:6:"_saved";b:1;s:8:"_lasterr";b:0;s:9:"_original";a:9:{i:0;s:2:"49";i:1;s:1:"5";i:2;s:1:"0";i:3;i:0;i:4;i:0;i:5;s:0:"";i:6;i:0;i:7;s:1:"0";i:8;s:0:"";}s:11:"foreignName";s:11:"blockrecord";s:8:"lockMode";s:12:" for update ";s:3:"bID";s:2:"49";s:3:"fID";s:1:"5";s:10:"fOnstateID";s:1:"0";s:8:"maxWidth";i:0;s:9:"maxHeight";i:0;s:12:"externalLink";s:0:"";s:15:"internalLinkCID";i:0;s:27:"forceImageToMatchDimensions";s:1:"0";s:7:"altText";s:0:"";}'),
(50, NULL, '2015-01-20 17:51:29', '2015-01-20 17:51:29', NULL, '1', 17, 1, 'O:11:"BlockRecord":11:{s:5:"_dbat";i:1;s:6:"_table";s:14:"btContentLocal";s:8:"_tableat";s:14:"btContentLocal";s:6:"_where";N;s:6:"_saved";b:1;s:8:"_lasterr";b:0;s:9:"_original";a:2:{i:0;s:2:"50";i:1;s:84:"Lorem ipsum dolor sit amet, consectetur adipiscing elit. Phasellus sed lacinia odio.";}s:11:"foreignName";s:11:"blockrecord";s:8:"lockMode";s:12:" for update ";s:3:"bID";s:2:"50";s:7:"content";s:84:"Lorem ipsum dolor sit amet, consectetur adipiscing elit. Phasellus sed lacinia odio.";}'),
(51, NULL, '2015-01-20 17:52:07', '2015-01-20 17:52:07', NULL, '1', 18, 1, 'O:11:"BlockRecord":18:{s:5:"_dbat";i:1;s:6:"_table";s:14:"btContentImage";s:8:"_tableat";s:14:"btContentImage";s:6:"_where";N;s:6:"_saved";b:1;s:8:"_lasterr";b:0;s:9:"_original";a:9:{i:0;s:2:"51";i:1;s:1:"6";i:2;s:1:"0";i:3;i:0;i:4;i:0;i:5;s:0:"";i:6;i:0;i:7;s:1:"0";i:8;s:0:"";}s:11:"foreignName";s:11:"blockrecord";s:8:"lockMode";s:12:" for update ";s:3:"bID";s:2:"51";s:3:"fID";s:1:"6";s:10:"fOnstateID";s:1:"0";s:8:"maxWidth";i:0;s:9:"maxHeight";i:0;s:12:"externalLink";s:0:"";s:15:"internalLinkCID";i:0;s:27:"forceImageToMatchDimensions";s:1:"0";s:7:"altText";s:0:"";}'),
(52, NULL, '2015-01-20 17:52:19', '2015-01-20 17:52:19', NULL, '1', 17, 1, 'O:11:"BlockRecord":11:{s:5:"_dbat";i:1;s:6:"_table";s:14:"btContentLocal";s:8:"_tableat";s:14:"btContentLocal";s:6:"_where";N;s:6:"_saved";b:1;s:8:"_lasterr";b:0;s:9:"_original";a:2:{i:0;s:2:"52";i:1;s:84:"Lorem ipsum dolor sit amet, consectetur adipiscing elit. Phasellus sed lacinia odio.";}s:11:"foreignName";s:11:"blockrecord";s:8:"lockMode";s:12:" for update ";s:3:"bID";s:2:"52";s:7:"content";s:84:"Lorem ipsum dolor sit amet, consectetur adipiscing elit. Phasellus sed lacinia odio.";}'),
(53, NULL, '2015-01-20 17:52:41', '2015-01-20 17:52:41', NULL, '1', 18, 1, 'O:11:"BlockRecord":18:{s:5:"_dbat";i:1;s:6:"_table";s:14:"btContentImage";s:8:"_tableat";s:14:"btContentImage";s:6:"_where";N;s:6:"_saved";b:1;s:8:"_lasterr";b:0;s:9:"_original";a:9:{i:0;s:2:"53";i:1;s:1:"7";i:2;s:1:"0";i:3;i:0;i:4;i:0;i:5;s:0:"";i:6;i:0;i:7;s:1:"0";i:8;s:0:"";}s:11:"foreignName";s:11:"blockrecord";s:8:"lockMode";s:12:" for update ";s:3:"bID";s:2:"53";s:3:"fID";s:1:"7";s:10:"fOnstateID";s:1:"0";s:8:"maxWidth";i:0;s:9:"maxHeight";i:0;s:12:"externalLink";s:0:"";s:15:"internalLinkCID";i:0;s:27:"forceImageToMatchDimensions";s:1:"0";s:7:"altText";s:0:"";}'),
(54, NULL, '2015-01-20 17:52:54', '2015-01-20 17:52:54', NULL, '1', 17, 1, 'O:11:"BlockRecord":11:{s:5:"_dbat";i:1;s:6:"_table";s:14:"btContentLocal";s:8:"_tableat";s:14:"btContentLocal";s:6:"_where";N;s:6:"_saved";b:1;s:8:"_lasterr";b:0;s:9:"_original";a:2:{i:0;s:2:"54";i:1;s:84:"Lorem ipsum dolor sit amet, consectetur adipiscing elit. Phasellus sed lacinia odio.";}s:11:"foreignName";s:11:"blockrecord";s:8:"lockMode";s:12:" for update ";s:3:"bID";s:2:"54";s:7:"content";s:84:"Lorem ipsum dolor sit amet, consectetur adipiscing elit. Phasellus sed lacinia odio.";}'),
(55, '', '2015-01-20 17:59:40', '2015-01-20 17:59:40', 'tableless_layout.php', '1', 14, 1, NULL),
(56, '', '2015-01-20 18:00:20', '2015-01-20 18:00:20', 'tableless_layout.php', '1', 14, 1, NULL),
(57, NULL, '2015-02-24 16:13:10', '2015-02-24 16:13:10', NULL, '1', 28, 1, 'O:11:"BlockRecord":12:{s:5:"_dbat";i:1;s:6:"_table";s:12:"btDCHomeNews";s:8:"_tableat";s:12:"btDCHomeNews";s:6:"_where";N;s:6:"_saved";b:1;s:8:"_lasterr";b:0;s:9:"_original";a:3:{i:0;s:2:"57";i:1;s:1:"5";i:2;s:209:"Lorem ipsum dolor sit amet, consectetur adipiscing elit. Vivamus elementum nibh dui, eget dapibus mi bibendum et. Suspendisse potenti. Curabitur nulla sapien, pretium eget diam cursus, blandit suscipit purus. ";}s:11:"foreignName";s:11:"blockrecord";s:8:"lockMode";s:12:" for update ";s:3:"bID";s:2:"57";s:17:"field_1_image_fID";s:1:"5";s:20:"field_2_textbox_text";s:209:"Lorem ipsum dolor sit amet, consectetur adipiscing elit. Vivamus elementum nibh dui, eget dapibus mi bibendum et. Suspendisse potenti. Curabitur nulla sapien, pretium eget diam cursus, blandit suscipit purus. ";}'),
(59, NULL, '2015-02-24 16:32:49', '2015-02-24 16:32:49', NULL, '1', 28, 1, 'O:11:"BlockRecord":12:{s:5:"_dbat";i:1;s:6:"_table";s:12:"btDCHomeNews";s:8:"_tableat";s:12:"btDCHomeNews";s:6:"_where";N;s:6:"_saved";b:1;s:8:"_lasterr";b:0;s:9:"_original";a:3:{i:0;s:2:"59";i:1;s:1:"6";i:2;s:209:"Lorem ipsum dolor sit amet, consectetur adipiscing elit. Vivamus elementum nibh dui, eget dapibus mi bibendum et. Suspendisse potenti. Curabitur nulla sapien, pretium eget diam cursus, blandit suscipit purus. ";}s:11:"foreignName";s:11:"blockrecord";s:8:"lockMode";s:12:" for update ";s:3:"bID";s:2:"59";s:17:"field_1_image_fID";s:1:"6";s:20:"field_2_textbox_text";s:209:"Lorem ipsum dolor sit amet, consectetur adipiscing elit. Vivamus elementum nibh dui, eget dapibus mi bibendum et. Suspendisse potenti. Curabitur nulla sapien, pretium eget diam cursus, blandit suscipit purus. ";}'),
(60, NULL, '2015-02-24 16:33:06', '2015-02-24 16:33:06', NULL, '1', 28, 1, 'O:11:"BlockRecord":12:{s:5:"_dbat";i:1;s:6:"_table";s:12:"btDCHomeNews";s:8:"_tableat";s:12:"btDCHomeNews";s:6:"_where";N;s:6:"_saved";b:1;s:8:"_lasterr";b:0;s:9:"_original";a:3:{i:0;s:2:"60";i:1;s:1:"7";i:2;s:209:"Lorem ipsum dolor sit amet, consectetur adipiscing elit. Vivamus elementum nibh dui, eget dapibus mi bibendum et. Suspendisse potenti. Curabitur nulla sapien, pretium eget diam cursus, blandit suscipit purus. ";}s:11:"foreignName";s:11:"blockrecord";s:8:"lockMode";s:12:" for update ";s:3:"bID";s:2:"60";s:17:"field_1_image_fID";s:1:"7";s:20:"field_2_textbox_text";s:209:"Lorem ipsum dolor sit amet, consectetur adipiscing elit. Vivamus elementum nibh dui, eget dapibus mi bibendum et. Suspendisse potenti. Curabitur nulla sapien, pretium eget diam cursus, blandit suscipit purus. ";}'),
(61, NULL, '2015-02-24 16:33:41', '2015-02-24 16:33:41', NULL, '1', 28, 1, 'O:11:"BlockRecord":12:{s:5:"_dbat";i:1;s:6:"_table";s:12:"btDCHomeNews";s:8:"_tableat";s:12:"btDCHomeNews";s:6:"_where";N;s:6:"_saved";b:1;s:8:"_lasterr";b:0;s:9:"_original";a:3:{i:0;s:2:"61";i:1;s:1:"5";i:2;s:113:"Lorem ipsum dolor sit amet, consectetur adipiscing elit. Vivamus elementum nibh dui, eget dapibus mi bibendum et.";}s:11:"foreignName";s:11:"blockrecord";s:8:"lockMode";s:12:" for update ";s:3:"bID";s:2:"61";s:17:"field_1_image_fID";s:1:"5";s:20:"field_2_textbox_text";s:113:"Lorem ipsum dolor sit amet, consectetur adipiscing elit. Vivamus elementum nibh dui, eget dapibus mi bibendum et.";}'),
(62, NULL, '2015-02-24 16:34:00', '2015-02-24 16:34:00', NULL, '1', 28, 1, 'O:11:"BlockRecord":12:{s:5:"_dbat";i:1;s:6:"_table";s:12:"btDCHomeNews";s:8:"_tableat";s:12:"btDCHomeNews";s:6:"_where";N;s:6:"_saved";b:1;s:8:"_lasterr";b:0;s:9:"_original";a:3:{i:0;s:2:"62";i:1;s:1:"6";i:2;s:113:"Lorem ipsum dolor sit amet, consectetur adipiscing elit. Vivamus elementum nibh dui, eget dapibus mi bibendum et.";}s:11:"foreignName";s:11:"blockrecord";s:8:"lockMode";s:12:" for update ";s:3:"bID";s:2:"62";s:17:"field_1_image_fID";s:1:"6";s:20:"field_2_textbox_text";s:113:"Lorem ipsum dolor sit amet, consectetur adipiscing elit. Vivamus elementum nibh dui, eget dapibus mi bibendum et.";}'),
(63, NULL, '2015-02-24 16:34:10', '2015-02-24 16:34:11', NULL, '1', 28, 1, 'O:11:"BlockRecord":12:{s:5:"_dbat";i:1;s:6:"_table";s:12:"btDCHomeNews";s:8:"_tableat";s:12:"btDCHomeNews";s:6:"_where";N;s:6:"_saved";b:1;s:8:"_lasterr";b:0;s:9:"_original";a:3:{i:0;s:2:"63";i:1;s:1:"7";i:2;s:113:"Lorem ipsum dolor sit amet, consectetur adipiscing elit. Vivamus elementum nibh dui, eget dapibus mi bibendum et.";}s:11:"foreignName";s:11:"blockrecord";s:8:"lockMode";s:12:" for update ";s:3:"bID";s:2:"63";s:17:"field_1_image_fID";s:1:"7";s:20:"field_2_textbox_text";s:113:"Lorem ipsum dolor sit amet, consectetur adipiscing elit. Vivamus elementum nibh dui, eget dapibus mi bibendum et.";}'),
(64, NULL, '2015-02-24 16:35:22', '2015-02-24 16:35:22', NULL, '1', 28, 1, 'O:11:"BlockRecord":12:{s:5:"_dbat";i:1;s:6:"_table";s:12:"btDCHomeNews";s:8:"_tableat";s:12:"btDCHomeNews";s:6:"_where";s:6:"bID=64";s:6:"_saved";b:1;s:8:"_lasterr";b:0;s:9:"_original";a:3:{i:0;s:2:"64";i:1;s:1:"5";i:2;s:113:"Lorem ipsum dolor sit amet, consectetur adipiscing elit. Vivamus elementum nibh dui, eget dapibus mi bibendum et.";}s:11:"foreignName";s:11:"blockrecord";s:8:"lockMode";s:12:" for update ";s:3:"bID";s:2:"64";s:17:"field_1_image_fID";s:1:"5";s:20:"field_2_textbox_text";s:113:"Lorem ipsum dolor sit amet, consectetur adipiscing elit. Vivamus elementum nibh dui, eget dapibus mi bibendum et.";}'),
(65, NULL, '2015-02-24 16:35:34', '2015-02-24 16:35:34', NULL, '1', 28, 1, 'O:11:"BlockRecord":12:{s:5:"_dbat";i:1;s:6:"_table";s:12:"btDCHomeNews";s:8:"_tableat";s:12:"btDCHomeNews";s:6:"_where";s:6:"bID=65";s:6:"_saved";b:1;s:8:"_lasterr";b:0;s:9:"_original";a:3:{i:0;s:2:"65";i:1;s:1:"6";i:2;s:113:"Lorem ipsum dolor sit amet, consectetur adipiscing elit. Vivamus elementum nibh dui, eget dapibus mi bibendum et.";}s:11:"foreignName";s:11:"blockrecord";s:8:"lockMode";s:12:" for update ";s:3:"bID";s:2:"65";s:17:"field_1_image_fID";s:1:"6";s:20:"field_2_textbox_text";s:113:"Lorem ipsum dolor sit amet, consectetur adipiscing elit. Vivamus elementum nibh dui, eget dapibus mi bibendum et.";}'),
(66, NULL, '2015-02-24 16:35:56', '2015-02-24 16:35:56', NULL, '1', 28, 1, 'O:11:"BlockRecord":12:{s:5:"_dbat";i:1;s:6:"_table";s:12:"btDCHomeNews";s:8:"_tableat";s:12:"btDCHomeNews";s:6:"_where";s:6:"bID=66";s:6:"_saved";b:1;s:8:"_lasterr";b:0;s:9:"_original";a:3:{i:0;s:2:"66";i:1;s:1:"7";i:2;s:113:"Lorem ipsum dolor sit amet, consectetur adipiscing elit. Vivamus elementum nibh dui, eget dapibus mi bibendum et.";}s:11:"foreignName";s:11:"blockrecord";s:8:"lockMode";s:12:" for update ";s:3:"bID";s:2:"66";s:17:"field_1_image_fID";s:1:"7";s:20:"field_2_textbox_text";s:113:"Lorem ipsum dolor sit amet, consectetur adipiscing elit. Vivamus elementum nibh dui, eget dapibus mi bibendum et.";}'),
(67, NULL, '2015-02-24 16:41:47', '2015-02-24 16:43:28', NULL, '1', 18, 1, 'O:11:"BlockRecord":18:{s:5:"_dbat";i:1;s:6:"_table";s:14:"btContentImage";s:8:"_tableat";s:14:"btContentImage";s:6:"_where";N;s:6:"_saved";b:1;s:8:"_lasterr";b:0;s:9:"_original";a:9:{i:0;s:2:"67";i:1;s:2:"10";i:2;s:1:"0";i:3;i:0;i:4;i:0;i:5;s:1:"#";i:6;i:0;i:7;s:1:"0";i:8;s:0:"";}s:11:"foreignName";s:11:"blockrecord";s:8:"lockMode";s:12:" for update ";s:3:"bID";s:2:"67";s:3:"fID";s:2:"10";s:10:"fOnstateID";s:1:"0";s:8:"maxWidth";i:0;s:9:"maxHeight";i:0;s:12:"externalLink";s:1:"#";s:15:"internalLinkCID";i:0;s:27:"forceImageToMatchDimensions";s:1:"0";s:7:"altText";s:0:"";}'),
(68, NULL, '2015-02-24 16:42:11', '2015-02-24 16:42:11', NULL, '1', 18, 1, 'O:11:"BlockRecord":18:{s:5:"_dbat";i:1;s:6:"_table";s:14:"btContentImage";s:8:"_tableat";s:14:"btContentImage";s:6:"_where";N;s:6:"_saved";b:1;s:8:"_lasterr";b:0;s:9:"_original";a:9:{i:0;s:2:"68";i:1;s:1:"8";i:2;s:1:"0";i:3;i:0;i:4;i:0;i:5;s:1:"#";i:6;i:0;i:7;s:1:"0";i:8;s:0:"";}s:11:"foreignName";s:11:"blockrecord";s:8:"lockMode";s:12:" for update ";s:3:"bID";s:2:"68";s:3:"fID";s:1:"8";s:10:"fOnstateID";s:1:"0";s:8:"maxWidth";i:0;s:9:"maxHeight";i:0;s:12:"externalLink";s:1:"#";s:15:"internalLinkCID";i:0;s:27:"forceImageToMatchDimensions";s:1:"0";s:7:"altText";s:0:"";}'),
(69, NULL, '2015-02-24 17:06:35', '2015-02-24 17:06:35', NULL, '1', 23, 1, 'O:11:"BlockRecord":14:{s:5:"_dbat";i:1;s:6:"_table";s:11:"btSlideshow";s:8:"_tableat";s:11:"btSlideshow";s:6:"_where";N;s:6:"_saved";b:1;s:8:"_lasterr";b:0;s:9:"_original";a:5:{i:0;s:2:"69";i:1;i:0;i:2;s:5:"ORDER";i:3;N;i:4;N;}s:11:"foreignName";s:11:"blockrecord";s:8:"lockMode";s:12:" for update ";s:3:"bID";s:2:"69";s:4:"fsID";i:0;s:8:"playback";s:5:"ORDER";s:8:"duration";N;s:12:"fadeDuration";N;}'),
(70, NULL, '2015-02-24 17:09:03', '2015-02-24 17:09:03', NULL, '1', 17, 1, 'O:11:"BlockRecord":11:{s:5:"_dbat";i:1;s:6:"_table";s:14:"btContentLocal";s:8:"_tableat";s:14:"btContentLocal";s:6:"_where";N;s:6:"_saved";b:1;s:8:"_lasterr";b:0;s:9:"_original";a:2:{i:0;s:2:"70";i:1;s:22:"<h2>Perfect Logic</h2>";}s:11:"foreignName";s:11:"blockrecord";s:8:"lockMode";s:12:" for update ";s:3:"bID";s:2:"70";s:7:"content";s:22:"<h2>Perfect Logic</h2>";}'),
(71, NULL, '2015-02-24 17:09:33', '2015-02-24 17:09:33', NULL, '1', 17, 1, 'O:11:"BlockRecord":11:{s:5:"_dbat";i:1;s:6:"_table";s:14:"btContentLocal";s:8:"_tableat";s:14:"btContentLocal";s:6:"_where";N;s:6:"_saved";b:1;s:8:"_lasterr";b:0;s:9:"_original";a:2:{i:0;s:2:"71";i:1;s:35:"<p>All you want your website do</p>";}s:11:"foreignName";s:11:"blockrecord";s:8:"lockMode";s:12:" for update ";s:3:"bID";s:2:"71";s:7:"content";s:35:"<p>All you want your website do</p>";}'),
(72, NULL, '2015-02-24 17:10:21', '2015-02-24 17:10:21', NULL, '1', 18, 1, 'O:11:"BlockRecord":18:{s:5:"_dbat";i:1;s:6:"_table";s:14:"btContentImage";s:8:"_tableat";s:14:"btContentImage";s:6:"_where";N;s:6:"_saved";b:1;s:8:"_lasterr";b:0;s:9:"_original";a:9:{i:0;s:2:"72";i:1;s:1:"2";i:2;s:1:"0";i:3;i:0;i:4;i:0;i:5;s:0:"";i:6;i:0;i:7;s:1:"0";i:8;s:0:"";}s:11:"foreignName";s:11:"blockrecord";s:8:"lockMode";s:12:" for update ";s:3:"bID";s:2:"72";s:3:"fID";s:1:"2";s:10:"fOnstateID";s:1:"0";s:8:"maxWidth";i:0;s:9:"maxHeight";i:0;s:12:"externalLink";s:0:"";s:15:"internalLinkCID";i:0;s:27:"forceImageToMatchDimensions";s:1:"0";s:7:"altText";s:0:"";}'),
(73, NULL, '2015-02-24 17:11:07', '2015-02-24 17:11:07', NULL, '1', 17, 1, 'O:11:"BlockRecord":11:{s:5:"_dbat";i:1;s:6:"_table";s:14:"btContentLocal";s:8:"_tableat";s:14:"btContentLocal";s:6:"_where";N;s:6:"_saved";b:1;s:8:"_lasterr";b:0;s:9:"_original";a:2:{i:0;s:2:"73";i:1;s:156:"Lorem ipsum dolor sit amet, consectetur adipiscing elit. Phasellus sed lacinia odio. Nulla vehicula velit maximus odio euismod, ac sodales erat condimentum.";}s:11:"foreignName";s:11:"blockrecord";s:8:"lockMode";s:12:" for update ";s:3:"bID";s:2:"73";s:7:"content";s:156:"Lorem ipsum dolor sit amet, consectetur adipiscing elit. Phasellus sed lacinia odio. Nulla vehicula velit maximus odio euismod, ac sodales erat condimentum.";}'),
(74, NULL, '2015-02-24 17:13:36', '2015-02-24 17:13:36', NULL, '1', 17, 1, 'O:11:"BlockRecord":11:{s:5:"_dbat";i:1;s:6:"_table";s:14:"btContentLocal";s:8:"_tableat";s:14:"btContentLocal";s:6:"_where";N;s:6:"_saved";b:1;s:8:"_lasterr";b:0;s:9:"_original";a:2:{i:0;s:2:"74";i:1;s:26:"<h2>Complete Solution</h2>";}s:11:"foreignName";s:11:"blockrecord";s:8:"lockMode";s:12:" for update ";s:3:"bID";s:2:"74";s:7:"content";s:26:"<h2>Complete Solution</h2>";}'),
(75, NULL, '2015-02-24 17:13:51', '2015-02-24 17:13:51', NULL, '1', 17, 1, 'O:11:"BlockRecord":11:{s:5:"_dbat";i:1;s:6:"_table";s:14:"btContentLocal";s:8:"_tableat";s:14:"btContentLocal";s:6:"_where";N;s:6:"_saved";b:1;s:8:"_lasterr";b:0;s:9:"_original";a:2:{i:0;s:2:"75";i:1;s:44:"A tool anything and everything you can think";}s:11:"foreignName";s:11:"blockrecord";s:8:"lockMode";s:12:" for update ";s:3:"bID";s:2:"75";s:7:"content";s:44:"A tool anything and everything you can think";}'),
(76, NULL, '2015-02-24 17:14:08', '2015-02-24 17:14:08', NULL, '1', 18, 1, 'O:11:"BlockRecord":18:{s:5:"_dbat";i:1;s:6:"_table";s:14:"btContentImage";s:8:"_tableat";s:14:"btContentImage";s:6:"_where";N;s:6:"_saved";b:1;s:8:"_lasterr";b:0;s:9:"_original";a:9:{i:0;s:2:"76";i:1;s:1:"3";i:2;s:1:"0";i:3;i:0;i:4;i:0;i:5;s:0:"";i:6;i:0;i:7;s:1:"0";i:8;s:0:"";}s:11:"foreignName";s:11:"blockrecord";s:8:"lockMode";s:12:" for update ";s:3:"bID";s:2:"76";s:3:"fID";s:1:"3";s:10:"fOnstateID";s:1:"0";s:8:"maxWidth";i:0;s:9:"maxHeight";i:0;s:12:"externalLink";s:0:"";s:15:"internalLinkCID";i:0;s:27:"forceImageToMatchDimensions";s:1:"0";s:7:"altText";s:0:"";}'),
(77, NULL, '2015-02-24 17:14:29', '2015-02-24 17:14:29', NULL, '1', 17, 1, 'O:11:"BlockRecord":11:{s:5:"_dbat";i:1;s:6:"_table";s:14:"btContentLocal";s:8:"_tableat";s:14:"btContentLocal";s:6:"_where";N;s:6:"_saved";b:1;s:8:"_lasterr";b:0;s:9:"_original";a:2:{i:0;s:2:"77";i:1;s:156:"Lorem ipsum dolor sit amet, consectetur adipiscing elit. Phasellus sed lacinia odio. Nulla vehicula velit maximus odio euismod, ac sodales erat condimentum.";}s:11:"foreignName";s:11:"blockrecord";s:8:"lockMode";s:12:" for update ";s:3:"bID";s:2:"77";s:7:"content";s:156:"Lorem ipsum dolor sit amet, consectetur adipiscing elit. Phasellus sed lacinia odio. Nulla vehicula velit maximus odio euismod, ac sodales erat condimentum.";}'),
(78, NULL, '2015-02-24 17:14:51', '2015-02-24 17:14:51', NULL, '1', 17, 1, 'O:11:"BlockRecord":11:{s:5:"_dbat";i:1;s:6:"_table";s:14:"btContentLocal";s:8:"_tableat";s:14:"btContentLocal";s:6:"_where";N;s:6:"_saved";b:1;s:8:"_lasterr";b:0;s:9:"_original";a:2:{i:0;s:2:"78";i:1;s:21:"<h2>Uber Culture</h2>";}s:11:"foreignName";s:11:"blockrecord";s:8:"lockMode";s:12:" for update ";s:3:"bID";s:2:"78";s:7:"content";s:21:"<h2>Uber Culture</h2>";}'),
(79, NULL, '2015-02-24 17:15:05', '2015-02-24 17:15:05', NULL, '1', 17, 1, 'O:11:"BlockRecord":11:{s:5:"_dbat";i:1;s:6:"_table";s:14:"btContentLocal";s:8:"_tableat";s:14:"btContentLocal";s:6:"_where";N;s:6:"_saved";b:1;s:8:"_lasterr";b:0;s:9:"_original";a:2:{i:0;s:2:"79";i:1;s:37:"Fresh, Modern and ready to the future";}s:11:"foreignName";s:11:"blockrecord";s:8:"lockMode";s:12:" for update ";s:3:"bID";s:2:"79";s:7:"content";s:37:"Fresh, Modern and ready to the future";}'),
(80, NULL, '2015-02-24 17:15:25', '2015-02-24 17:15:25', NULL, '1', 18, 1, 'O:11:"BlockRecord":18:{s:5:"_dbat";i:1;s:6:"_table";s:14:"btContentImage";s:8:"_tableat";s:14:"btContentImage";s:6:"_where";N;s:6:"_saved";b:1;s:8:"_lasterr";b:0;s:9:"_original";a:9:{i:0;s:2:"80";i:1;s:1:"4";i:2;s:1:"0";i:3;i:0;i:4;i:0;i:5;s:0:"";i:6;i:0;i:7;s:1:"0";i:8;s:0:"";}s:11:"foreignName";s:11:"blockrecord";s:8:"lockMode";s:12:" for update ";s:3:"bID";s:2:"80";s:3:"fID";s:1:"4";s:10:"fOnstateID";s:1:"0";s:8:"maxWidth";i:0;s:9:"maxHeight";i:0;s:12:"externalLink";s:0:"";s:15:"internalLinkCID";i:0;s:27:"forceImageToMatchDimensions";s:1:"0";s:7:"altText";s:0:"";}'),
(81, NULL, '2015-02-24 17:15:56', '2015-02-24 17:15:56', NULL, '1', 17, 1, 'O:11:"BlockRecord":11:{s:5:"_dbat";i:1;s:6:"_table";s:14:"btContentLocal";s:8:"_tableat";s:14:"btContentLocal";s:6:"_where";N;s:6:"_saved";b:1;s:8:"_lasterr";b:0;s:9:"_original";a:2:{i:0;s:2:"81";i:1;s:163:"<p>Lorem ipsum dolor sit amet, consectetur adipiscing elit. Phasellus sed lacinia odio. Nulla vehicula velit maximus odio euismod, ac sodales erat condimentum.</p>";}s:11:"foreignName";s:11:"blockrecord";s:8:"lockMode";s:12:" for update ";s:3:"bID";s:2:"81";s:7:"content";s:163:"<p>Lorem ipsum dolor sit amet, consectetur adipiscing elit. Phasellus sed lacinia odio. Nulla vehicula velit maximus odio euismod, ac sodales erat condimentum.</p>";}'),
(82, NULL, '2015-02-24 17:16:20', '2015-02-24 17:16:20', NULL, '1', 17, 1, 'O:11:"BlockRecord":11:{s:5:"_dbat";i:1;s:6:"_table";s:14:"btContentLocal";s:8:"_tableat";s:14:"btContentLocal";s:6:"_where";N;s:6:"_saved";b:1;s:8:"_lasterr";b:0;s:9:"_original";a:2:{i:0;s:2:"82";i:1;s:163:"<p>Lorem ipsum dolor sit amet, consectetur adipiscing elit. Phasellus sed lacinia odio. Nulla vehicula velit maximus odio euismod, ac sodales erat condimentum.</p>";}s:11:"foreignName";s:11:"blockrecord";s:8:"lockMode";s:12:" for update ";s:3:"bID";s:2:"82";s:7:"content";s:163:"<p>Lorem ipsum dolor sit amet, consectetur adipiscing elit. Phasellus sed lacinia odio. Nulla vehicula velit maximus odio euismod, ac sodales erat condimentum.</p>";}'),
(83, NULL, '2015-02-24 17:17:31', '2015-02-24 17:17:32', NULL, '1', 17, 1, 'O:11:"BlockRecord":11:{s:5:"_dbat";i:1;s:6:"_table";s:14:"btContentLocal";s:8:"_tableat";s:14:"btContentLocal";s:6:"_where";N;s:6:"_saved";b:1;s:8:"_lasterr";b:0;s:9:"_original";a:2:{i:0;s:2:"83";i:1;s:163:"<p>Lorem ipsum dolor sit amet, consectetur adipiscing elit. Phasellus sed lacinia odio. Nulla vehicula velit maximus odio euismod, ac sodales erat condimentum.</p>";}s:11:"foreignName";s:11:"blockrecord";s:8:"lockMode";s:12:" for update ";s:3:"bID";s:2:"83";s:7:"content";s:163:"<p>Lorem ipsum dolor sit amet, consectetur adipiscing elit. Phasellus sed lacinia odio. Nulla vehicula velit maximus odio euismod, ac sodales erat condimentum.</p>";}'),
(84, NULL, '2015-02-24 17:18:02', '2015-02-24 17:18:02', NULL, '1', 17, 1, 'O:11:"BlockRecord":11:{s:5:"_dbat";i:1;s:6:"_table";s:14:"btContentLocal";s:8:"_tableat";s:14:"btContentLocal";s:6:"_where";s:6:"bID=84";s:6:"_saved";b:1;s:8:"_lasterr";b:0;s:9:"_original";a:2:{i:0;s:2:"84";i:1;s:156:"Lorem ipsum dolor sit amet, consectetur adipiscing elit. Phasellus sed lacinia odio. Nulla vehicula velit maximus odio euismod, ac sodales erat condimentum.";}s:11:"foreignName";s:11:"blockrecord";s:8:"lockMode";s:12:" for update ";s:3:"bID";s:2:"84";s:7:"content";s:156:"Lorem ipsum dolor sit amet, consectetur adipiscing elit. Phasellus sed lacinia odio. Nulla vehicula velit maximus odio euismod, ac sodales erat condimentum.";}'),
(85, NULL, '2015-02-24 17:18:10', '2015-02-24 17:18:10', NULL, '1', 17, 1, 'O:11:"BlockRecord":11:{s:5:"_dbat";i:1;s:6:"_table";s:14:"btContentLocal";s:8:"_tableat";s:14:"btContentLocal";s:6:"_where";s:6:"bID=85";s:6:"_saved";b:1;s:8:"_lasterr";b:0;s:9:"_original";a:2:{i:0;s:2:"85";i:1;s:163:"<p>Lorem ipsum dolor sit amet, consectetur adipiscing elit. Phasellus sed lacinia odio. Nulla vehicula velit maximus odio euismod, ac sodales erat condimentum.</p>";}s:11:"foreignName";s:11:"blockrecord";s:8:"lockMode";s:12:" for update ";s:3:"bID";s:2:"85";s:7:"content";s:163:"<p>Lorem ipsum dolor sit amet, consectetur adipiscing elit. Phasellus sed lacinia odio. Nulla vehicula velit maximus odio euismod, ac sodales erat condimentum.</p>";}'),
(86, NULL, '2015-02-24 17:18:31', '2015-02-24 17:18:31', NULL, '1', 18, 1, 'O:11:"BlockRecord":18:{s:5:"_dbat";i:1;s:6:"_table";s:14:"btContentImage";s:8:"_tableat";s:14:"btContentImage";s:6:"_where";s:6:"bID=86";s:6:"_saved";b:1;s:8:"_lasterr";b:0;s:9:"_original";a:9:{i:0;s:2:"86";i:1;s:1:"3";i:2;s:1:"0";i:3;s:1:"0";i:4;s:1:"0";i:5;s:0:"";i:6;s:1:"0";i:7;s:1:"0";i:8;s:0:"";}s:11:"foreignName";s:11:"blockrecord";s:8:"lockMode";s:12:" for update ";s:3:"bID";s:2:"86";s:3:"fID";s:1:"3";s:10:"fOnstateID";s:1:"0";s:8:"maxWidth";s:1:"0";s:9:"maxHeight";s:1:"0";s:12:"externalLink";s:0:"";s:15:"internalLinkCID";s:1:"0";s:27:"forceImageToMatchDimensions";s:1:"0";s:7:"altText";s:0:"";}'),
(87, NULL, '2015-02-24 17:18:43', '2015-02-24 17:18:43', NULL, '1', 18, 1, 'O:11:"BlockRecord":18:{s:5:"_dbat";i:1;s:6:"_table";s:14:"btContentImage";s:8:"_tableat";s:14:"btContentImage";s:6:"_where";s:6:"bID=87";s:6:"_saved";b:1;s:8:"_lasterr";b:0;s:9:"_original";a:9:{i:0;s:2:"87";i:1;s:1:"4";i:2;s:1:"0";i:3;s:1:"0";i:4;s:1:"0";i:5;s:0:"";i:6;s:1:"0";i:7;s:1:"0";i:8;s:0:"";}s:11:"foreignName";s:11:"blockrecord";s:8:"lockMode";s:12:" for update ";s:3:"bID";s:2:"87";s:3:"fID";s:1:"4";s:10:"fOnstateID";s:1:"0";s:8:"maxWidth";s:1:"0";s:9:"maxHeight";s:1:"0";s:12:"externalLink";s:0:"";s:15:"internalLinkCID";s:1:"0";s:27:"forceImageToMatchDimensions";s:1:"0";s:7:"altText";s:0:"";}'),
(88, NULL, '2015-02-24 17:18:55', '2015-02-24 17:18:55', NULL, '1', 17, 1, 'O:11:"BlockRecord":11:{s:5:"_dbat";i:1;s:6:"_table";s:14:"btContentLocal";s:8:"_tableat";s:14:"btContentLocal";s:6:"_where";s:6:"bID=88";s:6:"_saved";b:1;s:8:"_lasterr";b:0;s:9:"_original";a:2:{i:0;s:2:"88";i:1;s:44:"A tool anything and everything you can think";}s:11:"foreignName";s:11:"blockrecord";s:8:"lockMode";s:12:" for update ";s:3:"bID";s:2:"88";s:7:"content";s:44:"A tool anything and everything you can think";}');
INSERT INTO `Blocks` (`bID`, `bName`, `bDateAdded`, `bDateModified`, `bFilename`, `bIsActive`, `btID`, `uID`, `btCachedBlockRecord`) VALUES
(89, NULL, '2015-02-24 17:19:06', '2015-02-24 17:19:06', NULL, '1', 17, 1, 'O:11:"BlockRecord":11:{s:5:"_dbat";i:1;s:6:"_table";s:14:"btContentLocal";s:8:"_tableat";s:14:"btContentLocal";s:6:"_where";s:6:"bID=89";s:6:"_saved";b:1;s:8:"_lasterr";b:0;s:9:"_original";a:2:{i:0;s:2:"89";i:1;s:37:"Fresh, Modern and ready to the future";}s:11:"foreignName";s:11:"blockrecord";s:8:"lockMode";s:12:" for update ";s:3:"bID";s:2:"89";s:7:"content";s:37:"Fresh, Modern and ready to the future";}'),
(90, NULL, '2015-02-24 17:23:46', '2015-02-24 17:23:46', NULL, '1', 17, 1, 'O:11:"BlockRecord":11:{s:5:"_dbat";i:1;s:6:"_table";s:14:"btContentLocal";s:8:"_tableat";s:14:"btContentLocal";s:6:"_where";N;s:6:"_saved";b:1;s:8:"_lasterr";b:0;s:9:"_original";a:2:{i:0;s:2:"90";i:1;s:53:"<h2>Social Connection</h2>\r\n<hr align="center"> </hr>";}s:11:"foreignName";s:11:"blockrecord";s:8:"lockMode";s:12:" for update ";s:3:"bID";s:2:"90";s:7:"content";s:53:"<h2>Social Connection</h2>\r\n<hr align="center"> </hr>";}'),
(91, NULL, '2015-02-24 17:24:33', '2015-02-24 17:24:33', NULL, '1', 17, 1, 'O:11:"BlockRecord":11:{s:5:"_dbat";i:1;s:6:"_table";s:14:"btContentLocal";s:8:"_tableat";s:14:"btContentLocal";s:6:"_where";N;s:6:"_saved";b:1;s:8:"_lasterr";b:0;s:9:"_original";a:2:{i:0;s:2:"91";i:1;s:91:"<p>Lorem ipsum dolor sit amet, consectetur adipiscing elit. Phasellus sed lacinia odio.</p>";}s:11:"foreignName";s:11:"blockrecord";s:8:"lockMode";s:12:" for update ";s:3:"bID";s:2:"91";s:7:"content";s:91:"<p>Lorem ipsum dolor sit amet, consectetur adipiscing elit. Phasellus sed lacinia odio.</p>";}'),
(93, NULL, '2015-02-24 17:30:18', '2015-02-24 17:30:18', NULL, '1', 18, 1, 'O:11:"BlockRecord":18:{s:5:"_dbat";i:1;s:6:"_table";s:14:"btContentImage";s:8:"_tableat";s:14:"btContentImage";s:6:"_where";N;s:6:"_saved";b:1;s:8:"_lasterr";b:0;s:9:"_original";a:9:{i:0;s:2:"93";i:1;s:2:"10";i:2;s:1:"0";i:3;i:0;i:4;i:0;i:5;s:0:"";i:6;i:0;i:7;s:1:"0";i:8;s:0:"";}s:11:"foreignName";s:11:"blockrecord";s:8:"lockMode";s:12:" for update ";s:3:"bID";s:2:"93";s:3:"fID";s:2:"10";s:10:"fOnstateID";s:1:"0";s:8:"maxWidth";i:0;s:9:"maxHeight";i:0;s:12:"externalLink";s:0:"";s:15:"internalLinkCID";i:0;s:27:"forceImageToMatchDimensions";s:1:"0";s:7:"altText";s:0:"";}'),
(94, NULL, '2015-02-24 17:30:33', '2015-02-24 17:30:33', NULL, '1', 18, 1, 'O:11:"BlockRecord":18:{s:5:"_dbat";i:1;s:6:"_table";s:14:"btContentImage";s:8:"_tableat";s:14:"btContentImage";s:6:"_where";N;s:6:"_saved";b:1;s:8:"_lasterr";b:0;s:9:"_original";a:9:{i:0;s:2:"94";i:1;s:1:"8";i:2;s:1:"0";i:3;i:0;i:4;i:0;i:5;s:0:"";i:6;i:0;i:7;s:1:"0";i:8;s:0:"";}s:11:"foreignName";s:11:"blockrecord";s:8:"lockMode";s:12:" for update ";s:3:"bID";s:2:"94";s:3:"fID";s:1:"8";s:10:"fOnstateID";s:1:"0";s:8:"maxWidth";i:0;s:9:"maxHeight";i:0;s:12:"externalLink";s:0:"";s:15:"internalLinkCID";i:0;s:27:"forceImageToMatchDimensions";s:1:"0";s:7:"altText";s:0:"";}'),
(95, NULL, '2015-02-24 17:30:48', '2015-02-24 17:30:48', NULL, '1', 18, 1, 'O:11:"BlockRecord":18:{s:5:"_dbat";i:1;s:6:"_table";s:14:"btContentImage";s:8:"_tableat";s:14:"btContentImage";s:6:"_where";N;s:6:"_saved";b:1;s:8:"_lasterr";b:0;s:9:"_original";a:9:{i:0;s:2:"95";i:1;s:1:"9";i:2;s:1:"0";i:3;i:0;i:4;i:0;i:5;s:0:"";i:6;i:0;i:7;s:1:"0";i:8;s:0:"";}s:11:"foreignName";s:11:"blockrecord";s:8:"lockMode";s:12:" for update ";s:3:"bID";s:2:"95";s:3:"fID";s:1:"9";s:10:"fOnstateID";s:1:"0";s:8:"maxWidth";i:0;s:9:"maxHeight";i:0;s:12:"externalLink";s:0:"";s:15:"internalLinkCID";i:0;s:27:"forceImageToMatchDimensions";s:1:"0";s:7:"altText";s:0:"";}'),
(96, NULL, '2015-02-24 17:31:02', '2015-02-24 17:31:02', NULL, '1', 18, 1, 'O:11:"BlockRecord":18:{s:5:"_dbat";i:1;s:6:"_table";s:14:"btContentImage";s:8:"_tableat";s:14:"btContentImage";s:6:"_where";N;s:6:"_saved";b:1;s:8:"_lasterr";b:0;s:9:"_original";a:9:{i:0;s:2:"96";i:1;s:2:"12";i:2;s:1:"0";i:3;i:0;i:4;i:0;i:5;s:0:"";i:6;i:0;i:7;s:1:"0";i:8;s:0:"";}s:11:"foreignName";s:11:"blockrecord";s:8:"lockMode";s:12:" for update ";s:3:"bID";s:2:"96";s:3:"fID";s:2:"12";s:10:"fOnstateID";s:1:"0";s:8:"maxWidth";i:0;s:9:"maxHeight";i:0;s:12:"externalLink";s:0:"";s:15:"internalLinkCID";i:0;s:27:"forceImageToMatchDimensions";s:1:"0";s:7:"altText";s:0:"";}'),
(97, NULL, '2015-02-24 17:31:15', '2015-02-24 17:31:15', NULL, '1', 18, 1, 'O:11:"BlockRecord":18:{s:5:"_dbat";i:1;s:6:"_table";s:14:"btContentImage";s:8:"_tableat";s:14:"btContentImage";s:6:"_where";N;s:6:"_saved";b:1;s:8:"_lasterr";b:0;s:9:"_original";a:9:{i:0;s:2:"97";i:1;s:2:"11";i:2;s:1:"0";i:3;i:0;i:4;i:0;i:5;s:0:"";i:6;i:0;i:7;s:1:"0";i:8;s:0:"";}s:11:"foreignName";s:11:"blockrecord";s:8:"lockMode";s:12:" for update ";s:3:"bID";s:2:"97";s:3:"fID";s:2:"11";s:10:"fOnstateID";s:1:"0";s:8:"maxWidth";i:0;s:9:"maxHeight";i:0;s:12:"externalLink";s:0:"";s:15:"internalLinkCID";i:0;s:27:"forceImageToMatchDimensions";s:1:"0";s:7:"altText";s:0:"";}'),
(98, NULL, '2015-02-24 17:32:23', '2015-02-24 17:32:23', NULL, '1', 17, 1, 'O:11:"BlockRecord":11:{s:5:"_dbat";i:1;s:6:"_table";s:14:"btContentLocal";s:8:"_tableat";s:14:"btContentLocal";s:6:"_where";N;s:6:"_saved";b:1;s:8:"_lasterr";b:0;s:9:"_original";a:2:{i:0;s:2:"98";i:1;s:63:" <h2><b>Newsletter</b></h2>\r\n <hr align="center" size="1"></hr>";}s:11:"foreignName";s:11:"blockrecord";s:8:"lockMode";s:12:" for update ";s:3:"bID";s:2:"98";s:7:"content";s:63:" <h2><b>Newsletter</b></h2>\r\n <hr align="center" size="1"></hr>";}'),
(99, NULL, '2015-02-24 17:32:45', '2015-02-24 17:36:03', NULL, '1', 17, 1, 'O:11:"BlockRecord":11:{s:5:"_dbat";i:1;s:6:"_table";s:14:"btContentLocal";s:8:"_tableat";s:14:"btContentLocal";s:6:"_where";N;s:6:"_saved";b:1;s:8:"_lasterr";b:0;s:9:"_original";a:2:{i:0;s:2:"99";i:1;s:90:"<p> Entrez votre adresse email si vous souhaitez recevoir des news de notre entreprise</p>";}s:11:"foreignName";s:11:"blockrecord";s:8:"lockMode";s:12:" for update ";s:3:"bID";s:2:"99";s:7:"content";s:90:"<p> Entrez votre adresse email si vous souhaitez recevoir des news de notre entreprise</p>";}'),
(100, NULL, '2015-02-24 17:35:08', '2015-02-24 17:35:52', NULL, '1', 14, 1, NULL),
(101, NULL, '2015-02-24 17:38:57', '2015-02-24 17:38:57', NULL, '1', 17, 1, 'O:11:"BlockRecord":11:{s:5:"_dbat";i:1;s:6:"_table";s:14:"btContentLocal";s:8:"_tableat";s:14:"btContentLocal";s:6:"_where";s:7:"bID=101";s:6:"_saved";b:1;s:8:"_lasterr";b:0;s:9:"_original";a:2:{i:0;s:3:"101";i:1;s:53:"<h2>Social Connection</h2>\r\n<hr align="center"> </hr>";}s:11:"foreignName";s:11:"blockrecord";s:8:"lockMode";s:12:" for update ";s:3:"bID";s:3:"101";s:7:"content";s:53:"<h2>Social Connection</h2>\r\n<hr align="center"> </hr>";}'),
(102, NULL, '2015-02-24 17:39:41', '2015-02-24 17:39:41', NULL, '1', 17, 1, 'O:11:"BlockRecord":11:{s:5:"_dbat";i:1;s:6:"_table";s:14:"btContentLocal";s:8:"_tableat";s:14:"btContentLocal";s:6:"_where";s:7:"bID=102";s:6:"_saved";b:1;s:8:"_lasterr";b:0;s:9:"_original";a:2:{i:0;s:3:"102";i:1;s:63:" <h2><b>Newsletter</b></h2>\r\n <hr align="center" size="1"></hr>";}s:11:"foreignName";s:11:"blockrecord";s:8:"lockMode";s:12:" for update ";s:3:"bID";s:3:"102";s:7:"content";s:63:" <h2><b>Newsletter</b></h2>\r\n <hr align="center" size="1"></hr>";}'),
(103, NULL, '2015-02-24 17:40:04', '2015-02-24 17:40:04', NULL, '1', 17, 1, 'O:11:"BlockRecord":11:{s:5:"_dbat";i:1;s:6:"_table";s:14:"btContentLocal";s:8:"_tableat";s:14:"btContentLocal";s:6:"_where";s:7:"bID=103";s:6:"_saved";b:1;s:8:"_lasterr";b:0;s:9:"_original";a:2:{i:0;s:3:"103";i:1;s:91:"<p>Lorem ipsum dolor sit amet, consectetur adipiscing elit. Phasellus sed lacinia odio.</p>";}s:11:"foreignName";s:11:"blockrecord";s:8:"lockMode";s:12:" for update ";s:3:"bID";s:3:"103";s:7:"content";s:91:"<p>Lorem ipsum dolor sit amet, consectetur adipiscing elit. Phasellus sed lacinia odio.</p>";}'),
(104, NULL, '2015-02-24 17:41:31', '2015-02-24 17:41:44', NULL, '1', 18, 1, 'O:11:"BlockRecord":18:{s:5:"_dbat";i:1;s:6:"_table";s:14:"btContentImage";s:8:"_tableat";s:14:"btContentImage";s:6:"_where";N;s:6:"_saved";b:1;s:8:"_lasterr";b:0;s:9:"_original";a:9:{i:0;s:3:"104";i:1;s:2:"10";i:2;s:1:"0";i:3;i:30;i:4;i:30;i:5;s:0:"";i:6;i:0;i:7;s:1:"0";i:8;s:0:"";}s:11:"foreignName";s:11:"blockrecord";s:8:"lockMode";s:12:" for update ";s:3:"bID";s:3:"104";s:3:"fID";s:2:"10";s:10:"fOnstateID";s:1:"0";s:8:"maxWidth";i:30;s:9:"maxHeight";i:30;s:12:"externalLink";s:0:"";s:15:"internalLinkCID";i:0;s:27:"forceImageToMatchDimensions";s:1:"0";s:7:"altText";s:0:"";}'),
(105, NULL, '2015-02-24 17:44:30', '2015-02-24 17:44:30', NULL, '1', 17, 1, 'O:11:"BlockRecord":11:{s:5:"_dbat";i:1;s:6:"_table";s:14:"btContentLocal";s:8:"_tableat";s:14:"btContentLocal";s:6:"_where";N;s:6:"_saved";b:1;s:8:"_lasterr";b:0;s:9:"_original";a:2:{i:0;s:3:"105";i:1;s:43:"<h2>Contact</h2>\r\n<hr align="center"> </hr>";}s:11:"foreignName";s:11:"blockrecord";s:8:"lockMode";s:12:" for update ";s:3:"bID";s:3:"105";s:7:"content";s:43:"<h2>Contact</h2>\r\n<hr align="center"> </hr>";}'),
(106, NULL, '2015-02-24 17:45:48', '2015-02-24 17:46:04', NULL, '1', 14, 1, NULL),
(107, NULL, '2015-02-24 17:47:44', '2015-02-24 18:03:46', NULL, '1', 14, 1, NULL),
(108, NULL, '2015-02-24 18:04:43', '2015-02-24 18:05:26', NULL, '1', 17, 1, 'O:11:"BlockRecord":11:{s:5:"_dbat";i:1;s:6:"_table";s:14:"btContentLocal";s:8:"_tableat";s:14:"btContentLocal";s:6:"_where";N;s:6:"_saved";b:1;s:8:"_lasterr";b:0;s:9:"_original";a:2:{i:0;s:3:"108";i:1;s:49:" <h2>News Updates</h2>\r\n<hr align="center"> </hr>";}s:11:"foreignName";s:11:"blockrecord";s:8:"lockMode";s:12:" for update ";s:3:"bID";s:3:"108";s:7:"content";s:49:" <h2>News Updates</h2>\r\n<hr align="center"> </hr>";}'),
(112, NULL, '2015-02-24 18:21:20', '2015-02-24 18:21:20', NULL, '1', 18, 1, 'O:11:"BlockRecord":18:{s:5:"_dbat";i:1;s:6:"_table";s:14:"btContentImage";s:8:"_tableat";s:14:"btContentImage";s:6:"_where";N;s:6:"_saved";b:1;s:8:"_lasterr";b:0;s:9:"_original";a:9:{i:0;s:3:"112";i:1;s:1:"5";i:2;s:1:"0";i:3;i:0;i:4;i:0;i:5;s:0:"";i:6;i:0;i:7;s:1:"0";i:8;s:0:"";}s:11:"foreignName";s:11:"blockrecord";s:8:"lockMode";s:12:" for update ";s:3:"bID";s:3:"112";s:3:"fID";s:1:"5";s:10:"fOnstateID";s:1:"0";s:8:"maxWidth";i:0;s:9:"maxHeight";i:0;s:12:"externalLink";s:0:"";s:15:"internalLinkCID";i:0;s:27:"forceImageToMatchDimensions";s:1:"0";s:7:"altText";s:0:"";}'),
(113, NULL, '2015-02-24 18:21:48', '2015-02-24 18:21:48', NULL, '1', 17, 1, 'O:11:"BlockRecord":11:{s:5:"_dbat";i:1;s:6:"_table";s:14:"btContentLocal";s:8:"_tableat";s:14:"btContentLocal";s:6:"_where";N;s:6:"_saved";b:1;s:8:"_lasterr";b:0;s:9:"_original";a:2:{i:0;s:3:"113";i:1;s:84:"Lorem ipsum dolor sit amet, consectetur adipiscing elit. Phasellus sed lacinia odio.";}s:11:"foreignName";s:11:"blockrecord";s:8:"lockMode";s:12:" for update ";s:3:"bID";s:3:"113";s:7:"content";s:84:"Lorem ipsum dolor sit amet, consectetur adipiscing elit. Phasellus sed lacinia odio.";}'),
(114, NULL, '2015-02-24 18:22:30', '2015-02-24 18:22:30', NULL, '1', 18, 1, 'O:11:"BlockRecord":18:{s:5:"_dbat";i:1;s:6:"_table";s:14:"btContentImage";s:8:"_tableat";s:14:"btContentImage";s:6:"_where";N;s:6:"_saved";b:1;s:8:"_lasterr";b:0;s:9:"_original";a:9:{i:0;s:3:"114";i:1;s:1:"6";i:2;s:1:"0";i:3;i:0;i:4;i:0;i:5;s:0:"";i:6;i:0;i:7;s:1:"0";i:8;s:0:"";}s:11:"foreignName";s:11:"blockrecord";s:8:"lockMode";s:12:" for update ";s:3:"bID";s:3:"114";s:3:"fID";s:1:"6";s:10:"fOnstateID";s:1:"0";s:8:"maxWidth";i:0;s:9:"maxHeight";i:0;s:12:"externalLink";s:0:"";s:15:"internalLinkCID";i:0;s:27:"forceImageToMatchDimensions";s:1:"0";s:7:"altText";s:0:"";}'),
(115, NULL, '2015-02-24 18:22:41', '2015-02-24 18:22:41', NULL, '1', 17, 1, 'O:11:"BlockRecord":11:{s:5:"_dbat";i:1;s:6:"_table";s:14:"btContentLocal";s:8:"_tableat";s:14:"btContentLocal";s:6:"_where";N;s:6:"_saved";b:1;s:8:"_lasterr";b:0;s:9:"_original";a:2:{i:0;s:3:"115";i:1;s:84:"Lorem ipsum dolor sit amet, consectetur adipiscing elit. Phasellus sed lacinia odio.";}s:11:"foreignName";s:11:"blockrecord";s:8:"lockMode";s:12:" for update ";s:3:"bID";s:3:"115";s:7:"content";s:84:"Lorem ipsum dolor sit amet, consectetur adipiscing elit. Phasellus sed lacinia odio.";}'),
(116, NULL, '2015-02-24 18:23:16', '2015-02-24 18:23:16', NULL, '1', 18, 1, 'O:11:"BlockRecord":18:{s:5:"_dbat";i:1;s:6:"_table";s:14:"btContentImage";s:8:"_tableat";s:14:"btContentImage";s:6:"_where";N;s:6:"_saved";b:1;s:8:"_lasterr";b:0;s:9:"_original";a:9:{i:0;s:3:"116";i:1;s:1:"7";i:2;s:1:"0";i:3;i:0;i:4;i:0;i:5;s:0:"";i:6;i:0;i:7;s:1:"0";i:8;s:0:"";}s:11:"foreignName";s:11:"blockrecord";s:8:"lockMode";s:12:" for update ";s:3:"bID";s:3:"116";s:3:"fID";s:1:"7";s:10:"fOnstateID";s:1:"0";s:8:"maxWidth";i:0;s:9:"maxHeight";i:0;s:12:"externalLink";s:0:"";s:15:"internalLinkCID";i:0;s:27:"forceImageToMatchDimensions";s:1:"0";s:7:"altText";s:0:"";}'),
(117, NULL, '2015-02-24 18:23:25', '2015-02-24 18:23:25', NULL, '1', 17, 1, 'O:11:"BlockRecord":11:{s:5:"_dbat";i:1;s:6:"_table";s:14:"btContentLocal";s:8:"_tableat";s:14:"btContentLocal";s:6:"_where";N;s:6:"_saved";b:1;s:8:"_lasterr";b:0;s:9:"_original";a:2:{i:0;s:3:"117";i:1;s:84:"Lorem ipsum dolor sit amet, consectetur adipiscing elit. Phasellus sed lacinia odio.";}s:11:"foreignName";s:11:"blockrecord";s:8:"lockMode";s:12:" for update ";s:3:"bID";s:3:"117";s:7:"content";s:84:"Lorem ipsum dolor sit amet, consectetur adipiscing elit. Phasellus sed lacinia odio.";}'),
(118, NULL, '2015-02-24 18:25:27', '2015-02-24 18:25:27', NULL, '1', 18, 1, 'O:11:"BlockRecord":18:{s:5:"_dbat";i:1;s:6:"_table";s:14:"btContentImage";s:8:"_tableat";s:14:"btContentImage";s:6:"_where";N;s:6:"_saved";b:1;s:8:"_lasterr";b:0;s:9:"_original";a:9:{i:0;s:3:"118";i:1;s:1:"5";i:2;s:1:"0";i:3;i:0;i:4;i:0;i:5;s:0:"";i:6;i:0;i:7;s:1:"0";i:8;s:0:"";}s:11:"foreignName";s:11:"blockrecord";s:8:"lockMode";s:12:" for update ";s:3:"bID";s:3:"118";s:3:"fID";s:1:"5";s:10:"fOnstateID";s:1:"0";s:8:"maxWidth";i:0;s:9:"maxHeight";i:0;s:12:"externalLink";s:0:"";s:15:"internalLinkCID";i:0;s:27:"forceImageToMatchDimensions";s:1:"0";s:7:"altText";s:0:"";}'),
(119, NULL, '2015-02-24 18:25:47', '2015-02-24 18:25:47', NULL, '1', 17, 1, 'O:11:"BlockRecord":11:{s:5:"_dbat";i:1;s:6:"_table";s:14:"btContentLocal";s:8:"_tableat";s:14:"btContentLocal";s:6:"_where";N;s:6:"_saved";b:1;s:8:"_lasterr";b:0;s:9:"_original";a:2:{i:0;s:3:"119";i:1;s:84:"Lorem ipsum dolor sit amet, consectetur adipiscing elit. Phasellus sed lacinia odio.";}s:11:"foreignName";s:11:"blockrecord";s:8:"lockMode";s:12:" for update ";s:3:"bID";s:3:"119";s:7:"content";s:84:"Lorem ipsum dolor sit amet, consectetur adipiscing elit. Phasellus sed lacinia odio.";}'),
(120, NULL, '2015-02-24 18:27:51', '2015-02-24 18:27:51', NULL, '1', 18, 1, 'O:11:"BlockRecord":18:{s:5:"_dbat";i:1;s:6:"_table";s:14:"btContentImage";s:8:"_tableat";s:14:"btContentImage";s:6:"_where";N;s:6:"_saved";b:1;s:8:"_lasterr";b:0;s:9:"_original";a:9:{i:0;s:3:"120";i:1;s:1:"6";i:2;s:1:"0";i:3;i:0;i:4;i:0;i:5;s:0:"";i:6;i:0;i:7;s:1:"0";i:8;s:0:"";}s:11:"foreignName";s:11:"blockrecord";s:8:"lockMode";s:12:" for update ";s:3:"bID";s:3:"120";s:3:"fID";s:1:"6";s:10:"fOnstateID";s:1:"0";s:8:"maxWidth";i:0;s:9:"maxHeight";i:0;s:12:"externalLink";s:0:"";s:15:"internalLinkCID";i:0;s:27:"forceImageToMatchDimensions";s:1:"0";s:7:"altText";s:0:"";}'),
(121, NULL, '2015-02-24 18:29:07', '2015-02-24 18:29:07', NULL, '1', 17, 1, 'O:11:"BlockRecord":11:{s:5:"_dbat";i:1;s:6:"_table";s:14:"btContentLocal";s:8:"_tableat";s:14:"btContentLocal";s:6:"_where";N;s:6:"_saved";b:1;s:8:"_lasterr";b:0;s:9:"_original";a:2:{i:0;s:3:"121";i:1;s:84:"Lorem ipsum dolor sit amet, consectetur adipiscing elit. Phasellus sed lacinia odio.";}s:11:"foreignName";s:11:"blockrecord";s:8:"lockMode";s:12:" for update ";s:3:"bID";s:3:"121";s:7:"content";s:84:"Lorem ipsum dolor sit amet, consectetur adipiscing elit. Phasellus sed lacinia odio.";}'),
(122, NULL, '2015-02-24 18:29:34', '2015-02-24 18:29:34', NULL, '1', 18, 1, 'O:11:"BlockRecord":18:{s:5:"_dbat";i:1;s:6:"_table";s:14:"btContentImage";s:8:"_tableat";s:14:"btContentImage";s:6:"_where";N;s:6:"_saved";b:1;s:8:"_lasterr";b:0;s:9:"_original";a:9:{i:0;s:3:"122";i:1;s:1:"7";i:2;s:1:"0";i:3;i:0;i:4;i:0;i:5;s:0:"";i:6;i:0;i:7;s:1:"0";i:8;s:0:"";}s:11:"foreignName";s:11:"blockrecord";s:8:"lockMode";s:12:" for update ";s:3:"bID";s:3:"122";s:3:"fID";s:1:"7";s:10:"fOnstateID";s:1:"0";s:8:"maxWidth";i:0;s:9:"maxHeight";i:0;s:12:"externalLink";s:0:"";s:15:"internalLinkCID";i:0;s:27:"forceImageToMatchDimensions";s:1:"0";s:7:"altText";s:0:"";}'),
(123, NULL, '2015-02-24 18:29:43', '2015-02-24 18:29:43', NULL, '1', 17, 1, 'O:11:"BlockRecord":11:{s:5:"_dbat";i:1;s:6:"_table";s:14:"btContentLocal";s:8:"_tableat";s:14:"btContentLocal";s:6:"_where";N;s:6:"_saved";b:1;s:8:"_lasterr";b:0;s:9:"_original";a:2:{i:0;s:3:"123";i:1;s:84:"Lorem ipsum dolor sit amet, consectetur adipiscing elit. Phasellus sed lacinia odio.";}s:11:"foreignName";s:11:"blockrecord";s:8:"lockMode";s:12:" for update ";s:3:"bID";s:3:"123";s:7:"content";s:84:"Lorem ipsum dolor sit amet, consectetur adipiscing elit. Phasellus sed lacinia odio.";}'),
(124, NULL, '2015-02-24 18:32:06', '2015-02-24 18:32:06', NULL, '1', 17, 1, 'O:11:"BlockRecord":11:{s:5:"_dbat";i:1;s:6:"_table";s:14:"btContentLocal";s:8:"_tableat";s:14:"btContentLocal";s:6:"_where";s:7:"bID=124";s:6:"_saved";b:1;s:8:"_lasterr";b:0;s:9:"_original";a:2:{i:0;s:3:"124";i:1;s:84:"Lorem ipsum dolor sit amet, consectetur adipiscing elit. Phasellus sed lacinia odio.";}s:11:"foreignName";s:11:"blockrecord";s:8:"lockMode";s:12:" for update ";s:3:"bID";s:3:"124";s:7:"content";s:84:"Lorem ipsum dolor sit amet, consectetur adipiscing elit. Phasellus sed lacinia odio.";}'),
(125, NULL, '2015-02-24 18:32:17', '2015-02-24 18:32:17', NULL, '1', 17, 1, 'O:11:"BlockRecord":11:{s:5:"_dbat";i:1;s:6:"_table";s:14:"btContentLocal";s:8:"_tableat";s:14:"btContentLocal";s:6:"_where";s:7:"bID=125";s:6:"_saved";b:1;s:8:"_lasterr";b:0;s:9:"_original";a:2:{i:0;s:3:"125";i:1;s:84:"Lorem ipsum dolor sit amet, consectetur adipiscing elit. Phasellus sed lacinia odio.";}s:11:"foreignName";s:11:"blockrecord";s:8:"lockMode";s:12:" for update ";s:3:"bID";s:3:"125";s:7:"content";s:84:"Lorem ipsum dolor sit amet, consectetur adipiscing elit. Phasellus sed lacinia odio.";}'),
(126, NULL, '2015-02-24 18:32:47', '2015-02-24 18:32:47', NULL, '1', 17, 1, 'O:11:"BlockRecord":11:{s:5:"_dbat";i:1;s:6:"_table";s:14:"btContentLocal";s:8:"_tableat";s:14:"btContentLocal";s:6:"_where";s:7:"bID=126";s:6:"_saved";b:1;s:8:"_lasterr";b:0;s:9:"_original";a:2:{i:0;s:3:"126";i:1;s:84:"Lorem ipsum dolor sit amet, consectetur adipiscing elit. Phasellus sed lacinia odio.";}s:11:"foreignName";s:11:"blockrecord";s:8:"lockMode";s:12:" for update ";s:3:"bID";s:3:"126";s:7:"content";s:84:"Lorem ipsum dolor sit amet, consectetur adipiscing elit. Phasellus sed lacinia odio.";}'),
(127, NULL, '2015-02-24 18:32:57', '2015-02-24 18:32:57', NULL, '1', 17, 1, 'O:11:"BlockRecord":11:{s:5:"_dbat";i:1;s:6:"_table";s:14:"btContentLocal";s:8:"_tableat";s:14:"btContentLocal";s:6:"_where";s:7:"bID=127";s:6:"_saved";b:1;s:8:"_lasterr";b:0;s:9:"_original";a:2:{i:0;s:3:"127";i:1;s:84:"Lorem ipsum dolor sit amet, consectetur adipiscing elit. Phasellus sed lacinia odio.";}s:11:"foreignName";s:11:"blockrecord";s:8:"lockMode";s:12:" for update ";s:3:"bID";s:3:"127";s:7:"content";s:84:"Lorem ipsum dolor sit amet, consectetur adipiscing elit. Phasellus sed lacinia odio.";}'),
(128, NULL, '2015-02-24 18:33:06', '2015-02-24 18:33:06', NULL, '1', 17, 1, 'O:11:"BlockRecord":11:{s:5:"_dbat";i:1;s:6:"_table";s:14:"btContentLocal";s:8:"_tableat";s:14:"btContentLocal";s:6:"_where";s:7:"bID=128";s:6:"_saved";b:1;s:8:"_lasterr";b:0;s:9:"_original";a:2:{i:0;s:3:"128";i:1;s:84:"Lorem ipsum dolor sit amet, consectetur adipiscing elit. Phasellus sed lacinia odio.";}s:11:"foreignName";s:11:"blockrecord";s:8:"lockMode";s:12:" for update ";s:3:"bID";s:3:"128";s:7:"content";s:84:"Lorem ipsum dolor sit amet, consectetur adipiscing elit. Phasellus sed lacinia odio.";}'),
(129, NULL, '2015-02-24 18:33:57', '2015-02-24 18:33:57', NULL, '1', 17, 1, 'O:11:"BlockRecord":11:{s:5:"_dbat";i:1;s:6:"_table";s:14:"btContentLocal";s:8:"_tableat";s:14:"btContentLocal";s:6:"_where";s:7:"bID=129";s:6:"_saved";b:1;s:8:"_lasterr";b:0;s:9:"_original";a:2:{i:0;s:3:"129";i:1;s:84:"Lorem ipsum dolor sit amet, consectetur adipiscing elit. Phasellus sed lacinia odio.";}s:11:"foreignName";s:11:"blockrecord";s:8:"lockMode";s:12:" for update ";s:3:"bID";s:3:"129";s:7:"content";s:84:"Lorem ipsum dolor sit amet, consectetur adipiscing elit. Phasellus sed lacinia odio.";}'),
(130, NULL, '2015-02-24 18:34:06', '2015-02-24 18:34:06', NULL, '1', 17, 1, 'O:11:"BlockRecord":11:{s:5:"_dbat";i:1;s:6:"_table";s:14:"btContentLocal";s:8:"_tableat";s:14:"btContentLocal";s:6:"_where";s:7:"bID=130";s:6:"_saved";b:1;s:8:"_lasterr";b:0;s:9:"_original";a:2:{i:0;s:3:"130";i:1;s:84:"Lorem ipsum dolor sit amet, consectetur adipiscing elit. Phasellus sed lacinia odio.";}s:11:"foreignName";s:11:"blockrecord";s:8:"lockMode";s:12:" for update ";s:3:"bID";s:3:"130";s:7:"content";s:84:"Lorem ipsum dolor sit amet, consectetur adipiscing elit. Phasellus sed lacinia odio.";}'),
(131, '', '2015-02-24 18:43:09', '2015-02-24 18:44:17', 'breadcrumb.php', '1', 8, 1, 'O:11:"BlockRecord":18:{s:5:"_dbat";i:1;s:6:"_table";s:12:"btNavigation";s:8:"_tableat";s:12:"btNavigation";s:6:"_where";N;s:6:"_saved";b:1;s:8:"_lasterr";b:0;s:9:"_original";a:9:{i:0;s:3:"131";i:1;s:11:"display_asc";i:2;s:3:"top";i:3;i:0;i:4;i:0;i:5;s:3:"all";i:6;s:6:"enough";i:7;i:0;i:8;i:1;}s:11:"foreignName";s:11:"blockrecord";s:8:"lockMode";s:12:" for update ";s:3:"bID";s:3:"131";s:7:"orderBy";s:11:"display_asc";s:12:"displayPages";s:3:"top";s:15:"displayPagesCID";i:0;s:23:"displayPagesIncludeSelf";i:0;s:15:"displaySubPages";s:3:"all";s:20:"displaySubPageLevels";s:6:"enough";s:23:"displaySubPageLevelsNum";i:0;s:23:"displayUnavailablePages";i:1;}'),
(132, '', '2015-02-24 18:44:57', '2015-02-24 18:59:03', 'breadcrumb.php', '1', 8, 1, 'O:11:"BlockRecord":18:{s:5:"_dbat";i:1;s:6:"_table";s:12:"btNavigation";s:8:"_tableat";s:12:"btNavigation";s:6:"_where";s:7:"bID=132";s:6:"_saved";b:1;s:8:"_lasterr";b:0;s:9:"_original";a:9:{i:0;s:3:"132";i:1;s:11:"display_asc";i:2;s:3:"top";i:3;s:1:"0";i:4;s:1:"0";i:5;s:3:"all";i:6;s:6:"enough";i:7;s:1:"0";i:8;s:1:"1";}s:11:"foreignName";s:11:"blockrecord";s:8:"lockMode";s:12:" for update ";s:3:"bID";s:3:"132";s:7:"orderBy";s:11:"display_asc";s:12:"displayPages";s:3:"top";s:15:"displayPagesCID";s:1:"0";s:23:"displayPagesIncludeSelf";s:1:"0";s:15:"displaySubPages";s:3:"all";s:20:"displaySubPageLevels";s:6:"enough";s:23:"displaySubPageLevelsNum";s:1:"0";s:23:"displayUnavailablePages";s:1:"1";}'),
(133, '', '2015-02-24 19:06:24', '2015-02-24 19:06:25', '', '1', 8, 1, 'O:11:"BlockRecord":18:{s:5:"_dbat";i:1;s:6:"_table";s:12:"btNavigation";s:8:"_tableat";s:12:"btNavigation";s:6:"_where";s:7:"bID=133";s:6:"_saved";b:1;s:8:"_lasterr";b:0;s:9:"_original";a:9:{i:0;s:3:"133";i:1;s:11:"display_asc";i:2;s:3:"top";i:3;s:1:"0";i:4;s:1:"0";i:5;s:3:"all";i:6;s:6:"enough";i:7;s:1:"0";i:8;s:1:"1";}s:11:"foreignName";s:11:"blockrecord";s:8:"lockMode";s:12:" for update ";s:3:"bID";s:3:"133";s:7:"orderBy";s:11:"display_asc";s:12:"displayPages";s:3:"top";s:15:"displayPagesCID";s:1:"0";s:23:"displayPagesIncludeSelf";s:1:"0";s:15:"displaySubPages";s:3:"all";s:20:"displaySubPageLevels";s:6:"enough";s:23:"displaySubPageLevelsNum";s:1:"0";s:23:"displayUnavailablePages";s:1:"1";}'),
(134, '', '2015-02-24 19:07:51', '2015-02-24 19:07:51', '', '1', 8, 1, 'O:11:"BlockRecord":18:{s:5:"_dbat";i:1;s:6:"_table";s:12:"btNavigation";s:8:"_tableat";s:12:"btNavigation";s:6:"_where";s:7:"bID=134";s:6:"_saved";b:1;s:8:"_lasterr";b:0;s:9:"_original";a:9:{i:0;s:3:"134";i:1;s:11:"display_asc";i:2;s:3:"top";i:3;s:1:"0";i:4;s:1:"0";i:5;s:3:"all";i:6;s:6:"enough";i:7;s:1:"0";i:8;s:1:"1";}s:11:"foreignName";s:11:"blockrecord";s:8:"lockMode";s:12:" for update ";s:3:"bID";s:3:"134";s:7:"orderBy";s:11:"display_asc";s:12:"displayPages";s:3:"top";s:15:"displayPagesCID";s:1:"0";s:23:"displayPagesIncludeSelf";s:1:"0";s:15:"displaySubPages";s:3:"all";s:20:"displaySubPageLevels";s:6:"enough";s:23:"displaySubPageLevelsNum";s:1:"0";s:23:"displayUnavailablePages";s:1:"1";}'),
(135, NULL, '2015-02-24 19:10:20', '2015-02-24 19:10:20', NULL, '1', 8, 1, 'O:11:"BlockRecord":18:{s:5:"_dbat";i:1;s:6:"_table";s:12:"btNavigation";s:8:"_tableat";s:12:"btNavigation";s:6:"_where";N;s:6:"_saved";b:1;s:8:"_lasterr";b:0;s:9:"_original";a:9:{i:0;s:3:"135";i:1;s:11:"display_asc";i:2;s:3:"top";i:3;i:0;i:4;i:0;i:5;s:4:"none";i:6;s:6:"enough";i:7;i:0;i:8;i:0;}s:11:"foreignName";s:11:"blockrecord";s:8:"lockMode";s:12:" for update ";s:3:"bID";s:3:"135";s:7:"orderBy";s:11:"display_asc";s:12:"displayPages";s:3:"top";s:15:"displayPagesCID";i:0;s:23:"displayPagesIncludeSelf";i:0;s:15:"displaySubPages";s:4:"none";s:20:"displaySubPageLevels";s:6:"enough";s:23:"displaySubPageLevelsNum";i:0;s:23:"displayUnavailablePages";i:0;}'),
(136, NULL, '2015-02-24 19:10:58', '2015-02-24 19:10:58', NULL, '1', 8, 1, 'O:11:"BlockRecord":18:{s:5:"_dbat";i:1;s:6:"_table";s:12:"btNavigation";s:8:"_tableat";s:12:"btNavigation";s:6:"_where";N;s:6:"_saved";b:1;s:8:"_lasterr";b:0;s:9:"_original";a:9:{i:0;s:3:"136";i:1;s:11:"display_asc";i:2;s:3:"top";i:3;i:0;i:4;i:0;i:5;s:4:"none";i:6;s:6:"enough";i:7;i:0;i:8;i:0;}s:11:"foreignName";s:11:"blockrecord";s:8:"lockMode";s:12:" for update ";s:3:"bID";s:3:"136";s:7:"orderBy";s:11:"display_asc";s:12:"displayPages";s:3:"top";s:15:"displayPagesCID";i:0;s:23:"displayPagesIncludeSelf";i:0;s:15:"displaySubPages";s:4:"none";s:20:"displaySubPageLevels";s:6:"enough";s:23:"displaySubPageLevelsNum";i:0;s:23:"displayUnavailablePages";i:0;}'),
(137, NULL, '2015-02-24 19:11:22', '2015-02-24 19:11:22', NULL, '1', 8, 1, 'O:11:"BlockRecord":18:{s:5:"_dbat";i:1;s:6:"_table";s:12:"btNavigation";s:8:"_tableat";s:12:"btNavigation";s:6:"_where";N;s:6:"_saved";b:1;s:8:"_lasterr";b:0;s:9:"_original";a:9:{i:0;s:3:"137";i:1;s:11:"display_asc";i:2;s:3:"top";i:3;i:0;i:4;i:0;i:5;s:4:"none";i:6;s:6:"enough";i:7;i:0;i:8;i:0;}s:11:"foreignName";s:11:"blockrecord";s:8:"lockMode";s:12:" for update ";s:3:"bID";s:3:"137";s:7:"orderBy";s:11:"display_asc";s:12:"displayPages";s:3:"top";s:15:"displayPagesCID";i:0;s:23:"displayPagesIncludeSelf";i:0;s:15:"displaySubPages";s:4:"none";s:20:"displaySubPageLevels";s:6:"enough";s:23:"displaySubPageLevelsNum";i:0;s:23:"displayUnavailablePages";i:0;}'),
(138, NULL, '2015-02-24 19:11:44', '2015-02-24 19:11:44', NULL, '1', 8, 1, 'O:11:"BlockRecord":18:{s:5:"_dbat";i:1;s:6:"_table";s:12:"btNavigation";s:8:"_tableat";s:12:"btNavigation";s:6:"_where";N;s:6:"_saved";b:1;s:8:"_lasterr";b:0;s:9:"_original";a:9:{i:0;s:3:"138";i:1;s:11:"display_asc";i:2;s:3:"top";i:3;i:0;i:4;i:0;i:5;s:4:"none";i:6;s:6:"enough";i:7;i:0;i:8;i:0;}s:11:"foreignName";s:11:"blockrecord";s:8:"lockMode";s:12:" for update ";s:3:"bID";s:3:"138";s:7:"orderBy";s:11:"display_asc";s:12:"displayPages";s:3:"top";s:15:"displayPagesCID";i:0;s:23:"displayPagesIncludeSelf";i:0;s:15:"displaySubPages";s:4:"none";s:20:"displaySubPageLevels";s:6:"enough";s:23:"displaySubPageLevelsNum";i:0;s:23:"displayUnavailablePages";i:0;}'),
(139, NULL, '2015-02-24 19:40:14', '2015-02-24 19:40:14', NULL, '1', 27, 1, 'O:11:"BlockRecord":15:{s:5:"_dbat";i:1;s:6:"_table";s:9:"btYouTube";s:8:"_tableat";s:9:"btYouTube";s:6:"_where";N;s:6:"_saved";b:1;s:8:"_lasterr";b:0;s:9:"_original";a:6:{i:0;s:3:"139";i:1;s:9:"Ma vidéo";i:2;s:43:"https://www.youtube.com/watch?v=igRoV2EI92c";i:3;s:3:"315";i:4;s:3:"560";i:5;i:1;}s:11:"foreignName";s:11:"blockrecord";s:8:"lockMode";s:12:" for update ";s:3:"bID";s:3:"139";s:5:"title";s:9:"Ma vidéo";s:8:"videoURL";s:43:"https://www.youtube.com/watch?v=igRoV2EI92c";s:7:"vHeight";s:3:"315";s:6:"vWidth";s:3:"560";s:7:"vPlayer";i:1;}'),
(140, NULL, '2015-02-24 19:43:09', '2015-02-24 19:43:09', NULL, '1', 27, 1, 'O:11:"BlockRecord":15:{s:5:"_dbat";i:1;s:6:"_table";s:9:"btYouTube";s:8:"_tableat";s:9:"btYouTube";s:6:"_where";N;s:6:"_saved";b:1;s:8:"_lasterr";b:0;s:9:"_original";a:6:{i:0;s:3:"140";i:1;s:9:"Ma vidéo";i:2;s:43:"https://www.youtube.com/watch?v=igRoV2EI92c";i:3;s:3:"315";i:4;s:3:"400";i:5;i:1;}s:11:"foreignName";s:11:"blockrecord";s:8:"lockMode";s:12:" for update ";s:3:"bID";s:3:"140";s:5:"title";s:9:"Ma vidéo";s:8:"videoURL";s:43:"https://www.youtube.com/watch?v=igRoV2EI92c";s:7:"vHeight";s:3:"315";s:6:"vWidth";s:3:"400";s:7:"vPlayer";i:1;}'),
(141, NULL, '2015-02-24 19:43:59', '2015-02-24 19:44:00', NULL, '1', 27, 1, 'O:11:"BlockRecord":15:{s:5:"_dbat";i:1;s:6:"_table";s:9:"btYouTube";s:8:"_tableat";s:9:"btYouTube";s:6:"_where";N;s:6:"_saved";b:1;s:8:"_lasterr";b:0;s:9:"_original";a:6:{i:0;s:3:"141";i:1;s:9:"Ma vidéo";i:2;s:43:"https://www.youtube.com/watch?v=igRoV2EI92c";i:3;s:3:"315";i:4;s:3:"530";i:5;i:1;}s:11:"foreignName";s:11:"blockrecord";s:8:"lockMode";s:12:" for update ";s:3:"bID";s:3:"141";s:5:"title";s:9:"Ma vidéo";s:8:"videoURL";s:43:"https://www.youtube.com/watch?v=igRoV2EI92c";s:7:"vHeight";s:3:"315";s:6:"vWidth";s:3:"530";s:7:"vPlayer";i:1;}'),
(142, NULL, '2015-02-24 19:48:41', '2015-02-24 19:48:42', NULL, '1', 27, 1, 'O:11:"BlockRecord":15:{s:5:"_dbat";i:1;s:6:"_table";s:9:"btYouTube";s:8:"_tableat";s:9:"btYouTube";s:6:"_where";N;s:6:"_saved";b:1;s:8:"_lasterr";b:0;s:9:"_original";a:6:{i:0;s:3:"142";i:1;s:9:"Ma vidéo";i:2;s:43:"https://www.youtube.com/watch?v=igRoV2EI92c";i:3;s:3:"315";i:4;s:3:"350";i:5;i:1;}s:11:"foreignName";s:11:"blockrecord";s:8:"lockMode";s:12:" for update ";s:3:"bID";s:3:"142";s:5:"title";s:9:"Ma vidéo";s:8:"videoURL";s:43:"https://www.youtube.com/watch?v=igRoV2EI92c";s:7:"vHeight";s:3:"315";s:6:"vWidth";s:3:"350";s:7:"vPlayer";i:1;}'),
(143, NULL, '2015-02-24 19:54:04', '2015-02-24 19:54:04', NULL, '1', 27, 1, 'O:11:"BlockRecord":15:{s:5:"_dbat";i:1;s:6:"_table";s:9:"btYouTube";s:8:"_tableat";s:9:"btYouTube";s:6:"_where";N;s:6:"_saved";b:1;s:8:"_lasterr";b:0;s:9:"_original";a:6:{i:0;s:3:"143";i:1;s:9:"Ma vidéo";i:2;s:43:"https://www.youtube.com/watch?v=igRoV2EI92c";i:3;s:3:"315";i:4;s:3:"350";i:5;i:0;}s:11:"foreignName";s:11:"blockrecord";s:8:"lockMode";s:12:" for update ";s:3:"bID";s:3:"143";s:5:"title";s:9:"Ma vidéo";s:8:"videoURL";s:43:"https://www.youtube.com/watch?v=igRoV2EI92c";s:7:"vHeight";s:3:"315";s:6:"vWidth";s:3:"350";s:7:"vPlayer";i:0;}'),
(144, NULL, '2015-02-24 19:55:04', '2015-02-24 19:55:04', NULL, '1', 27, 1, 'O:11:"BlockRecord":15:{s:5:"_dbat";i:1;s:6:"_table";s:9:"btYouTube";s:8:"_tableat";s:9:"btYouTube";s:6:"_where";N;s:6:"_saved";b:1;s:8:"_lasterr";b:0;s:9:"_original";a:6:{i:0;s:3:"144";i:1;s:9:"Ma vidéo";i:2;s:43:"https://www.youtube.com/watch?v=igRoV2EI92c";i:3;s:3:"315";i:4;s:3:"530";i:5;i:0;}s:11:"foreignName";s:11:"blockrecord";s:8:"lockMode";s:12:" for update ";s:3:"bID";s:3:"144";s:5:"title";s:9:"Ma vidéo";s:8:"videoURL";s:43:"https://www.youtube.com/watch?v=igRoV2EI92c";s:7:"vHeight";s:3:"315";s:6:"vWidth";s:3:"530";s:7:"vPlayer";i:0;}'),
(145, NULL, '2015-02-24 20:01:06', '2015-02-24 20:01:06', NULL, '1', 18, 1, 'O:11:"BlockRecord":18:{s:5:"_dbat";i:1;s:6:"_table";s:14:"btContentImage";s:8:"_tableat";s:14:"btContentImage";s:6:"_where";N;s:6:"_saved";b:1;s:8:"_lasterr";b:0;s:9:"_original";a:9:{i:0;s:3:"145";i:1;s:2:"16";i:2;s:1:"0";i:3;i:0;i:4;i:0;i:5;s:0:"";i:6;i:0;i:7;s:1:"0";i:8;s:0:"";}s:11:"foreignName";s:11:"blockrecord";s:8:"lockMode";s:12:" for update ";s:3:"bID";s:3:"145";s:3:"fID";s:2:"16";s:10:"fOnstateID";s:1:"0";s:8:"maxWidth";i:0;s:9:"maxHeight";i:0;s:12:"externalLink";s:0:"";s:15:"internalLinkCID";i:0;s:27:"forceImageToMatchDimensions";s:1:"0";s:7:"altText";s:0:"";}'),
(146, NULL, '2015-02-24 20:01:35', '2015-02-24 20:01:35', NULL, '1', 18, 1, 'O:11:"BlockRecord":18:{s:5:"_dbat";i:1;s:6:"_table";s:14:"btContentImage";s:8:"_tableat";s:14:"btContentImage";s:6:"_where";N;s:6:"_saved";b:1;s:8:"_lasterr";b:0;s:9:"_original";a:9:{i:0;s:3:"146";i:1;s:2:"17";i:2;s:1:"0";i:3;i:0;i:4;i:0;i:5;s:0:"";i:6;i:0;i:7;s:1:"0";i:8;s:0:"";}s:11:"foreignName";s:11:"blockrecord";s:8:"lockMode";s:12:" for update ";s:3:"bID";s:3:"146";s:3:"fID";s:2:"17";s:10:"fOnstateID";s:1:"0";s:8:"maxWidth";i:0;s:9:"maxHeight";i:0;s:12:"externalLink";s:0:"";s:15:"internalLinkCID";i:0;s:27:"forceImageToMatchDimensions";s:1:"0";s:7:"altText";s:0:"";}'),
(147, NULL, '2015-02-24 20:01:52', '2015-02-24 20:01:52', NULL, '1', 18, 1, 'O:11:"BlockRecord":18:{s:5:"_dbat";i:1;s:6:"_table";s:14:"btContentImage";s:8:"_tableat";s:14:"btContentImage";s:6:"_where";N;s:6:"_saved";b:1;s:8:"_lasterr";b:0;s:9:"_original";a:9:{i:0;s:3:"147";i:1;s:2:"18";i:2;s:1:"0";i:3;i:0;i:4;i:0;i:5;s:0:"";i:6;i:0;i:7;s:1:"0";i:8;s:0:"";}s:11:"foreignName";s:11:"blockrecord";s:8:"lockMode";s:12:" for update ";s:3:"bID";s:3:"147";s:3:"fID";s:2:"18";s:10:"fOnstateID";s:1:"0";s:8:"maxWidth";i:0;s:9:"maxHeight";i:0;s:12:"externalLink";s:0:"";s:15:"internalLinkCID";i:0;s:27:"forceImageToMatchDimensions";s:1:"0";s:7:"altText";s:0:"";}'),
(148, NULL, '2015-02-24 20:02:38', '2015-02-24 20:02:38', NULL, '1', 9, 1, 'O:11:"BlockRecord":11:{s:5:"_dbat";i:1;s:6:"_table";s:14:"btContentLocal";s:8:"_tableat";s:14:"btContentLocal";s:6:"_where";N;s:6:"_saved";b:1;s:8:"_lasterr";b:0;s:9:"_original";a:2:{i:0;s:3:"148";i:1;s:471:"<p>Lorem ipsum dolor sit amet, consectetur adipiscing elit. Pellentesque consectetur euismod metus in mollis. Mauris ac gravida nisl. Vestibulum ante ipsum primis in faucibus orci luctus et ultrices posuere cubilia Curae; Donec consequat, nibh id commodo suscipit, augue risus eleifend sapien, ac feugiat dui lorem sed nulla. Mauris commodo eget tellus non congue. Aenean fermentum tortor odio. Etiam elit ligula, consequat eget interdum sit amet, gravida sed tortor.</p>";}s:11:"foreignName";s:11:"blockrecord";s:8:"lockMode";s:12:" for update ";s:3:"bID";s:3:"148";s:7:"content";s:471:"<p>Lorem ipsum dolor sit amet, consectetur adipiscing elit. Pellentesque consectetur euismod metus in mollis. Mauris ac gravida nisl. Vestibulum ante ipsum primis in faucibus orci luctus et ultrices posuere cubilia Curae; Donec consequat, nibh id commodo suscipit, augue risus eleifend sapien, ac feugiat dui lorem sed nulla. Mauris commodo eget tellus non congue. Aenean fermentum tortor odio. Etiam elit ligula, consequat eget interdum sit amet, gravida sed tortor.</p>";}'),
(149, NULL, '2015-02-24 20:02:46', '2015-02-24 20:02:46', NULL, '1', 9, 1, 'O:11:"BlockRecord":11:{s:5:"_dbat";i:1;s:6:"_table";s:14:"btContentLocal";s:8:"_tableat";s:14:"btContentLocal";s:6:"_where";N;s:6:"_saved";b:1;s:8:"_lasterr";b:0;s:9:"_original";a:2:{i:0;s:3:"149";i:1;s:471:"<p>Lorem ipsum dolor sit amet, consectetur adipiscing elit. Pellentesque consectetur euismod metus in mollis. Mauris ac gravida nisl. Vestibulum ante ipsum primis in faucibus orci luctus et ultrices posuere cubilia Curae; Donec consequat, nibh id commodo suscipit, augue risus eleifend sapien, ac feugiat dui lorem sed nulla. Mauris commodo eget tellus non congue. Aenean fermentum tortor odio. Etiam elit ligula, consequat eget interdum sit amet, gravida sed tortor.</p>";}s:11:"foreignName";s:11:"blockrecord";s:8:"lockMode";s:12:" for update ";s:3:"bID";s:3:"149";s:7:"content";s:471:"<p>Lorem ipsum dolor sit amet, consectetur adipiscing elit. Pellentesque consectetur euismod metus in mollis. Mauris ac gravida nisl. Vestibulum ante ipsum primis in faucibus orci luctus et ultrices posuere cubilia Curae; Donec consequat, nibh id commodo suscipit, augue risus eleifend sapien, ac feugiat dui lorem sed nulla. Mauris commodo eget tellus non congue. Aenean fermentum tortor odio. Etiam elit ligula, consequat eget interdum sit amet, gravida sed tortor.</p>";}'),
(150, NULL, '2015-02-24 20:02:54', '2015-02-24 20:02:54', NULL, '1', 9, 1, 'O:11:"BlockRecord":11:{s:5:"_dbat";i:1;s:6:"_table";s:14:"btContentLocal";s:8:"_tableat";s:14:"btContentLocal";s:6:"_where";N;s:6:"_saved";b:1;s:8:"_lasterr";b:0;s:9:"_original";a:2:{i:0;s:3:"150";i:1;s:471:"<p>Lorem ipsum dolor sit amet, consectetur adipiscing elit. Pellentesque consectetur euismod metus in mollis. Mauris ac gravida nisl. Vestibulum ante ipsum primis in faucibus orci luctus et ultrices posuere cubilia Curae; Donec consequat, nibh id commodo suscipit, augue risus eleifend sapien, ac feugiat dui lorem sed nulla. Mauris commodo eget tellus non congue. Aenean fermentum tortor odio. Etiam elit ligula, consequat eget interdum sit amet, gravida sed tortor.</p>";}s:11:"foreignName";s:11:"blockrecord";s:8:"lockMode";s:12:" for update ";s:3:"bID";s:3:"150";s:7:"content";s:471:"<p>Lorem ipsum dolor sit amet, consectetur adipiscing elit. Pellentesque consectetur euismod metus in mollis. Mauris ac gravida nisl. Vestibulum ante ipsum primis in faucibus orci luctus et ultrices posuere cubilia Curae; Donec consequat, nibh id commodo suscipit, augue risus eleifend sapien, ac feugiat dui lorem sed nulla. Mauris commodo eget tellus non congue. Aenean fermentum tortor odio. Etiam elit ligula, consequat eget interdum sit amet, gravida sed tortor.</p>";}'),
(151, NULL, '2015-02-24 20:05:05', '2015-02-24 20:05:05', NULL, '1', 9, 1, 'O:11:"BlockRecord":11:{s:5:"_dbat";i:1;s:6:"_table";s:14:"btContentLocal";s:8:"_tableat";s:14:"btContentLocal";s:6:"_where";s:7:"bID=151";s:6:"_saved";b:1;s:8:"_lasterr";b:0;s:9:"_original";a:2:{i:0;s:3:"151";i:1;s:471:"<p>Lorem ipsum dolor sit amet, consectetur adipiscing elit. Pellentesque consectetur euismod metus in mollis. Mauris ac gravida nisl. Vestibulum ante ipsum primis in faucibus orci luctus et ultrices posuere cubilia Curae; Donec consequat, nibh id commodo suscipit, augue risus eleifend sapien, ac feugiat dui lorem sed nulla. Mauris commodo eget tellus non congue. Aenean fermentum tortor odio. Etiam elit ligula, consequat eget interdum sit amet, gravida sed tortor.</p>";}s:11:"foreignName";s:11:"blockrecord";s:8:"lockMode";s:12:" for update ";s:3:"bID";s:3:"151";s:7:"content";s:471:"<p>Lorem ipsum dolor sit amet, consectetur adipiscing elit. Pellentesque consectetur euismod metus in mollis. Mauris ac gravida nisl. Vestibulum ante ipsum primis in faucibus orci luctus et ultrices posuere cubilia Curae; Donec consequat, nibh id commodo suscipit, augue risus eleifend sapien, ac feugiat dui lorem sed nulla. Mauris commodo eget tellus non congue. Aenean fermentum tortor odio. Etiam elit ligula, consequat eget interdum sit amet, gravida sed tortor.</p>";}'),
(152, NULL, '2015-02-24 20:05:43', '2015-02-24 20:05:43', NULL, '1', 27, 1, 'O:11:"BlockRecord":15:{s:5:"_dbat";i:1;s:6:"_table";s:9:"btYouTube";s:8:"_tableat";s:9:"btYouTube";s:6:"_where";s:7:"bID=152";s:6:"_saved";b:1;s:8:"_lasterr";b:0;s:9:"_original";a:6:{i:0;s:3:"152";i:1;s:9:"Ma vidéo";i:2;s:43:"https://www.youtube.com/watch?v=igRoV2EI92c";i:3;s:3:"315";i:4;s:3:"530";i:5;s:1:"0";}s:11:"foreignName";s:11:"blockrecord";s:8:"lockMode";s:12:" for update ";s:3:"bID";s:3:"152";s:5:"title";s:9:"Ma vidéo";s:8:"videoURL";s:43:"https://www.youtube.com/watch?v=igRoV2EI92c";s:7:"vHeight";s:3:"315";s:6:"vWidth";s:3:"530";s:7:"vPlayer";s:1:"0";}'),
(153, NULL, '2015-02-24 20:06:15', '2015-02-24 20:06:15', NULL, '1', 9, 1, 'O:11:"BlockRecord":11:{s:5:"_dbat";i:1;s:6:"_table";s:14:"btContentLocal";s:8:"_tableat";s:14:"btContentLocal";s:6:"_where";s:7:"bID=153";s:6:"_saved";b:1;s:8:"_lasterr";b:0;s:9:"_original";a:2:{i:0;s:3:"153";i:1;s:471:"<p>Lorem ipsum dolor sit amet, consectetur adipiscing elit. Pellentesque consectetur euismod metus in mollis. Mauris ac gravida nisl. Vestibulum ante ipsum primis in faucibus orci luctus et ultrices posuere cubilia Curae; Donec consequat, nibh id commodo suscipit, augue risus eleifend sapien, ac feugiat dui lorem sed nulla. Mauris commodo eget tellus non congue. Aenean fermentum tortor odio. Etiam elit ligula, consequat eget interdum sit amet, gravida sed tortor.</p>";}s:11:"foreignName";s:11:"blockrecord";s:8:"lockMode";s:12:" for update ";s:3:"bID";s:3:"153";s:7:"content";s:471:"<p>Lorem ipsum dolor sit amet, consectetur adipiscing elit. Pellentesque consectetur euismod metus in mollis. Mauris ac gravida nisl. Vestibulum ante ipsum primis in faucibus orci luctus et ultrices posuere cubilia Curae; Donec consequat, nibh id commodo suscipit, augue risus eleifend sapien, ac feugiat dui lorem sed nulla. Mauris commodo eget tellus non congue. Aenean fermentum tortor odio. Etiam elit ligula, consequat eget interdum sit amet, gravida sed tortor.</p>";}'),
(154, NULL, '2015-02-24 20:06:33', '2015-02-24 20:06:33', NULL, '1', 9, 1, 'O:11:"BlockRecord":11:{s:5:"_dbat";i:1;s:6:"_table";s:14:"btContentLocal";s:8:"_tableat";s:14:"btContentLocal";s:6:"_where";s:7:"bID=154";s:6:"_saved";b:1;s:8:"_lasterr";b:0;s:9:"_original";a:2:{i:0;s:3:"154";i:1;s:471:"<p>Lorem ipsum dolor sit amet, consectetur adipiscing elit. Pellentesque consectetur euismod metus in mollis. Mauris ac gravida nisl. Vestibulum ante ipsum primis in faucibus orci luctus et ultrices posuere cubilia Curae; Donec consequat, nibh id commodo suscipit, augue risus eleifend sapien, ac feugiat dui lorem sed nulla. Mauris commodo eget tellus non congue. Aenean fermentum tortor odio. Etiam elit ligula, consequat eget interdum sit amet, gravida sed tortor.</p>";}s:11:"foreignName";s:11:"blockrecord";s:8:"lockMode";s:12:" for update ";s:3:"bID";s:3:"154";s:7:"content";s:471:"<p>Lorem ipsum dolor sit amet, consectetur adipiscing elit. Pellentesque consectetur euismod metus in mollis. Mauris ac gravida nisl. Vestibulum ante ipsum primis in faucibus orci luctus et ultrices posuere cubilia Curae; Donec consequat, nibh id commodo suscipit, augue risus eleifend sapien, ac feugiat dui lorem sed nulla. Mauris commodo eget tellus non congue. Aenean fermentum tortor odio. Etiam elit ligula, consequat eget interdum sit amet, gravida sed tortor.</p>";}'),
(155, NULL, '2015-02-24 20:07:12', '2015-02-24 20:07:12', NULL, '1', 9, 1, 'O:11:"BlockRecord":11:{s:5:"_dbat";i:1;s:6:"_table";s:14:"btContentLocal";s:8:"_tableat";s:14:"btContentLocal";s:6:"_where";s:7:"bID=155";s:6:"_saved";b:1;s:8:"_lasterr";b:0;s:9:"_original";a:2:{i:0;s:3:"155";i:1;s:471:"<p>Lorem ipsum dolor sit amet, consectetur adipiscing elit. Pellentesque consectetur euismod metus in mollis. Mauris ac gravida nisl. Vestibulum ante ipsum primis in faucibus orci luctus et ultrices posuere cubilia Curae; Donec consequat, nibh id commodo suscipit, augue risus eleifend sapien, ac feugiat dui lorem sed nulla. Mauris commodo eget tellus non congue. Aenean fermentum tortor odio. Etiam elit ligula, consequat eget interdum sit amet, gravida sed tortor.</p>";}s:11:"foreignName";s:11:"blockrecord";s:8:"lockMode";s:12:" for update ";s:3:"bID";s:3:"155";s:7:"content";s:471:"<p>Lorem ipsum dolor sit amet, consectetur adipiscing elit. Pellentesque consectetur euismod metus in mollis. Mauris ac gravida nisl. Vestibulum ante ipsum primis in faucibus orci luctus et ultrices posuere cubilia Curae; Donec consequat, nibh id commodo suscipit, augue risus eleifend sapien, ac feugiat dui lorem sed nulla. Mauris commodo eget tellus non congue. Aenean fermentum tortor odio. Etiam elit ligula, consequat eget interdum sit amet, gravida sed tortor.</p>";}'),
(156, NULL, '2015-02-24 20:07:26', '2015-02-24 20:07:26', NULL, '1', 9, 1, 'O:11:"BlockRecord":11:{s:5:"_dbat";i:1;s:6:"_table";s:14:"btContentLocal";s:8:"_tableat";s:14:"btContentLocal";s:6:"_where";s:7:"bID=156";s:6:"_saved";b:1;s:8:"_lasterr";b:0;s:9:"_original";a:2:{i:0;s:3:"156";i:1;s:471:"<p>Lorem ipsum dolor sit amet, consectetur adipiscing elit. Pellentesque consectetur euismod metus in mollis. Mauris ac gravida nisl. Vestibulum ante ipsum primis in faucibus orci luctus et ultrices posuere cubilia Curae; Donec consequat, nibh id commodo suscipit, augue risus eleifend sapien, ac feugiat dui lorem sed nulla. Mauris commodo eget tellus non congue. Aenean fermentum tortor odio. Etiam elit ligula, consequat eget interdum sit amet, gravida sed tortor.</p>";}s:11:"foreignName";s:11:"blockrecord";s:8:"lockMode";s:12:" for update ";s:3:"bID";s:3:"156";s:7:"content";s:471:"<p>Lorem ipsum dolor sit amet, consectetur adipiscing elit. Pellentesque consectetur euismod metus in mollis. Mauris ac gravida nisl. Vestibulum ante ipsum primis in faucibus orci luctus et ultrices posuere cubilia Curae; Donec consequat, nibh id commodo suscipit, augue risus eleifend sapien, ac feugiat dui lorem sed nulla. Mauris commodo eget tellus non congue. Aenean fermentum tortor odio. Etiam elit ligula, consequat eget interdum sit amet, gravida sed tortor.</p>";}'),
(157, NULL, '2015-02-24 20:09:08', '2015-02-24 20:09:08', NULL, '1', 27, 1, 'O:11:"BlockRecord":15:{s:5:"_dbat";i:1;s:6:"_table";s:9:"btYouTube";s:8:"_tableat";s:9:"btYouTube";s:6:"_where";s:7:"bID=157";s:6:"_saved";b:1;s:8:"_lasterr";b:0;s:9:"_original";a:6:{i:0;s:3:"157";i:1;s:9:"Ma vidéo";i:2;s:43:"https://www.youtube.com/watch?v=igRoV2EI92c";i:3;s:3:"315";i:4;s:3:"530";i:5;s:1:"0";}s:11:"foreignName";s:11:"blockrecord";s:8:"lockMode";s:12:" for update ";s:3:"bID";s:3:"157";s:5:"title";s:9:"Ma vidéo";s:8:"videoURL";s:43:"https://www.youtube.com/watch?v=igRoV2EI92c";s:7:"vHeight";s:3:"315";s:6:"vWidth";s:3:"530";s:7:"vPlayer";s:1:"0";}'),
(158, NULL, '2015-02-24 20:10:16', '2015-02-24 20:10:16', NULL, '1', 9, 1, 'O:11:"BlockRecord":11:{s:5:"_dbat";i:1;s:6:"_table";s:14:"btContentLocal";s:8:"_tableat";s:14:"btContentLocal";s:6:"_where";s:7:"bID=158";s:6:"_saved";b:1;s:8:"_lasterr";b:0;s:9:"_original";a:2:{i:0;s:3:"158";i:1;s:471:"<p>Lorem ipsum dolor sit amet, consectetur adipiscing elit. Pellentesque consectetur euismod metus in mollis. Mauris ac gravida nisl. Vestibulum ante ipsum primis in faucibus orci luctus et ultrices posuere cubilia Curae; Donec consequat, nibh id commodo suscipit, augue risus eleifend sapien, ac feugiat dui lorem sed nulla. Mauris commodo eget tellus non congue. Aenean fermentum tortor odio. Etiam elit ligula, consequat eget interdum sit amet, gravida sed tortor.</p>";}s:11:"foreignName";s:11:"blockrecord";s:8:"lockMode";s:12:" for update ";s:3:"bID";s:3:"158";s:7:"content";s:471:"<p>Lorem ipsum dolor sit amet, consectetur adipiscing elit. Pellentesque consectetur euismod metus in mollis. Mauris ac gravida nisl. Vestibulum ante ipsum primis in faucibus orci luctus et ultrices posuere cubilia Curae; Donec consequat, nibh id commodo suscipit, augue risus eleifend sapien, ac feugiat dui lorem sed nulla. Mauris commodo eget tellus non congue. Aenean fermentum tortor odio. Etiam elit ligula, consequat eget interdum sit amet, gravida sed tortor.</p>";}'),
(159, NULL, '2015-02-24 20:10:54', '2015-02-24 20:10:54', NULL, '1', 9, 1, 'O:11:"BlockRecord":11:{s:5:"_dbat";i:1;s:6:"_table";s:14:"btContentLocal";s:8:"_tableat";s:14:"btContentLocal";s:6:"_where";s:7:"bID=159";s:6:"_saved";b:1;s:8:"_lasterr";b:0;s:9:"_original";a:2:{i:0;s:3:"159";i:1;s:471:"<p>Lorem ipsum dolor sit amet, consectetur adipiscing elit. Pellentesque consectetur euismod metus in mollis. Mauris ac gravida nisl. Vestibulum ante ipsum primis in faucibus orci luctus et ultrices posuere cubilia Curae; Donec consequat, nibh id commodo suscipit, augue risus eleifend sapien, ac feugiat dui lorem sed nulla. Mauris commodo eget tellus non congue. Aenean fermentum tortor odio. Etiam elit ligula, consequat eget interdum sit amet, gravida sed tortor.</p>";}s:11:"foreignName";s:11:"blockrecord";s:8:"lockMode";s:12:" for update ";s:3:"bID";s:3:"159";s:7:"content";s:471:"<p>Lorem ipsum dolor sit amet, consectetur adipiscing elit. Pellentesque consectetur euismod metus in mollis. Mauris ac gravida nisl. Vestibulum ante ipsum primis in faucibus orci luctus et ultrices posuere cubilia Curae; Donec consequat, nibh id commodo suscipit, augue risus eleifend sapien, ac feugiat dui lorem sed nulla. Mauris commodo eget tellus non congue. Aenean fermentum tortor odio. Etiam elit ligula, consequat eget interdum sit amet, gravida sed tortor.</p>";}'),
(160, NULL, '2015-02-24 20:11:06', '2015-02-24 20:11:06', NULL, '1', 9, 1, 'O:11:"BlockRecord":11:{s:5:"_dbat";i:1;s:6:"_table";s:14:"btContentLocal";s:8:"_tableat";s:14:"btContentLocal";s:6:"_where";s:7:"bID=160";s:6:"_saved";b:1;s:8:"_lasterr";b:0;s:9:"_original";a:2:{i:0;s:3:"160";i:1;s:471:"<p>Lorem ipsum dolor sit amet, consectetur adipiscing elit. Pellentesque consectetur euismod metus in mollis. Mauris ac gravida nisl. Vestibulum ante ipsum primis in faucibus orci luctus et ultrices posuere cubilia Curae; Donec consequat, nibh id commodo suscipit, augue risus eleifend sapien, ac feugiat dui lorem sed nulla. Mauris commodo eget tellus non congue. Aenean fermentum tortor odio. Etiam elit ligula, consequat eget interdum sit amet, gravida sed tortor.</p>";}s:11:"foreignName";s:11:"blockrecord";s:8:"lockMode";s:12:" for update ";s:3:"bID";s:3:"160";s:7:"content";s:471:"<p>Lorem ipsum dolor sit amet, consectetur adipiscing elit. Pellentesque consectetur euismod metus in mollis. Mauris ac gravida nisl. Vestibulum ante ipsum primis in faucibus orci luctus et ultrices posuere cubilia Curae; Donec consequat, nibh id commodo suscipit, augue risus eleifend sapien, ac feugiat dui lorem sed nulla. Mauris commodo eget tellus non congue. Aenean fermentum tortor odio. Etiam elit ligula, consequat eget interdum sit amet, gravida sed tortor.</p>";}'),
(161, NULL, '2015-02-24 20:12:13', '2015-02-24 20:12:13', NULL, '1', 27, 1, 'O:11:"BlockRecord":15:{s:5:"_dbat";i:1;s:6:"_table";s:9:"btYouTube";s:8:"_tableat";s:9:"btYouTube";s:6:"_where";s:7:"bID=161";s:6:"_saved";b:1;s:8:"_lasterr";b:0;s:9:"_original";a:6:{i:0;s:3:"161";i:1;s:9:"Ma vidéo";i:2;s:43:"https://www.youtube.com/watch?v=igRoV2EI92c";i:3;s:3:"315";i:4;s:3:"530";i:5;s:1:"0";}s:11:"foreignName";s:11:"blockrecord";s:8:"lockMode";s:12:" for update ";s:3:"bID";s:3:"161";s:5:"title";s:9:"Ma vidéo";s:8:"videoURL";s:43:"https://www.youtube.com/watch?v=igRoV2EI92c";s:7:"vHeight";s:3:"315";s:6:"vWidth";s:3:"530";s:7:"vPlayer";s:1:"0";}');
INSERT INTO `Blocks` (`bID`, `bName`, `bDateAdded`, `bDateModified`, `bFilename`, `bIsActive`, `btID`, `uID`, `btCachedBlockRecord`) VALUES
(162, NULL, '2015-02-24 20:14:31', '2015-02-24 20:14:31', NULL, '1', 20, 1, 'O:11:"BlockRecord":24:{s:5:"_dbat";i:1;s:6:"_table";s:10:"btPageList";s:8:"_tableat";s:10:"btPageList";s:6:"_where";N;s:6:"_saved";b:1;s:8:"_lasterr";b:0;s:9:"_original";a:15:{i:0;s:3:"162";i:1;i:0;i:2;s:11:"display_asc";i:3;i:0;i:4;s:1:"0";i:5;s:1:"0";i:6;i:0;i:7;s:1:"1";i:8;i:0;i:9;i:0;i:10;s:0:"";i:11;s:0:"";i:12;s:1:"0";i:13;s:1:"0";i:14;i:0;}s:11:"foreignName";s:11:"blockrecord";s:8:"lockMode";s:12:" for update ";s:3:"bID";s:3:"162";s:3:"num";i:0;s:7:"orderBy";s:11:"display_asc";s:9:"cParentID";i:0;s:5:"cThis";s:1:"0";s:21:"includeAllDescendents";s:1:"0";s:8:"paginate";i:0;s:14:"displayAliases";s:1:"1";s:4:"ctID";i:0;s:3:"rss";i:0;s:8:"rssTitle";s:0:"";s:14:"rssDescription";s:0:"";s:17:"truncateSummaries";s:1:"0";s:19:"displayFeaturedOnly";s:1:"0";s:13:"truncateChars";i:0;}'),
(163, NULL, '2015-02-24 20:17:35', '2015-02-24 20:18:07', NULL, '1', 14, 1, NULL),
(164, NULL, '2015-02-24 20:21:43', '2015-02-24 20:21:43', NULL, '1', 17, 1, 'O:11:"BlockRecord":11:{s:5:"_dbat";i:1;s:6:"_table";s:14:"btContentLocal";s:8:"_tableat";s:14:"btContentLocal";s:6:"_where";N;s:6:"_saved";b:1;s:8:"_lasterr";b:0;s:9:"_original";a:2:{i:0;s:3:"164";i:1;s:16:"<h1>Contact</h1>";}s:11:"foreignName";s:11:"blockrecord";s:8:"lockMode";s:12:" for update ";s:3:"bID";s:3:"164";s:7:"content";s:16:"<h1>Contact</h1>";}'),
(165, NULL, '2015-02-24 20:23:07', '2015-02-24 20:23:07', NULL, '1', 17, 1, 'O:11:"BlockRecord":11:{s:5:"_dbat";i:1;s:6:"_table";s:14:"btContentLocal";s:8:"_tableat";s:14:"btContentLocal";s:6:"_where";s:7:"bID=165";s:6:"_saved";b:1;s:8:"_lasterr";b:0;s:9:"_original";a:2:{i:0;s:3:"165";i:1;s:16:"<h1>Contact</h1>";}s:11:"foreignName";s:11:"blockrecord";s:8:"lockMode";s:12:" for update ";s:3:"bID";s:3:"165";s:7:"content";s:16:"<h1>Contact</h1>";}'),
(166, NULL, '2015-02-24 20:23:30', '2015-02-24 20:23:30', NULL, '1', 14, 1, NULL),
(167, NULL, '2015-02-24 20:25:44', '2015-02-24 20:25:44', NULL, '1', 15, 1, 'O:11:"BlockRecord":18:{s:5:"_dbat";i:1;s:6:"_table";s:11:"btGoogleMap";s:8:"_tableat";s:11:"btGoogleMap";s:6:"_where";N;s:6:"_saved";b:1;s:8:"_lasterr";b:0;s:9:"_original";a:9:{i:0;s:3:"167";i:1;s:19:"IUT Calais Boulogne";i:2;s:47:"rue Louis David BP689 62228 Calais Cedex FRANCE";i:3;d:0;i:4;d:0;i:5;i:14;i:6;i:0;i:7;s:0:"";i:8;i:0;}s:11:"foreignName";s:11:"blockrecord";s:8:"lockMode";s:12:" for update ";s:3:"bID";s:3:"167";s:5:"title";s:19:"IUT Calais Boulogne";s:8:"location";s:47:"rue Louis David BP689 62228 Calais Cedex FRANCE";s:8:"latitude";d:0;s:9:"longitude";d:0;s:4:"zoom";i:14;s:11:"balloonShow";i:0;s:14:"balloonContent";s:0:"";s:21:"balloonWithLinkToMaps";i:0;}'),
(168, NULL, '2015-02-24 20:26:27', '2015-02-24 20:26:28', NULL, '1', 15, 1, 'O:11:"BlockRecord":18:{s:5:"_dbat";i:1;s:6:"_table";s:11:"btGoogleMap";s:8:"_tableat";s:11:"btGoogleMap";s:6:"_where";N;s:6:"_saved";b:1;s:8:"_lasterr";b:0;s:9:"_original";a:9:{i:0;s:3:"168";i:1;s:19:"IUT Calais Boulogne";i:2;s:41:"rue Louis David 62228 Calais Cedex FRANCE";i:3;d:50.949236499999998;i:4;d:1.8853618000000001;i:5;i:14;i:6;i:0;i:7;s:0:"";i:8;i:0;}s:11:"foreignName";s:11:"blockrecord";s:8:"lockMode";s:12:" for update ";s:3:"bID";s:3:"168";s:5:"title";s:19:"IUT Calais Boulogne";s:8:"location";s:41:"rue Louis David 62228 Calais Cedex FRANCE";s:8:"latitude";d:50.949236499999998;s:9:"longitude";d:1.8853618000000001;s:4:"zoom";i:14;s:11:"balloonShow";i:0;s:14:"balloonContent";s:0:"";s:21:"balloonWithLinkToMaps";i:0;}'),
(169, NULL, '2015-02-24 20:27:26', '2015-02-24 20:27:26', NULL, '1', 15, 1, 'O:11:"BlockRecord":18:{s:5:"_dbat";i:1;s:6:"_table";s:11:"btGoogleMap";s:8:"_tableat";s:11:"btGoogleMap";s:6:"_where";N;s:6:"_saved";b:1;s:8:"_lasterr";b:0;s:9:"_original";a:9:{i:0;s:3:"169";i:1;s:19:"IUT Calais Boulogne";i:2;s:41:"rue Louis David 62228 Calais Cedex FRANCE";i:3;d:50.949236499999998;i:4;d:1.8853618000000001;i:5;i:19;i:6;i:0;i:7;s:0:"";i:8;i:0;}s:11:"foreignName";s:11:"blockrecord";s:8:"lockMode";s:12:" for update ";s:3:"bID";s:3:"169";s:5:"title";s:19:"IUT Calais Boulogne";s:8:"location";s:41:"rue Louis David 62228 Calais Cedex FRANCE";s:8:"latitude";d:50.949236499999998;s:9:"longitude";d:1.8853618000000001;s:4:"zoom";i:19;s:11:"balloonShow";i:0;s:14:"balloonContent";s:0:"";s:21:"balloonWithLinkToMaps";i:0;}'),
(170, NULL, '2015-02-24 20:27:40', '2015-02-24 20:27:41', NULL, '1', 15, 1, 'O:11:"BlockRecord":18:{s:5:"_dbat";i:1;s:6:"_table";s:11:"btGoogleMap";s:8:"_tableat";s:11:"btGoogleMap";s:6:"_where";N;s:6:"_saved";b:1;s:8:"_lasterr";b:0;s:9:"_original";a:9:{i:0;s:3:"170";i:1;s:19:"IUT Calais Boulogne";i:2;s:41:"rue Louis David 62228 Calais Cedex FRANCE";i:3;d:50.949236499999998;i:4;d:1.8853618000000001;i:5;i:17;i:6;i:0;i:7;s:0:"";i:8;i:0;}s:11:"foreignName";s:11:"blockrecord";s:8:"lockMode";s:12:" for update ";s:3:"bID";s:3:"170";s:5:"title";s:19:"IUT Calais Boulogne";s:8:"location";s:41:"rue Louis David 62228 Calais Cedex FRANCE";s:8:"latitude";d:50.949236499999998;s:9:"longitude";d:1.8853618000000001;s:4:"zoom";i:17;s:11:"balloonShow";i:0;s:14:"balloonContent";s:0:"";s:21:"balloonWithLinkToMaps";i:0;}'),
(171, NULL, '2015-02-24 20:29:01', '2015-02-24 20:29:01', NULL, '1', 9, 1, 'O:11:"BlockRecord":11:{s:5:"_dbat";i:1;s:6:"_table";s:14:"btContentLocal";s:8:"_tableat";s:14:"btContentLocal";s:6:"_where";N;s:6:"_saved";b:1;s:8:"_lasterr";b:0;s:9:"_original";a:2:{i:0;s:3:"171";i:1;s:81:"<p><span style="text-decoration: underline;">Accès à l''IUT de Calais</span></p>";}s:11:"foreignName";s:11:"blockrecord";s:8:"lockMode";s:12:" for update ";s:3:"bID";s:3:"171";s:7:"content";s:81:"<p><span style="text-decoration: underline;">Accès à l''IUT de Calais</span></p>";}'),
(172, NULL, '2015-02-24 20:29:40', '2015-02-24 20:29:40', NULL, '1', 15, 1, 'O:11:"BlockRecord":18:{s:5:"_dbat";i:1;s:6:"_table";s:11:"btGoogleMap";s:8:"_tableat";s:11:"btGoogleMap";s:6:"_where";s:7:"bID=172";s:6:"_saved";b:1;s:8:"_lasterr";b:0;s:9:"_original";a:9:{i:0;s:3:"172";i:1;s:19:"IUT Calais Boulogne";i:2;s:41:"rue Louis David 62228 Calais Cedex FRANCE";i:3;s:10:"50.9492365";i:4;s:9:"1.8853618";i:5;s:2:"17";i:6;s:1:"0";i:7;s:0:"";i:8;s:1:"0";}s:11:"foreignName";s:11:"blockrecord";s:8:"lockMode";s:12:" for update ";s:3:"bID";s:3:"172";s:5:"title";s:19:"IUT Calais Boulogne";s:8:"location";s:41:"rue Louis David 62228 Calais Cedex FRANCE";s:8:"latitude";s:10:"50.9492365";s:9:"longitude";s:9:"1.8853618";s:4:"zoom";s:2:"17";s:11:"balloonShow";s:1:"0";s:14:"balloonContent";s:0:"";s:21:"balloonWithLinkToMaps";s:1:"0";}'),
(173, NULL, '2015-02-24 20:31:01', '2015-02-24 20:31:01', NULL, '1', 17, 1, 'O:11:"BlockRecord":11:{s:5:"_dbat";i:1;s:6:"_table";s:14:"btContentLocal";s:8:"_tableat";s:14:"btContentLocal";s:6:"_where";N;s:6:"_saved";b:1;s:8:"_lasterr";b:0;s:9:"_original";a:2:{i:0;s:3:"173";i:1;s:35:"<h1>Liste des articles du blog</h1>";}s:11:"foreignName";s:11:"blockrecord";s:8:"lockMode";s:12:" for update ";s:3:"bID";s:3:"173";s:7:"content";s:35:"<h1>Liste des articles du blog</h1>";}'),
(174, NULL, '2015-02-24 20:33:01', '2015-02-24 20:33:01', NULL, '1', 17, 1, 'O:11:"BlockRecord":11:{s:5:"_dbat";i:1;s:6:"_table";s:14:"btContentLocal";s:8:"_tableat";s:14:"btContentLocal";s:6:"_where";N;s:6:"_saved";b:1;s:8:"_lasterr";b:0;s:9:"_original";a:2:{i:0;s:3:"174";i:1;s:50:"<h1>Liste des produits en vente sur ce site !</<1>";}s:11:"foreignName";s:11:"blockrecord";s:8:"lockMode";s:12:" for update ";s:3:"bID";s:3:"174";s:7:"content";s:50:"<h1>Liste des produits en vente sur ce site !</<1>";}'),
(175, NULL, '2015-02-24 20:33:36', '2015-02-24 20:33:36', NULL, '1', 27, 1, 'O:11:"BlockRecord":15:{s:5:"_dbat";i:1;s:6:"_table";s:9:"btYouTube";s:8:"_tableat";s:9:"btYouTube";s:6:"_where";s:7:"bID=175";s:6:"_saved";b:1;s:8:"_lasterr";b:0;s:9:"_original";a:6:{i:0;s:3:"175";i:1;s:9:"Ma vidéo";i:2;s:43:"https://www.youtube.com/watch?v=igRoV2EI92c";i:3;s:3:"315";i:4;s:3:"530";i:5;s:1:"0";}s:11:"foreignName";s:11:"blockrecord";s:8:"lockMode";s:12:" for update ";s:3:"bID";s:3:"175";s:5:"title";s:9:"Ma vidéo";s:8:"videoURL";s:43:"https://www.youtube.com/watch?v=igRoV2EI92c";s:7:"vHeight";s:3:"315";s:6:"vWidth";s:3:"530";s:7:"vPlayer";s:1:"0";}'),
(176, NULL, '2015-02-24 20:33:56', '2015-02-24 20:33:56', NULL, '1', 17, 1, 'O:11:"BlockRecord":11:{s:5:"_dbat";i:1;s:6:"_table";s:14:"btContentLocal";s:8:"_tableat";s:14:"btContentLocal";s:6:"_where";s:7:"bID=176";s:6:"_saved";b:1;s:8:"_lasterr";b:0;s:9:"_original";a:2:{i:0;s:3:"176";i:1;s:50:"<h1>Liste des produits en vente sur ce site !</<1>";}s:11:"foreignName";s:11:"blockrecord";s:8:"lockMode";s:12:" for update ";s:3:"bID";s:3:"176";s:7:"content";s:50:"<h1>Liste des produits en vente sur ce site !</<1>";}'),
(177, '', '2015-02-24 20:41:49', '2015-03-02 16:00:36', '', '1', 20, 1, 'O:11:"BlockRecord":24:{s:5:"_dbat";i:1;s:6:"_table";s:10:"btPageList";s:8:"_tableat";s:10:"btPageList";s:6:"_where";s:7:"bID=177";s:6:"_saved";b:1;s:8:"_lasterr";b:0;s:9:"_original";a:15:{i:0;s:3:"177";i:1;s:1:"0";i:2;s:11:"display_asc";i:3;s:1:"0";i:4;s:1:"0";i:5;s:1:"0";i:6;s:1:"0";i:7;s:1:"1";i:8;s:1:"0";i:9;s:1:"0";i:10;s:0:"";i:11;s:0:"";i:12;s:1:"0";i:13;s:1:"0";i:14;s:1:"0";}s:11:"foreignName";s:11:"blockrecord";s:8:"lockMode";s:12:" for update ";s:3:"bID";s:3:"177";s:3:"num";s:1:"0";s:7:"orderBy";s:11:"display_asc";s:9:"cParentID";s:1:"0";s:5:"cThis";s:1:"0";s:21:"includeAllDescendents";s:1:"0";s:8:"paginate";s:1:"0";s:14:"displayAliases";s:1:"1";s:4:"ctID";s:1:"0";s:3:"rss";s:1:"0";s:8:"rssTitle";s:0:"";s:14:"rssDescription";s:0:"";s:17:"truncateSummaries";s:1:"0";s:19:"displayFeaturedOnly";s:1:"0";s:13:"truncateChars";s:1:"0";}'),
(178, NULL, '2015-03-02 15:59:18', '2015-03-02 15:59:18', NULL, '1', 17, 1, 'O:11:"BlockRecord":11:{s:5:"_dbat";i:1;s:6:"_table";s:14:"btContentLocal";s:8:"_tableat";s:14:"btContentLocal";s:6:"_where";s:7:"bID=178";s:6:"_saved";b:1;s:8:"_lasterr";b:0;s:9:"_original";a:2:{i:0;s:3:"178";i:1;s:163:"<p>Lorem ipsum dolor sit amet, consectetur adipiscing elit. Phasellus sed lacinia odio. Nulla vehicula velit maximus odio euismod, ac sodales erat condimentum.</p>";}s:11:"foreignName";s:11:"blockrecord";s:8:"lockMode";s:12:" for update ";s:3:"bID";s:3:"178";s:7:"content";s:163:"<p>Lorem ipsum dolor sit amet, consectetur adipiscing elit. Phasellus sed lacinia odio. Nulla vehicula velit maximus odio euismod, ac sodales erat condimentum.</p>";}'),
(179, NULL, '2015-03-03 15:01:42', '2015-03-03 15:01:42', NULL, '1', 18, 1, 'O:11:"BlockRecord":18:{s:5:"_dbat";i:1;s:6:"_table";s:14:"btContentImage";s:8:"_tableat";s:14:"btContentImage";s:6:"_where";N;s:6:"_saved";b:1;s:8:"_lasterr";b:0;s:9:"_original";a:9:{i:0;s:3:"179";i:1;s:1:"2";i:2;s:1:"0";i:3;i:0;i:4;i:0;i:5;s:0:"";i:6;i:0;i:7;s:1:"0";i:8;s:0:"";}s:11:"foreignName";s:11:"blockrecord";s:8:"lockMode";s:12:" for update ";s:3:"bID";s:3:"179";s:3:"fID";s:1:"2";s:10:"fOnstateID";s:1:"0";s:8:"maxWidth";i:0;s:9:"maxHeight";i:0;s:12:"externalLink";s:0:"";s:15:"internalLinkCID";i:0;s:27:"forceImageToMatchDimensions";s:1:"0";s:7:"altText";s:0:"";}'),
(180, NULL, '2015-03-03 15:03:36', '2015-03-03 15:03:36', NULL, '1', 18, 1, 'O:11:"BlockRecord":18:{s:5:"_dbat";i:1;s:6:"_table";s:14:"btContentImage";s:8:"_tableat";s:14:"btContentImage";s:6:"_where";N;s:6:"_saved";b:1;s:8:"_lasterr";b:0;s:9:"_original";a:9:{i:0;s:3:"180";i:1;s:1:"3";i:2;s:1:"0";i:3;i:0;i:4;i:0;i:5;s:0:"";i:6;i:0;i:7;s:1:"0";i:8;s:0:"";}s:11:"foreignName";s:11:"blockrecord";s:8:"lockMode";s:12:" for update ";s:3:"bID";s:3:"180";s:3:"fID";s:1:"3";s:10:"fOnstateID";s:1:"0";s:8:"maxWidth";i:0;s:9:"maxHeight";i:0;s:12:"externalLink";s:0:"";s:15:"internalLinkCID";i:0;s:27:"forceImageToMatchDimensions";s:1:"0";s:7:"altText";s:0:"";}'),
(181, NULL, '2015-03-03 15:03:52', '2015-03-03 15:03:52', NULL, '1', 18, 1, 'O:11:"BlockRecord":18:{s:5:"_dbat";i:1;s:6:"_table";s:14:"btContentImage";s:8:"_tableat";s:14:"btContentImage";s:6:"_where";N;s:6:"_saved";b:1;s:8:"_lasterr";b:0;s:9:"_original";a:9:{i:0;s:3:"181";i:1;s:1:"4";i:2;s:1:"0";i:3;i:0;i:4;i:0;i:5;s:0:"";i:6;i:0;i:7;s:1:"0";i:8;s:0:"";}s:11:"foreignName";s:11:"blockrecord";s:8:"lockMode";s:12:" for update ";s:3:"bID";s:3:"181";s:3:"fID";s:1:"4";s:10:"fOnstateID";s:1:"0";s:8:"maxWidth";i:0;s:9:"maxHeight";i:0;s:12:"externalLink";s:0:"";s:15:"internalLinkCID";i:0;s:27:"forceImageToMatchDimensions";s:1:"0";s:7:"altText";s:0:"";}'),
(182, NULL, '2015-03-03 15:04:07', '2015-03-03 15:04:07', NULL, '1', 18, 1, 'O:11:"BlockRecord":18:{s:5:"_dbat";i:1;s:6:"_table";s:14:"btContentImage";s:8:"_tableat";s:14:"btContentImage";s:6:"_where";N;s:6:"_saved";b:1;s:8:"_lasterr";b:0;s:9:"_original";a:9:{i:0;s:3:"182";i:1;s:2:"10";i:2;s:1:"0";i:3;i:30;i:4;i:30;i:5;s:0:"";i:6;i:0;i:7;s:1:"0";i:8;s:0:"";}s:11:"foreignName";s:11:"blockrecord";s:8:"lockMode";s:12:" for update ";s:3:"bID";s:3:"182";s:3:"fID";s:2:"10";s:10:"fOnstateID";s:1:"0";s:8:"maxWidth";i:30;s:9:"maxHeight";i:30;s:12:"externalLink";s:0:"";s:15:"internalLinkCID";i:0;s:27:"forceImageToMatchDimensions";s:1:"0";s:7:"altText";s:0:"";}'),
(183, NULL, '2015-03-03 15:04:21', '2015-03-03 15:04:21', NULL, '1', 18, 1, 'O:11:"BlockRecord":18:{s:5:"_dbat";i:1;s:6:"_table";s:14:"btContentImage";s:8:"_tableat";s:14:"btContentImage";s:6:"_where";N;s:6:"_saved";b:1;s:8:"_lasterr";b:0;s:9:"_original";a:9:{i:0;s:3:"183";i:1;s:1:"8";i:2;s:1:"0";i:3;i:0;i:4;i:0;i:5;s:0:"";i:6;i:0;i:7;s:1:"0";i:8;s:0:"";}s:11:"foreignName";s:11:"blockrecord";s:8:"lockMode";s:12:" for update ";s:3:"bID";s:3:"183";s:3:"fID";s:1:"8";s:10:"fOnstateID";s:1:"0";s:8:"maxWidth";i:0;s:9:"maxHeight";i:0;s:12:"externalLink";s:0:"";s:15:"internalLinkCID";i:0;s:27:"forceImageToMatchDimensions";s:1:"0";s:7:"altText";s:0:"";}'),
(184, NULL, '2015-03-03 15:04:30', '2015-03-03 15:04:30', NULL, '1', 18, 1, 'O:11:"BlockRecord":18:{s:5:"_dbat";i:1;s:6:"_table";s:14:"btContentImage";s:8:"_tableat";s:14:"btContentImage";s:6:"_where";N;s:6:"_saved";b:1;s:8:"_lasterr";b:0;s:9:"_original";a:9:{i:0;s:3:"184";i:1;s:1:"9";i:2;s:1:"0";i:3;i:0;i:4;i:0;i:5;s:0:"";i:6;i:0;i:7;s:1:"0";i:8;s:0:"";}s:11:"foreignName";s:11:"blockrecord";s:8:"lockMode";s:12:" for update ";s:3:"bID";s:3:"184";s:3:"fID";s:1:"9";s:10:"fOnstateID";s:1:"0";s:8:"maxWidth";i:0;s:9:"maxHeight";i:0;s:12:"externalLink";s:0:"";s:15:"internalLinkCID";i:0;s:27:"forceImageToMatchDimensions";s:1:"0";s:7:"altText";s:0:"";}'),
(185, NULL, '2015-03-03 15:04:39', '2015-03-03 15:04:39', NULL, '1', 18, 1, 'O:11:"BlockRecord":18:{s:5:"_dbat";i:1;s:6:"_table";s:14:"btContentImage";s:8:"_tableat";s:14:"btContentImage";s:6:"_where";N;s:6:"_saved";b:1;s:8:"_lasterr";b:0;s:9:"_original";a:9:{i:0;s:3:"185";i:1;s:2:"12";i:2;s:1:"0";i:3;i:0;i:4;i:0;i:5;s:0:"";i:6;i:0;i:7;s:1:"0";i:8;s:0:"";}s:11:"foreignName";s:11:"blockrecord";s:8:"lockMode";s:12:" for update ";s:3:"bID";s:3:"185";s:3:"fID";s:2:"12";s:10:"fOnstateID";s:1:"0";s:8:"maxWidth";i:0;s:9:"maxHeight";i:0;s:12:"externalLink";s:0:"";s:15:"internalLinkCID";i:0;s:27:"forceImageToMatchDimensions";s:1:"0";s:7:"altText";s:0:"";}'),
(186, NULL, '2015-03-03 15:04:48', '2015-03-03 15:04:48', NULL, '1', 18, 1, 'O:11:"BlockRecord":18:{s:5:"_dbat";i:1;s:6:"_table";s:14:"btContentImage";s:8:"_tableat";s:14:"btContentImage";s:6:"_where";N;s:6:"_saved";b:1;s:8:"_lasterr";b:0;s:9:"_original";a:9:{i:0;s:3:"186";i:1;s:2:"11";i:2;s:1:"0";i:3;i:0;i:4;i:0;i:5;s:0:"";i:6;i:0;i:7;s:1:"0";i:8;s:0:"";}s:11:"foreignName";s:11:"blockrecord";s:8:"lockMode";s:12:" for update ";s:3:"bID";s:3:"186";s:3:"fID";s:2:"11";s:10:"fOnstateID";s:1:"0";s:8:"maxWidth";i:0;s:9:"maxHeight";i:0;s:12:"externalLink";s:0:"";s:15:"internalLinkCID";i:0;s:27:"forceImageToMatchDimensions";s:1:"0";s:7:"altText";s:0:"";}'),
(187, NULL, '2015-03-03 15:05:05', '2015-03-03 15:05:05', NULL, '1', 18, 1, 'O:11:"BlockRecord":18:{s:5:"_dbat";i:1;s:6:"_table";s:14:"btContentImage";s:8:"_tableat";s:14:"btContentImage";s:6:"_where";N;s:6:"_saved";b:1;s:8:"_lasterr";b:0;s:9:"_original";a:9:{i:0;s:3:"187";i:1;s:1:"5";i:2;s:1:"0";i:3;i:0;i:4;i:0;i:5;s:0:"";i:6;i:0;i:7;s:1:"0";i:8;s:0:"";}s:11:"foreignName";s:11:"blockrecord";s:8:"lockMode";s:12:" for update ";s:3:"bID";s:3:"187";s:3:"fID";s:1:"5";s:10:"fOnstateID";s:1:"0";s:8:"maxWidth";i:0;s:9:"maxHeight";i:0;s:12:"externalLink";s:0:"";s:15:"internalLinkCID";i:0;s:27:"forceImageToMatchDimensions";s:1:"0";s:7:"altText";s:0:"";}'),
(188, NULL, '2015-03-03 15:05:16', '2015-03-03 15:05:16', NULL, '1', 18, 1, 'O:11:"BlockRecord":18:{s:5:"_dbat";i:1;s:6:"_table";s:14:"btContentImage";s:8:"_tableat";s:14:"btContentImage";s:6:"_where";N;s:6:"_saved";b:1;s:8:"_lasterr";b:0;s:9:"_original";a:9:{i:0;s:3:"188";i:1;s:1:"6";i:2;s:1:"0";i:3;i:0;i:4;i:0;i:5;s:0:"";i:6;i:0;i:7;s:1:"0";i:8;s:0:"";}s:11:"foreignName";s:11:"blockrecord";s:8:"lockMode";s:12:" for update ";s:3:"bID";s:3:"188";s:3:"fID";s:1:"6";s:10:"fOnstateID";s:1:"0";s:8:"maxWidth";i:0;s:9:"maxHeight";i:0;s:12:"externalLink";s:0:"";s:15:"internalLinkCID";i:0;s:27:"forceImageToMatchDimensions";s:1:"0";s:7:"altText";s:0:"";}'),
(189, NULL, '2015-03-03 15:05:27', '2015-03-03 15:05:27', NULL, '1', 18, 1, 'O:11:"BlockRecord":18:{s:5:"_dbat";i:1;s:6:"_table";s:14:"btContentImage";s:8:"_tableat";s:14:"btContentImage";s:6:"_where";N;s:6:"_saved";b:1;s:8:"_lasterr";b:0;s:9:"_original";a:9:{i:0;s:3:"189";i:1;s:1:"7";i:2;s:1:"0";i:3;i:0;i:4;i:0;i:5;s:0:"";i:6;i:0;i:7;s:1:"0";i:8;s:0:"";}s:11:"foreignName";s:11:"blockrecord";s:8:"lockMode";s:12:" for update ";s:3:"bID";s:3:"189";s:3:"fID";s:1:"7";s:10:"fOnstateID";s:1:"0";s:8:"maxWidth";i:0;s:9:"maxHeight";i:0;s:12:"externalLink";s:0:"";s:15:"internalLinkCID";i:0;s:27:"forceImageToMatchDimensions";s:1:"0";s:7:"altText";s:0:"";}'),
(190, NULL, '2015-03-03 15:06:21', '2015-03-03 15:06:21', NULL, '1', 18, 1, 'O:11:"BlockRecord":18:{s:5:"_dbat";i:1;s:6:"_table";s:14:"btContentImage";s:8:"_tableat";s:14:"btContentImage";s:6:"_where";N;s:6:"_saved";b:1;s:8:"_lasterr";b:0;s:9:"_original";a:9:{i:0;s:3:"190";i:1;s:2:"16";i:2;s:1:"0";i:3;i:0;i:4;i:0;i:5;s:0:"";i:6;i:0;i:7;s:1:"0";i:8;s:0:"";}s:11:"foreignName";s:11:"blockrecord";s:8:"lockMode";s:12:" for update ";s:3:"bID";s:3:"190";s:3:"fID";s:2:"16";s:10:"fOnstateID";s:1:"0";s:8:"maxWidth";i:0;s:9:"maxHeight";i:0;s:12:"externalLink";s:0:"";s:15:"internalLinkCID";i:0;s:27:"forceImageToMatchDimensions";s:1:"0";s:7:"altText";s:0:"";}'),
(191, NULL, '2015-03-03 15:06:30', '2015-03-03 15:06:30', NULL, '1', 18, 1, 'O:11:"BlockRecord":18:{s:5:"_dbat";i:1;s:6:"_table";s:14:"btContentImage";s:8:"_tableat";s:14:"btContentImage";s:6:"_where";N;s:6:"_saved";b:1;s:8:"_lasterr";b:0;s:9:"_original";a:9:{i:0;s:3:"191";i:1;s:2:"17";i:2;s:1:"0";i:3;i:0;i:4;i:0;i:5;s:0:"";i:6;i:0;i:7;s:1:"0";i:8;s:0:"";}s:11:"foreignName";s:11:"blockrecord";s:8:"lockMode";s:12:" for update ";s:3:"bID";s:3:"191";s:3:"fID";s:2:"17";s:10:"fOnstateID";s:1:"0";s:8:"maxWidth";i:0;s:9:"maxHeight";i:0;s:12:"externalLink";s:0:"";s:15:"internalLinkCID";i:0;s:27:"forceImageToMatchDimensions";s:1:"0";s:7:"altText";s:0:"";}'),
(192, NULL, '2015-03-03 15:06:38', '2015-03-03 15:06:38', NULL, '1', 18, 1, 'O:11:"BlockRecord":18:{s:5:"_dbat";i:1;s:6:"_table";s:14:"btContentImage";s:8:"_tableat";s:14:"btContentImage";s:6:"_where";N;s:6:"_saved";b:1;s:8:"_lasterr";b:0;s:9:"_original";a:9:{i:0;s:3:"192";i:1;s:2:"18";i:2;s:1:"0";i:3;i:0;i:4;i:0;i:5;s:0:"";i:6;i:0;i:7;s:1:"0";i:8;s:0:"";}s:11:"foreignName";s:11:"blockrecord";s:8:"lockMode";s:12:" for update ";s:3:"bID";s:3:"192";s:3:"fID";s:2:"18";s:10:"fOnstateID";s:1:"0";s:8:"maxWidth";i:0;s:9:"maxHeight";i:0;s:12:"externalLink";s:0:"";s:15:"internalLinkCID";i:0;s:27:"forceImageToMatchDimensions";s:1:"0";s:7:"altText";s:0:"";}');

-- --------------------------------------------------------

--
-- Structure de la table `BlockTypePermissionBlockTypeAccessList`
--

CREATE TABLE IF NOT EXISTS `BlockTypePermissionBlockTypeAccessList` (
  `paID` int(10) unsigned NOT NULL DEFAULT '0',
  `peID` int(10) unsigned NOT NULL DEFAULT '0',
  `permission` varchar(1) NOT NULL DEFAULT '1',
  PRIMARY KEY (`paID`,`peID`)
) ENGINE=InnoDB DEFAULT CHARSET=utf8;

-- --------------------------------------------------------

--
-- Structure de la table `BlockTypePermissionBlockTypeAccessListCustom`
--

CREATE TABLE IF NOT EXISTS `BlockTypePermissionBlockTypeAccessListCustom` (
  `paID` int(10) unsigned NOT NULL DEFAULT '0',
  `peID` int(10) unsigned NOT NULL DEFAULT '0',
  `btID` int(10) unsigned NOT NULL DEFAULT '0',
  PRIMARY KEY (`paID`,`peID`,`btID`)
) ENGINE=InnoDB DEFAULT CHARSET=utf8;

-- --------------------------------------------------------

--
-- Structure de la table `BlockTypes`
--

CREATE TABLE IF NOT EXISTS `BlockTypes` (
  `btID` int(10) unsigned NOT NULL AUTO_INCREMENT,
  `btHandle` varchar(32) NOT NULL,
  `btName` varchar(128) NOT NULL,
  `btDescription` text,
  `btActiveWhenAdded` tinyint(1) NOT NULL DEFAULT '1',
  `btCopyWhenPropagate` tinyint(1) NOT NULL DEFAULT '0',
  `btIncludeAll` tinyint(1) NOT NULL DEFAULT '0',
  `btIsInternal` tinyint(1) NOT NULL DEFAULT '0',
  `btDisplayOrder` int(10) unsigned NOT NULL DEFAULT '0',
  `btInterfaceWidth` int(10) unsigned NOT NULL DEFAULT '400',
  `btInterfaceHeight` int(10) unsigned NOT NULL DEFAULT '400',
  `pkgID` int(10) unsigned NOT NULL DEFAULT '0',
  PRIMARY KEY (`btID`),
  UNIQUE KEY `btHandle` (`btHandle`)
) ENGINE=InnoDB  DEFAULT CHARSET=utf8 AUTO_INCREMENT=29 ;

--
-- Contenu de la table `BlockTypes`
--

INSERT INTO `BlockTypes` (`btID`, `btHandle`, `btName`, `btDescription`, `btActiveWhenAdded`, `btCopyWhenPropagate`, `btIncludeAll`, `btIsInternal`, `btDisplayOrder`, `btInterfaceWidth`, `btInterfaceHeight`, `pkgID`) VALUES
(1, 'core_scrapbook_display', 'Scrapbook Display (Core)', 'Proxy block for blocks pasted through the scrapbook.', 1, 0, 0, 1, 0, 400, 400, 0),
(2, 'core_stack_display', 'Stack Display (Core)', 'Proxy block for stacks added through the UI.', 1, 0, 0, 1, 0, 400, 400, 0),
(3, 'dashboard_featured_addon', 'Dashboard Featured Add-On', 'Features an add-on from concrete5.org.', 1, 0, 0, 1, 0, 300, 100, 0),
(4, 'dashboard_featured_theme', 'Dashboard Featured Theme', 'Features a theme from concrete5.org.', 1, 0, 0, 1, 0, 300, 100, 0),
(5, 'dashboard_newsflow_latest', 'Dashboard Newsflow Latest', 'Grabs the latest newsflow data from concrete5.org.', 1, 0, 0, 1, 0, 400, 400, 0),
(6, 'dashboard_app_status', 'Dashboard App Status', 'Displays update and welcome back information on your dashboard.', 1, 0, 0, 1, 0, 400, 400, 0),
(7, 'dashboard_site_activity', 'Dashboard Site Activity', 'Displays a summary of website activity.', 1, 0, 0, 1, 0, 400, 400, 0),
(8, 'autonav', 'Auto-Nav', 'Creates navigation trees and sitemaps.', 1, 0, 0, 0, 1, 500, 350, 0),
(9, 'content', 'Content', 'HTML/WYSIWYG Editor Content.', 1, 0, 0, 0, 2, 600, 465, 0),
(10, 'date_nav', 'Date Navigation', 'A collapsible date based navigation tree', 1, 0, 0, 0, 3, 500, 350, 0),
(11, 'external_form', 'External Form', 'Include external forms in the filesystem and place them on pages.', 1, 0, 0, 0, 4, 370, 100, 0),
(12, 'file', 'File', 'Link to files stored in the asset library.', 1, 0, 0, 0, 5, 300, 250, 0),
(13, 'flash_content', 'Flash Content', 'Embeds SWF files, including flash detection.', 1, 0, 0, 0, 6, 380, 200, 0),
(14, 'form', 'Form', 'Build simple forms and surveys.', 1, 0, 0, 0, 7, 420, 430, 0),
(15, 'google_map', 'Google Map', 'Enter an address and a Google Map of that location will be placed in your page.', 1, 0, 0, 0, 8, 750, 460, 0),
(16, 'guestbook', 'Guestbook / Comments', 'Adds blog-style comments (a guestbook) to your page.', 1, 0, 1, 0, 9, 370, 480, 0),
(17, 'html', 'HTML', 'For adding HTML by hand.', 1, 0, 0, 0, 10, 600, 465, 0),
(18, 'image', 'Image', 'Adds images and onstates from the library to pages.', 1, 0, 0, 0, 11, 400, 550, 0),
(19, 'next_previous', 'Next & Previous Nav', 'Navigate through sibling pages.', 1, 0, 0, 0, 12, 430, 400, 0),
(20, 'page_list', 'Page List', 'List pages based on type, area.', 1, 0, 0, 0, 13, 500, 350, 0),
(21, 'rss_displayer', 'RSS Displayer', 'Fetch, parse and display the contents of an RSS or Atom feed.', 1, 0, 0, 0, 14, 400, 330, 0),
(22, 'search', 'Search', 'Add a search box to your site.', 1, 0, 0, 0, 15, 400, 240, 0),
(23, 'slideshow', 'Slideshow', 'Display a running loop of images.', 1, 0, 0, 0, 16, 550, 400, 0),
(24, 'survey', 'Survey', 'Provide a simple survey, along with results in a pie chart format.', 1, 0, 0, 0, 17, 420, 300, 0),
(25, 'tags', 'Tags', 'List pages based on type, area.', 1, 0, 0, 0, 18, 450, 260, 0),
(26, 'video', 'Video Player', 'Embeds uploaded video into a web page. Supports AVI, WMV, Quicktime/MPEG4 and FLV formats.', 1, 0, 0, 0, 19, 320, 220, 0),
(27, 'youtube', 'YouTube Video', 'Embeds a YouTube Video in your web page.', 1, 0, 0, 0, 20, 400, 210, 0),
(28, 'home_news', 'Home news', '', 1, 0, 0, 0, 21, 700, 450, 0);

-- --------------------------------------------------------

--
-- Structure de la table `btContentFile`
--

CREATE TABLE IF NOT EXISTS `btContentFile` (
  `bID` int(10) unsigned NOT NULL,
  `fID` int(10) unsigned DEFAULT NULL,
  `fileLinkText` varchar(255) DEFAULT NULL,
  `filePassword` varchar(255) DEFAULT NULL,
  PRIMARY KEY (`bID`)
) ENGINE=InnoDB DEFAULT CHARSET=utf8;

-- --------------------------------------------------------

--
-- Structure de la table `btContentImage`
--

CREATE TABLE IF NOT EXISTS `btContentImage` (
  `bID` int(10) unsigned NOT NULL,
  `fID` int(10) unsigned DEFAULT '0',
  `fOnstateID` int(10) unsigned DEFAULT '0',
  `maxWidth` int(10) unsigned DEFAULT '0',
  `maxHeight` int(10) unsigned DEFAULT '0',
  `externalLink` varchar(255) DEFAULT NULL,
  `internalLinkCID` int(10) unsigned DEFAULT '0',
  `forceImageToMatchDimensions` int(10) unsigned DEFAULT '0',
  `altText` varchar(255) DEFAULT NULL,
  PRIMARY KEY (`bID`)
) ENGINE=InnoDB DEFAULT CHARSET=utf8;

--
-- Contenu de la table `btContentImage`
--

INSERT INTO `btContentImage` (`bID`, `fID`, `fOnstateID`, `maxWidth`, `maxHeight`, `externalLink`, `internalLinkCID`, `forceImageToMatchDimensions`, `altText`) VALUES
(14, 1, 0, 0, 0, '', 0, 1, 'bannière'),
(18, 2, 0, 0, 0, '', 0, 0, ''),
(22, 3, 0, 0, 0, '', 0, 0, ''),
(26, 4, 0, 0, 0, '', 0, 0, ''),
(28, 4, 0, 0, 0, '', 0, 0, ''),
(49, 5, 0, 0, 0, '', 0, 0, ''),
(51, 6, 0, 0, 0, '', 0, 0, ''),
(53, 7, 0, 0, 0, '', 0, 0, ''),
(67, 10, 0, 0, 0, '#', 0, 0, ''),
(68, 8, 0, 0, 0, '#', 0, 0, ''),
(72, 2, 0, 0, 0, '', 0, 0, ''),
(76, 3, 0, 0, 0, '', 0, 0, ''),
(80, 4, 0, 0, 0, '', 0, 0, ''),
(86, 3, 0, 0, 0, '', 0, 0, ''),
(87, 4, 0, 0, 0, '', 0, 0, ''),
(93, 10, 0, 0, 0, '', 0, 0, ''),
(94, 8, 0, 0, 0, '', 0, 0, ''),
(95, 9, 0, 0, 0, '', 0, 0, ''),
(96, 12, 0, 0, 0, '', 0, 0, ''),
(97, 11, 0, 0, 0, '', 0, 0, ''),
(104, 10, 0, 30, 30, '', 0, 0, ''),
(112, 5, 0, 0, 0, '', 0, 0, ''),
(114, 6, 0, 0, 0, '', 0, 0, ''),
(116, 7, 0, 0, 0, '', 0, 0, ''),
(118, 5, 0, 0, 0, '', 0, 0, ''),
(120, 6, 0, 0, 0, '', 0, 0, ''),
(122, 7, 0, 0, 0, '', 0, 0, ''),
(145, 16, 0, 0, 0, '', 0, 0, ''),
(146, 17, 0, 0, 0, '', 0, 0, ''),
(147, 18, 0, 0, 0, '', 0, 0, ''),
(179, 2, 0, 0, 0, '', 0, 0, ''),
(180, 3, 0, 0, 0, '', 0, 0, ''),
(181, 4, 0, 0, 0, '', 0, 0, ''),
(182, 10, 0, 30, 30, '', 0, 0, ''),
(183, 8, 0, 0, 0, '', 0, 0, ''),
(184, 9, 0, 0, 0, '', 0, 0, ''),
(185, 12, 0, 0, 0, '', 0, 0, ''),
(186, 11, 0, 0, 0, '', 0, 0, ''),
(187, 5, 0, 0, 0, '', 0, 0, ''),
(188, 6, 0, 0, 0, '', 0, 0, ''),
(189, 7, 0, 0, 0, '', 0, 0, ''),
(190, 16, 0, 0, 0, '', 0, 0, ''),
(191, 17, 0, 0, 0, '', 0, 0, ''),
(192, 18, 0, 0, 0, '', 0, 0, '');

-- --------------------------------------------------------

--
-- Structure de la table `btContentLocal`
--

CREATE TABLE IF NOT EXISTS `btContentLocal` (
  `bID` int(10) unsigned NOT NULL,
  `content` longtext,
  PRIMARY KEY (`bID`)
) ENGINE=InnoDB DEFAULT CHARSET=utf8;

--
-- Contenu de la table `btContentLocal`
--

INSERT INTO `btContentLocal` (`bID`, `content`) VALUES
(1, '	<div id="newsflow-header-first-run"><h1>Welcome to concrete5.</h1>\n						<h2>It''s easy to edit content and add pages using in-context editing.</h2></div>\n						'),
(2, '<div class="newsflow-column-first-run">\n							<h3>Building Your Own Site</h3>\n							<p>Editing with concrete5 is a breeze. Just point and click to make changes.</p>\n							<br/>\n							<p><a href="javascript:void(0)" onclick="ccm_getNewsflowByPath(''/welcome/editors'')" class="btn primary">Editor''s Guide</a></p>\n							</div>'),
(3, '<div class="newsflow-column-first-run">\n							<h3>Developing Applications</h3>\n							<p>If you’re comfortable in PHP concrete5 should be a breeze to learn. Take a few moments to understand the architecture.</p>\n							<p><a href="javascript:void(0)" onclick="ccm_getNewsflowByPath(''/welcome/developers'')" class="btn primary">Developer''s Guide</a></p>\n							</div>'),
(4, '<div class="newsflow-column-first-run">\n							<h3>Designing Websites</h3>\n							<p>Good with CSS and HTML? You can easily theme anything with concrete5.</p>\n							<br/>\n							<p><a href="javascript:void(0)" onclick="ccm_getNewsflowByPath(''/welcome/designers'')" class="btn primary">Designer''s Guide</a></p>\n							</div>'),
(5, '\n						<div class="newsflow-column-first-run">\n						<h3>Business Background</h3>\n						<p>Worried about license structures, white-labeling or why concrete5 is a good choice for your agency?</p>\n						<p><a href="javascript:void(0)" onclick="ccm_getNewsflowByPath(''/welcome/executives'')" class="btn primary">Executive''s Guide</a></p>\n						</div>'),
(15, 'Lorem ipsum dolor sit amet, consectetur adipiscing'),
(16, 'Perfect Logic'),
(17, 'All you want your website do'),
(19, 'Lorem ipsum dolor sit amet, consectetur adipiscing elit. Phasellus sed lacinia odio. Nulla vehicula velit maximus odio euismod, ac sodales erat condimentum.'),
(20, 'Complete Solution'),
(21, 'A tool anything and everything you can think'),
(23, 'Lorem ipsum dolor sit amet, consectetur adipiscing elit. Phasellus sed lacinia odio. Nulla vehicula velit maximus odio euismod, ac sodales erat condimentum.'),
(24, 'Uber Culture'),
(25, 'Fresh, Modern and ready to the future'),
(27, 'Lorem ipsum dolor sit amet, consectetur adipiscing elit. Phasellus sed lacinia odio. Nulla vehicula velit maximus odio euismod, ac sodales erat condimentum.'),
(29, 'Lorem ipsum dolor sit amet, consectetur adipiscing elit. Phasellus sed lacinia odio. Nulla vehicula velit maximus odio euismod, ac sodales erat condimentum.'),
(30, 'Lorem ipsum dolor sit amet, consectetur adipiscing elit. Phasellus sed lacinia odio. Nulla vehicula velit maximus odio euismod, ac sodales erat condimentum.'),
(31, 'Lorem ipsum dolor sit amet, consectetur adipiscing elit. Phasellus sed lacinia odio. Nulla vehicula velit maximus odio euismod, ac sodales erat condimentum.'),
(32, 'All you want your website do'),
(33, 'A tool anything and everything you can think'),
(34, 'Fresh, Modern and ready to the future'),
(35, 'Lorem ipsum dolor sit amet, consectetur adipiscing'),
(36, 'Lorem ipsum dolor sit amet, consectetur adipiscing elit. Phasellus sed lacinia odio. Nulla vehicula velit maximus odio euismod, ac sodales erat condimentum.'),
(37, 'Lorem ipsum dolor sit amet, consectetur adipiscing elit. Phasellus sed lacinia odio. Nulla vehicula velit maximus odio euismod, ac sodales erat condimentum.'),
(38, 'Lorem ipsum dolor sit amet, consectetur adipiscing elit. Phasellus sed lacinia odio. Nulla vehicula velit maximus odio euismod, ac sodales erat condimentum.'),
(39, 'Social Connection'),
(40, 'Lorem ipsum dolor sit amet, consectetur adipiscing elit. Phasellus sed lacinia odio.'),
(41, 'Newsletter'),
(42, 'Entre votre adresse email si vous souhaitez recevoir des news de notre entreprise'),
(44, 'Entrez votre adresse email si vous souhaitez recevoir des news de notre entreprise'),
(45, 'Contact'),
(48, 'News Updates'),
(50, 'Lorem ipsum dolor sit amet, consectetur adipiscing elit. Phasellus sed lacinia odio.'),
(52, 'Lorem ipsum dolor sit amet, consectetur adipiscing elit. Phasellus sed lacinia odio.'),
(54, 'Lorem ipsum dolor sit amet, consectetur adipiscing elit. Phasellus sed lacinia odio.'),
(70, '<h2>Perfect Logic</h2>'),
(71, '<p>All you want your website do</p>'),
(73, 'Lorem ipsum dolor sit amet, consectetur adipiscing elit. Phasellus sed lacinia odio. Nulla vehicula velit maximus odio euismod, ac sodales erat condimentum.'),
(74, '<h2>Complete Solution</h2>'),
(75, 'A tool anything and everything you can think'),
(77, 'Lorem ipsum dolor sit amet, consectetur adipiscing elit. Phasellus sed lacinia odio. Nulla vehicula velit maximus odio euismod, ac sodales erat condimentum.'),
(78, '<h2>Uber Culture</h2>'),
(79, 'Fresh, Modern and ready to the future'),
(81, '<p>Lorem ipsum dolor sit amet, consectetur adipiscing elit. Phasellus sed lacinia odio. Nulla vehicula velit maximus odio euismod, ac sodales erat condimentum.</p>'),
(82, '<p>Lorem ipsum dolor sit amet, consectetur adipiscing elit. Phasellus sed lacinia odio. Nulla vehicula velit maximus odio euismod, ac sodales erat condimentum.</p>'),
(83, '<p>Lorem ipsum dolor sit amet, consectetur adipiscing elit. Phasellus sed lacinia odio. Nulla vehicula velit maximus odio euismod, ac sodales erat condimentum.</p>'),
(84, 'Lorem ipsum dolor sit amet, consectetur adipiscing elit. Phasellus sed lacinia odio. Nulla vehicula velit maximus odio euismod, ac sodales erat condimentum.'),
(85, '<p>Lorem ipsum dolor sit amet, consectetur adipiscing elit. Phasellus sed lacinia odio. Nulla vehicula velit maximus odio euismod, ac sodales erat condimentum.</p>'),
(88, 'A tool anything and everything you can think'),
(89, 'Fresh, Modern and ready to the future'),
(90, '<h2>Social Connection</h2>\r\n<hr align="center"> </hr>'),
(91, '<p>Lorem ipsum dolor sit amet, consectetur adipiscing elit. Phasellus sed lacinia odio.</p>'),
(98, ' <h2><b>Newsletter</b></h2>\r\n <hr align="center" size="1"></hr>'),
(99, '<p> Entrez votre adresse email si vous souhaitez recevoir des news de notre entreprise</p>'),
(101, '<h2>Social Connection</h2>\r\n<hr align="center"> </hr>'),
(102, ' <h2><b>Newsletter</b></h2>\r\n <hr align="center" size="1"></hr>'),
(103, '<p>Lorem ipsum dolor sit amet, consectetur adipiscing elit. Phasellus sed lacinia odio.</p>'),
(105, '<h2>Contact</h2>\r\n<hr align="center"> </hr>'),
(108, ' <h2>News Updates</h2>\r\n<hr align="center"> </hr>'),
(113, 'Lorem ipsum dolor sit amet, consectetur adipiscing elit. Phasellus sed lacinia odio.'),
(115, 'Lorem ipsum dolor sit amet, consectetur adipiscing elit. Phasellus sed lacinia odio.'),
(117, 'Lorem ipsum dolor sit amet, consectetur adipiscing elit. Phasellus sed lacinia odio.'),
(119, 'Lorem ipsum dolor sit amet, consectetur adipiscing elit. Phasellus sed lacinia odio.'),
(121, 'Lorem ipsum dolor sit amet, consectetur adipiscing elit. Phasellus sed lacinia odio.'),
(123, 'Lorem ipsum dolor sit amet, consectetur adipiscing elit. Phasellus sed lacinia odio.'),
(124, 'Lorem ipsum dolor sit amet, consectetur adipiscing elit. Phasellus sed lacinia odio.'),
(125, 'Lorem ipsum dolor sit amet, consectetur adipiscing elit. Phasellus sed lacinia odio.'),
(126, 'Lorem ipsum dolor sit amet, consectetur adipiscing elit. Phasellus sed lacinia odio.'),
(127, 'Lorem ipsum dolor sit amet, consectetur adipiscing elit. Phasellus sed lacinia odio.'),
(128, 'Lorem ipsum dolor sit amet, consectetur adipiscing elit. Phasellus sed lacinia odio.'),
(129, 'Lorem ipsum dolor sit amet, consectetur adipiscing elit. Phasellus sed lacinia odio.'),
(130, 'Lorem ipsum dolor sit amet, consectetur adipiscing elit. Phasellus sed lacinia odio.'),
(148, '<p>Lorem ipsum dolor sit amet, consectetur adipiscing elit. Pellentesque consectetur euismod metus in mollis. Mauris ac gravida nisl. Vestibulum ante ipsum primis in faucibus orci luctus et ultrices posuere cubilia Curae; Donec consequat, nibh id commodo suscipit, augue risus eleifend sapien, ac feugiat dui lorem sed nulla. Mauris commodo eget tellus non congue. Aenean fermentum tortor odio. Etiam elit ligula, consequat eget interdum sit amet, gravida sed tortor.</p>'),
(149, '<p>Lorem ipsum dolor sit amet, consectetur adipiscing elit. Pellentesque consectetur euismod metus in mollis. Mauris ac gravida nisl. Vestibulum ante ipsum primis in faucibus orci luctus et ultrices posuere cubilia Curae; Donec consequat, nibh id commodo suscipit, augue risus eleifend sapien, ac feugiat dui lorem sed nulla. Mauris commodo eget tellus non congue. Aenean fermentum tortor odio. Etiam elit ligula, consequat eget interdum sit amet, gravida sed tortor.</p>'),
(150, '<p>Lorem ipsum dolor sit amet, consectetur adipiscing elit. Pellentesque consectetur euismod metus in mollis. Mauris ac gravida nisl. Vestibulum ante ipsum primis in faucibus orci luctus et ultrices posuere cubilia Curae; Donec consequat, nibh id commodo suscipit, augue risus eleifend sapien, ac feugiat dui lorem sed nulla. Mauris commodo eget tellus non congue. Aenean fermentum tortor odio. Etiam elit ligula, consequat eget interdum sit amet, gravida sed tortor.</p>'),
(151, '<p>Lorem ipsum dolor sit amet, consectetur adipiscing elit. Pellentesque consectetur euismod metus in mollis. Mauris ac gravida nisl. Vestibulum ante ipsum primis in faucibus orci luctus et ultrices posuere cubilia Curae; Donec consequat, nibh id commodo suscipit, augue risus eleifend sapien, ac feugiat dui lorem sed nulla. Mauris commodo eget tellus non congue. Aenean fermentum tortor odio. Etiam elit ligula, consequat eget interdum sit amet, gravida sed tortor.</p>'),
(153, '<p>Lorem ipsum dolor sit amet, consectetur adipiscing elit. Pellentesque consectetur euismod metus in mollis. Mauris ac gravida nisl. Vestibulum ante ipsum primis in faucibus orci luctus et ultrices posuere cubilia Curae; Donec consequat, nibh id commodo suscipit, augue risus eleifend sapien, ac feugiat dui lorem sed nulla. Mauris commodo eget tellus non congue. Aenean fermentum tortor odio. Etiam elit ligula, consequat eget interdum sit amet, gravida sed tortor.</p>'),
(154, '<p>Lorem ipsum dolor sit amet, consectetur adipiscing elit. Pellentesque consectetur euismod metus in mollis. Mauris ac gravida nisl. Vestibulum ante ipsum primis in faucibus orci luctus et ultrices posuere cubilia Curae; Donec consequat, nibh id commodo suscipit, augue risus eleifend sapien, ac feugiat dui lorem sed nulla. Mauris commodo eget tellus non congue. Aenean fermentum tortor odio. Etiam elit ligula, consequat eget interdum sit amet, gravida sed tortor.</p>'),
(155, '<p>Lorem ipsum dolor sit amet, consectetur adipiscing elit. Pellentesque consectetur euismod metus in mollis. Mauris ac gravida nisl. Vestibulum ante ipsum primis in faucibus orci luctus et ultrices posuere cubilia Curae; Donec consequat, nibh id commodo suscipit, augue risus eleifend sapien, ac feugiat dui lorem sed nulla. Mauris commodo eget tellus non congue. Aenean fermentum tortor odio. Etiam elit ligula, consequat eget interdum sit amet, gravida sed tortor.</p>'),
(156, '<p>Lorem ipsum dolor sit amet, consectetur adipiscing elit. Pellentesque consectetur euismod metus in mollis. Mauris ac gravida nisl. Vestibulum ante ipsum primis in faucibus orci luctus et ultrices posuere cubilia Curae; Donec consequat, nibh id commodo suscipit, augue risus eleifend sapien, ac feugiat dui lorem sed nulla. Mauris commodo eget tellus non congue. Aenean fermentum tortor odio. Etiam elit ligula, consequat eget interdum sit amet, gravida sed tortor.</p>'),
(158, '<p>Lorem ipsum dolor sit amet, consectetur adipiscing elit. Pellentesque consectetur euismod metus in mollis. Mauris ac gravida nisl. Vestibulum ante ipsum primis in faucibus orci luctus et ultrices posuere cubilia Curae; Donec consequat, nibh id commodo suscipit, augue risus eleifend sapien, ac feugiat dui lorem sed nulla. Mauris commodo eget tellus non congue. Aenean fermentum tortor odio. Etiam elit ligula, consequat eget interdum sit amet, gravida sed tortor.</p>'),
(159, '<p>Lorem ipsum dolor sit amet, consectetur adipiscing elit. Pellentesque consectetur euismod metus in mollis. Mauris ac gravida nisl. Vestibulum ante ipsum primis in faucibus orci luctus et ultrices posuere cubilia Curae; Donec consequat, nibh id commodo suscipit, augue risus eleifend sapien, ac feugiat dui lorem sed nulla. Mauris commodo eget tellus non congue. Aenean fermentum tortor odio. Etiam elit ligula, consequat eget interdum sit amet, gravida sed tortor.</p>'),
(160, '<p>Lorem ipsum dolor sit amet, consectetur adipiscing elit. Pellentesque consectetur euismod metus in mollis. Mauris ac gravida nisl. Vestibulum ante ipsum primis in faucibus orci luctus et ultrices posuere cubilia Curae; Donec consequat, nibh id commodo suscipit, augue risus eleifend sapien, ac feugiat dui lorem sed nulla. Mauris commodo eget tellus non congue. Aenean fermentum tortor odio. Etiam elit ligula, consequat eget interdum sit amet, gravida sed tortor.</p>'),
(164, '<h1>Contact</h1>'),
(165, '<h1>Contact</h1>'),
(171, '<p><span style="text-decoration: underline;">Accès à l''IUT de Calais</span></p>'),
(173, '<h1>Liste des articles du blog</h1>'),
(174, '<h1>Liste des produits en vente sur ce site !</<1>'),
(176, '<h1>Liste des produits en vente sur ce site !</<1>'),
(178, '<p>Lorem ipsum dolor sit amet, consectetur adipiscing elit. Phasellus sed lacinia odio. Nulla vehicula velit maximus odio euismod, ac sodales erat condimentum.</p>');

-- --------------------------------------------------------

--
-- Structure de la table `btCoreScrapbookDisplay`
--

CREATE TABLE IF NOT EXISTS `btCoreScrapbookDisplay` (
  `bID` int(10) unsigned NOT NULL,
  `bOriginalID` int(10) unsigned NOT NULL,
  PRIMARY KEY (`bID`),
  KEY `bOriginalID` (`bOriginalID`)
) ENGINE=InnoDB DEFAULT CHARSET=utf8;

-- --------------------------------------------------------

--
-- Structure de la table `btCoreStackDisplay`
--

CREATE TABLE IF NOT EXISTS `btCoreStackDisplay` (
  `bID` int(10) unsigned NOT NULL,
  `stID` int(10) unsigned NOT NULL,
  PRIMARY KEY (`bID`)
) ENGINE=InnoDB DEFAULT CHARSET=utf8;

-- --------------------------------------------------------

--
-- Structure de la table `btDashboardNewsflowLatest`
--

CREATE TABLE IF NOT EXISTS `btDashboardNewsflowLatest` (
  `bID` int(10) unsigned NOT NULL,
  `slot` varchar(1) NOT NULL,
  PRIMARY KEY (`bID`)
) ENGINE=InnoDB DEFAULT CHARSET=utf8;

--
-- Contenu de la table `btDashboardNewsflowLatest`
--

INSERT INTO `btDashboardNewsflowLatest` (`bID`, `slot`) VALUES
(8, 'A'),
(9, 'B'),
(12, 'C');

-- --------------------------------------------------------

--
-- Structure de la table `btDateNav`
--

CREATE TABLE IF NOT EXISTS `btDateNav` (
  `bID` int(10) unsigned NOT NULL,
  `num` smallint(5) unsigned NOT NULL,
  `cParentID` int(10) unsigned NOT NULL DEFAULT '1',
  `cThis` tinyint(3) unsigned NOT NULL DEFAULT '0',
  `ctID` smallint(5) unsigned DEFAULT NULL,
  `flatDisplay` int(11) DEFAULT '0',
  `defaultNode` varchar(64) DEFAULT 'current_page',
  `truncateTitles` int(11) DEFAULT '0',
  `truncateSummaries` int(11) DEFAULT '0',
  `displayFeaturedOnly` int(11) DEFAULT '0',
  `truncateChars` int(11) DEFAULT '128',
  `truncateTitleChars` int(11) DEFAULT '128',
  `showDescriptions` int(11) DEFAULT '0',
  PRIMARY KEY (`bID`)
) ENGINE=InnoDB DEFAULT CHARSET=utf8;

-- --------------------------------------------------------

--
-- Structure de la table `btDcHomeNews`
--

CREATE TABLE IF NOT EXISTS `btDcHomeNews` (
  `bID` int(10) unsigned NOT NULL,
  `field_1_image_fID` int(11) DEFAULT NULL,
  `field_2_textbox_text` text,
  PRIMARY KEY (`bID`)
) ENGINE=InnoDB DEFAULT CHARSET=utf8;

--
-- Contenu de la table `btDcHomeNews`
--

INSERT INTO `btDcHomeNews` (`bID`, `field_1_image_fID`, `field_2_textbox_text`) VALUES
(57, 5, 'Lorem ipsum dolor sit amet, consectetur adipiscing elit. Vivamus elementum nibh dui, eget dapibus mi bibendum et. Suspendisse potenti. Curabitur nulla sapien, pretium eget diam cursus, blandit suscipit purus. '),
(59, 6, 'Lorem ipsum dolor sit amet, consectetur adipiscing elit. Vivamus elementum nibh dui, eget dapibus mi bibendum et. Suspendisse potenti. Curabitur nulla sapien, pretium eget diam cursus, blandit suscipit purus. '),
(60, 7, 'Lorem ipsum dolor sit amet, consectetur adipiscing elit. Vivamus elementum nibh dui, eget dapibus mi bibendum et. Suspendisse potenti. Curabitur nulla sapien, pretium eget diam cursus, blandit suscipit purus. '),
(61, 5, 'Lorem ipsum dolor sit amet, consectetur adipiscing elit. Vivamus elementum nibh dui, eget dapibus mi bibendum et.'),
(62, 6, 'Lorem ipsum dolor sit amet, consectetur adipiscing elit. Vivamus elementum nibh dui, eget dapibus mi bibendum et.'),
(63, 7, 'Lorem ipsum dolor sit amet, consectetur adipiscing elit. Vivamus elementum nibh dui, eget dapibus mi bibendum et.'),
(64, 5, 'Lorem ipsum dolor sit amet, consectetur adipiscing elit. Vivamus elementum nibh dui, eget dapibus mi bibendum et.'),
(65, 6, 'Lorem ipsum dolor sit amet, consectetur adipiscing elit. Vivamus elementum nibh dui, eget dapibus mi bibendum et.'),
(66, 7, 'Lorem ipsum dolor sit amet, consectetur adipiscing elit. Vivamus elementum nibh dui, eget dapibus mi bibendum et.');

-- --------------------------------------------------------

--
-- Structure de la table `btExternalForm`
--

CREATE TABLE IF NOT EXISTS `btExternalForm` (
  `bID` int(10) unsigned NOT NULL,
  `filename` varchar(128) DEFAULT NULL,
  PRIMARY KEY (`bID`)
) ENGINE=InnoDB DEFAULT CHARSET=utf8;

-- --------------------------------------------------------

--
-- Structure de la table `btFlashContent`
--

CREATE TABLE IF NOT EXISTS `btFlashContent` (
  `bID` int(10) unsigned NOT NULL,
  `fID` int(10) unsigned DEFAULT NULL,
  `quality` varchar(255) DEFAULT NULL,
  `minVersion` varchar(255) DEFAULT NULL,
  PRIMARY KEY (`bID`)
) ENGINE=InnoDB DEFAULT CHARSET=utf8;

-- --------------------------------------------------------

--
-- Structure de la table `btForm`
--

CREATE TABLE IF NOT EXISTS `btForm` (
  `bID` int(10) unsigned NOT NULL,
  `questionSetId` int(10) unsigned DEFAULT '0',
  `surveyName` varchar(255) DEFAULT NULL,
  `thankyouMsg` text,
  `notifyMeOnSubmission` tinyint(3) unsigned NOT NULL DEFAULT '0',
  `recipientEmail` varchar(255) DEFAULT NULL,
  `displayCaptcha` int(11) DEFAULT '1',
  `redirectCID` int(11) DEFAULT '0',
  `addFilesToSet` int(11) DEFAULT '0',
  PRIMARY KEY (`bID`),
  KEY `questionSetIdForeign` (`questionSetId`)
) ENGINE=InnoDB DEFAULT CHARSET=utf8;

--
-- Contenu de la table `btForm`
--

INSERT INTO `btForm` (`bID`, `questionSetId`, `surveyName`, `thankyouMsg`, `notifyMeOnSubmission`, `recipientEmail`, `displayCaptcha`, `redirectCID`, `addFilesToSet`) VALUES
(43, 1421771313, 'Home', 'Merci !', 0, '', 0, 0, 0),
(46, 1421771794, 'Home', 'Merci !', 0, '', 0, 0, 0),
(47, 1421771794, 'Home', 'Merci !', 0, '', 0, 0, 0),
(55, 1421771313, 'Home', 'Merci !', 0, '', 0, 0, 0),
(56, 1421771794, 'Home', 'Merci !', 0, '', 0, 0, 0),
(100, 1424795670, 'Home', 'Merci !', 0, '', 0, 0, 0),
(106, 1424796306, 'Home', 'Merci !', 0, '', 0, 0, 0),
(107, 1424796306, 'Home', 'Merci !', 0, '', 0, 0, 0),
(163, 1424805317, 'Contact', 'Merci !', 0, '', 0, 0, 0),
(166, 1424805317, 'Contact', 'Merci !', 0, '', 0, 0, 0);

-- --------------------------------------------------------

--
-- Structure de la table `btFormAnswers`
--

CREATE TABLE IF NOT EXISTS `btFormAnswers` (
  `aID` int(10) unsigned NOT NULL AUTO_INCREMENT,
  `asID` int(10) unsigned DEFAULT '0',
  `msqID` int(10) unsigned DEFAULT '0',
  `answer` varchar(255) DEFAULT NULL,
  `answerLong` text,
  PRIMARY KEY (`aID`)
) ENGINE=InnoDB DEFAULT CHARSET=utf8 AUTO_INCREMENT=1 ;

-- --------------------------------------------------------

--
-- Structure de la table `btFormAnswerSet`
--

CREATE TABLE IF NOT EXISTS `btFormAnswerSet` (
  `asID` int(10) unsigned NOT NULL AUTO_INCREMENT,
  `questionSetId` int(10) unsigned DEFAULT '0',
  `created` timestamp NULL DEFAULT NULL,
  `uID` int(10) unsigned DEFAULT '0',
  PRIMARY KEY (`asID`),
  KEY `questionSetId` (`questionSetId`)
) ENGINE=InnoDB DEFAULT CHARSET=utf8 AUTO_INCREMENT=1 ;

-- --------------------------------------------------------

--
-- Structure de la table `btFormQuestions`
--

CREATE TABLE IF NOT EXISTS `btFormQuestions` (
  `qID` int(10) unsigned NOT NULL AUTO_INCREMENT,
  `msqID` int(10) unsigned DEFAULT '0',
  `bID` int(10) unsigned DEFAULT '0',
  `questionSetId` int(10) unsigned DEFAULT '0',
  `question` varchar(255) DEFAULT NULL,
  `inputType` varchar(255) DEFAULT NULL,
  `options` text,
  `position` int(10) unsigned DEFAULT '1000',
  `width` int(10) unsigned DEFAULT '50',
  `height` int(10) unsigned DEFAULT '3',
  `required` int(11) DEFAULT '0',
  PRIMARY KEY (`qID`),
  KEY `questionSetId` (`questionSetId`),
  KEY `msqID` (`msqID`)
) ENGINE=InnoDB  DEFAULT CHARSET=utf8 AUTO_INCREMENT=39 ;

--
-- Contenu de la table `btFormQuestions`
--

INSERT INTO `btFormQuestions` (`qID`, `msqID`, `bID`, `questionSetId`, `question`, `inputType`, `options`, `position`, `width`, `height`, `required`) VALUES
(1, 1, 43, 1421771313, 'Your email address', 'email', 'a:1:{s:22:"send_notification_from";i:0;}', 0, 0, 0, 0),
(2, 2, 46, 1421771794, 'Your name', 'field', '', 0, 50, 3, 0),
(3, 3, 46, 1421771794, 'Your email address', 'email', 'a:1:{s:22:"send_notification_from";i:0;}', 0, 50, 3, 0),
(4, 4, 46, 1421771794, 'Message', 'text', '', 0, 50, 3, 0),
(5, 2, 47, 1421771794, 'Your name', 'field', '', 0, 50, 3, 0),
(6, 3, 47, 1421771794, 'Your email address', 'email', 'a:1:{s:22:"send_notification_from";i:0;}', 0, 50, 3, 0),
(8, 5, 47, 1421771794, 'Message', 'text', '', 0, 40, 3, 0),
(9, 1, 55, 1421771313, 'Your email address', 'email', 'a:1:{s:22:"send_notification_from";i:0;}', 0, 0, 0, 0),
(10, 2, 56, 1421771794, 'Your name', 'field', '', 0, 50, 3, 0),
(11, 3, 56, 1421771794, 'Your email address', 'email', 'a:1:{s:22:"send_notification_from";i:0;}', 0, 50, 3, 0),
(12, 5, 56, 1421771794, 'Message', 'text', '', 0, 40, 3, 0),
(14, 6, 100, 1424795670, '', 'email', 'a:1:{s:22:"send_notification_from";i:0;}', 0, 50, 3, 0),
(15, 7, 106, 1424796306, 'Your name ?', 'field', '', 0, 50, 3, 0),
(16, 8, 106, 1424796306, 'Your email address ?', 'email', 'a:1:{s:22:"send_notification_from";i:0;}', 0, 50, 3, 0),
(17, 9, 106, 1424796306, 'Message', 'text', '', 0, 50, 3, 0),
(20, 9, 107, 1424796306, 'Message', 'text', '', 0, 50, 3, 0),
(21, 7, 107, 1424796306, 'Name ?', 'field', '', 0, 50, 3, 0),
(22, 8, 107, 1424796306, 'Email ?', 'email', 'a:1:{s:22:"send_notification_from";i:0;}', 0, 50, 3, 0),
(23, 10, 163, 1424805317, 'Nom :', 'field', '', 0, 50, 3, 0),
(24, 11, 163, 1424805317, 'Prénom :', 'field', '', 0, 50, 3, 0),
(25, 12, 163, 1424805317, 'Adresse :', 'field', '', 0, 50, 3, 0),
(26, 13, 163, 1424805317, 'Code postal :', 'field', '', 0, 0, 0, 0),
(27, 14, 163, 1424805317, 'Ville :', 'field', '', 0, 0, 0, 0),
(28, 15, 163, 1424805317, 'N° de téléphone (fixe) :', 'telephone', '', 0, 0, 0, 0),
(29, 16, 163, 1424805317, 'N° de téléphone (mobile) :', 'telephone', '', 0, 0, 0, 0),
(30, 17, 163, 1424805317, 'Adresse mail :', 'email', 'a:1:{s:22:"send_notification_from";i:0;}', 0, 50, 3, 0),
(31, 10, 166, 1424805317, 'Nom :', 'field', '', 0, 50, 3, 0),
(32, 11, 166, 1424805317, 'Prénom :', 'field', '', 0, 50, 3, 0),
(33, 12, 166, 1424805317, 'Adresse :', 'field', '', 0, 50, 3, 0),
(34, 13, 166, 1424805317, 'Code postal :', 'field', '', 0, 0, 0, 0),
(35, 14, 166, 1424805317, 'Ville :', 'field', '', 0, 0, 0, 0),
(36, 15, 166, 1424805317, 'N° de téléphone (fixe) :', 'telephone', '', 0, 0, 0, 0),
(37, 16, 166, 1424805317, 'N° de téléphone (mobile) :', 'telephone', '', 0, 0, 0, 0),
(38, 17, 166, 1424805317, 'Adresse mail :', 'email', 'a:1:{s:22:"send_notification_from";i:0;}', 0, 50, 3, 0);

-- --------------------------------------------------------

--
-- Structure de la table `btGoogleMap`
--

CREATE TABLE IF NOT EXISTS `btGoogleMap` (
  `bID` int(10) unsigned NOT NULL,
  `title` varchar(255) DEFAULT NULL,
  `location` varchar(255) DEFAULT NULL,
  `latitude` double DEFAULT NULL,
  `longitude` double DEFAULT NULL,
  `zoom` int(8) DEFAULT NULL,
  `balloonShow` tinyint(4) DEFAULT NULL,
  `balloonContent` longtext,
  `balloonWithLinkToMaps` tinyint(4) DEFAULT NULL,
  PRIMARY KEY (`bID`)
) ENGINE=InnoDB DEFAULT CHARSET=utf8;

--
-- Contenu de la table `btGoogleMap`
--

INSERT INTO `btGoogleMap` (`bID`, `title`, `location`, `latitude`, `longitude`, `zoom`, `balloonShow`, `balloonContent`, `balloonWithLinkToMaps`) VALUES
(167, 'IUT Calais Boulogne', 'rue Louis David BP689 62228 Calais Cedex FRANCE', 0, 0, 14, 0, '', 0),
(168, 'IUT Calais Boulogne', 'rue Louis David 62228 Calais Cedex FRANCE', 50.9492365, 1.8853618, 14, 0, '', 0),
(169, 'IUT Calais Boulogne', 'rue Louis David 62228 Calais Cedex FRANCE', 50.9492365, 1.8853618, 19, 0, '', 0),
(170, 'IUT Calais Boulogne', 'rue Louis David 62228 Calais Cedex FRANCE', 50.9492365, 1.8853618, 17, 0, '', 0),
(172, 'IUT Calais Boulogne', 'rue Louis David 62228 Calais Cedex FRANCE', 50.9492365, 1.8853618, 17, 0, '', 0);

-- --------------------------------------------------------

--
-- Structure de la table `btGuestBook`
--

CREATE TABLE IF NOT EXISTS `btGuestBook` (
  `bID` int(10) unsigned NOT NULL,
  `requireApproval` int(11) DEFAULT '0',
  `title` varchar(100) DEFAULT 'Comments',
  `dateFormat` varchar(100) DEFAULT NULL,
  `displayGuestBookForm` int(11) DEFAULT '1',
  `displayCaptcha` int(11) DEFAULT '1',
  `authenticationRequired` int(11) DEFAULT '0',
  `notifyEmail` varchar(100) DEFAULT NULL,
  PRIMARY KEY (`bID`)
) ENGINE=InnoDB DEFAULT CHARSET=utf8;

-- --------------------------------------------------------

--
-- Structure de la table `btGuestBookEntries`
--

CREATE TABLE IF NOT EXISTS `btGuestBookEntries` (
  `bID` int(11) DEFAULT NULL,
  `cID` int(11) DEFAULT '1',
  `entryID` int(11) NOT NULL AUTO_INCREMENT,
  `uID` int(11) DEFAULT '0',
  `commentText` longtext,
  `user_name` varchar(100) DEFAULT NULL,
  `user_email` varchar(100) DEFAULT NULL,
  `entryDate` datetime DEFAULT '0000-00-00 00:00:00',
  `approved` int(11) DEFAULT '1',
  PRIMARY KEY (`entryID`),
  KEY `cID` (`cID`)
) ENGINE=InnoDB DEFAULT CHARSET=utf8 AUTO_INCREMENT=1 ;

-- --------------------------------------------------------

--
-- Structure de la table `btNavigation`
--

CREATE TABLE IF NOT EXISTS `btNavigation` (
  `bID` int(10) unsigned NOT NULL,
  `orderBy` varchar(255) DEFAULT 'alpha_asc',
  `displayPages` varchar(255) DEFAULT 'top',
  `displayPagesCID` int(10) unsigned NOT NULL DEFAULT '1',
  `displayPagesIncludeSelf` tinyint(3) unsigned NOT NULL DEFAULT '0',
  `displaySubPages` varchar(255) DEFAULT 'none',
  `displaySubPageLevels` varchar(255) DEFAULT 'none',
  `displaySubPageLevelsNum` smallint(5) unsigned NOT NULL DEFAULT '0',
  `displayUnavailablePages` tinyint(3) unsigned NOT NULL DEFAULT '0',
  PRIMARY KEY (`bID`)
) ENGINE=InnoDB DEFAULT CHARSET=utf8;

--
-- Contenu de la table `btNavigation`
--

INSERT INTO `btNavigation` (`bID`, `orderBy`, `displayPages`, `displayPagesCID`, `displayPagesIncludeSelf`, `displaySubPages`, `displaySubPageLevels`, `displaySubPageLevelsNum`, `displayUnavailablePages`) VALUES
(131, 'display_asc', 'top', 0, 0, 'all', 'enough', 0, 1),
(132, 'display_asc', 'top', 0, 0, 'all', 'enough', 0, 1),
(133, 'display_asc', 'top', 0, 0, 'all', 'enough', 0, 1),
(134, 'display_asc', 'top', 0, 0, 'all', 'enough', 0, 1),
(135, 'display_asc', 'top', 0, 0, 'none', 'enough', 0, 0),
(136, 'display_asc', 'top', 0, 0, 'none', 'enough', 0, 0),
(137, 'display_asc', 'top', 0, 0, 'none', 'enough', 0, 0),
(138, 'display_asc', 'top', 0, 0, 'none', 'enough', 0, 0);

-- --------------------------------------------------------

--
-- Structure de la table `btNextPrevious`
--

CREATE TABLE IF NOT EXISTS `btNextPrevious` (
  `bID` int(10) unsigned NOT NULL,
  `linkStyle` varchar(32) DEFAULT NULL,
  `nextLabel` varchar(128) DEFAULT NULL,
  `previousLabel` varchar(128) DEFAULT NULL,
  `parentLabel` varchar(128) DEFAULT NULL,
  `showArrows` int(11) DEFAULT '1',
  `loopSequence` int(11) DEFAULT '1',
  `excludeSystemPages` int(11) DEFAULT '1',
  `orderBy` varchar(20) DEFAULT 'display_asc',
  PRIMARY KEY (`bID`)
) ENGINE=InnoDB DEFAULT CHARSET=utf8;

-- --------------------------------------------------------

--
-- Structure de la table `btPageList`
--

CREATE TABLE IF NOT EXISTS `btPageList` (
  `bID` int(10) unsigned NOT NULL,
  `num` smallint(5) unsigned NOT NULL,
  `orderBy` varchar(32) DEFAULT NULL,
  `cParentID` int(10) unsigned NOT NULL DEFAULT '1',
  `cThis` tinyint(3) unsigned NOT NULL DEFAULT '0',
  `includeAllDescendents` tinyint(3) unsigned NOT NULL DEFAULT '0',
  `paginate` tinyint(3) unsigned NOT NULL DEFAULT '0',
  `displayAliases` tinyint(3) unsigned NOT NULL DEFAULT '1',
  `ctID` smallint(5) unsigned DEFAULT NULL,
  `rss` int(11) DEFAULT '0',
  `rssTitle` varchar(255) DEFAULT NULL,
  `rssDescription` longtext,
  `truncateSummaries` int(11) DEFAULT '0',
  `displayFeaturedOnly` int(11) DEFAULT '0',
  `truncateChars` int(11) DEFAULT '128',
  PRIMARY KEY (`bID`)
) ENGINE=InnoDB DEFAULT CHARSET=utf8;

--
-- Contenu de la table `btPageList`
--

INSERT INTO `btPageList` (`bID`, `num`, `orderBy`, `cParentID`, `cThis`, `includeAllDescendents`, `paginate`, `displayAliases`, `ctID`, `rss`, `rssTitle`, `rssDescription`, `truncateSummaries`, `displayFeaturedOnly`, `truncateChars`) VALUES
(162, 0, 'display_asc', 0, 0, 0, 0, 1, 0, 0, '', '', 0, 0, 0),
(177, 0, 'display_asc', 0, 0, 0, 0, 1, 0, 0, '', '', 0, 0, 0);

-- --------------------------------------------------------

--
-- Structure de la table `btRssDisplay`
--

CREATE TABLE IF NOT EXISTS `btRssDisplay` (
  `bID` int(10) unsigned NOT NULL,
  `title` varchar(255) DEFAULT NULL,
  `url` varchar(255) DEFAULT NULL,
  `dateFormat` varchar(100) DEFAULT NULL,
  `itemsToDisplay` int(10) unsigned DEFAULT '5',
  `showSummary` tinyint(3) unsigned NOT NULL DEFAULT '1',
  `launchInNewWindow` tinyint(3) unsigned NOT NULL DEFAULT '1',
  PRIMARY KEY (`bID`)
) ENGINE=InnoDB DEFAULT CHARSET=utf8;

-- --------------------------------------------------------

--
-- Structure de la table `btSearch`
--

CREATE TABLE IF NOT EXISTS `btSearch` (
  `bID` int(10) unsigned NOT NULL,
  `title` varchar(255) DEFAULT NULL,
  `buttonText` varchar(128) DEFAULT NULL,
  `baseSearchPath` varchar(255) DEFAULT NULL,
  `postTo_cID` varchar(255) DEFAULT NULL,
  `resultsURL` varchar(255) DEFAULT NULL,
  PRIMARY KEY (`bID`)
) ENGINE=InnoDB DEFAULT CHARSET=utf8;

-- --------------------------------------------------------

--
-- Structure de la table `btSlideshow`
--

CREATE TABLE IF NOT EXISTS `btSlideshow` (
  `bID` int(10) unsigned NOT NULL,
  `fsID` int(10) unsigned DEFAULT NULL,
  `playback` varchar(50) DEFAULT NULL,
  `duration` int(10) unsigned DEFAULT NULL,
  `fadeDuration` int(10) unsigned DEFAULT NULL,
  PRIMARY KEY (`bID`)
) ENGINE=InnoDB DEFAULT CHARSET=utf8;

--
-- Contenu de la table `btSlideshow`
--

INSERT INTO `btSlideshow` (`bID`, `fsID`, `playback`, `duration`, `fadeDuration`) VALUES
(69, 0, 'ORDER', NULL, NULL);

-- --------------------------------------------------------

--
-- Structure de la table `btSlideshowImg`
--

CREATE TABLE IF NOT EXISTS `btSlideshowImg` (
  `slideshowImgId` int(10) unsigned NOT NULL AUTO_INCREMENT,
  `bID` int(10) unsigned DEFAULT NULL,
  `fID` int(10) unsigned DEFAULT NULL,
  `url` varchar(255) DEFAULT NULL,
  `duration` int(10) unsigned DEFAULT NULL,
  `fadeDuration` int(10) unsigned DEFAULT NULL,
  `groupSet` int(10) unsigned DEFAULT NULL,
  `position` int(10) unsigned DEFAULT NULL,
  `imgHeight` int(10) unsigned DEFAULT NULL,
  PRIMARY KEY (`slideshowImgId`)
) ENGINE=InnoDB  DEFAULT CHARSET=utf8 AUTO_INCREMENT=4 ;

--
-- Contenu de la table `btSlideshowImg`
--

INSERT INTO `btSlideshowImg` (`slideshowImgId`, `bID`, `fID`, `url`, `duration`, `fadeDuration`, `groupSet`, `position`, `imgHeight`) VALUES
(1, 69, 13, '', 5, 2, 1, 0, 335),
(2, 69, 14, '', 5, 2, 2, 1, 335),
(3, 69, 15, '', 5, 2, 3, 2, 335);

-- --------------------------------------------------------

--
-- Structure de la table `btSurvey`
--

CREATE TABLE IF NOT EXISTS `btSurvey` (
  `bID` int(10) unsigned NOT NULL,
  `question` varchar(255) DEFAULT '',
  `requiresRegistration` int(11) DEFAULT '0',
  PRIMARY KEY (`bID`)
) ENGINE=InnoDB DEFAULT CHARSET=utf8;

-- --------------------------------------------------------

--
-- Structure de la table `btSurveyOptions`
--

CREATE TABLE IF NOT EXISTS `btSurveyOptions` (
  `optionID` int(10) unsigned NOT NULL AUTO_INCREMENT,
  `bID` int(11) DEFAULT NULL,
  `optionName` varchar(255) DEFAULT NULL,
  `displayOrder` int(11) DEFAULT '0',
  PRIMARY KEY (`optionID`)
) ENGINE=InnoDB DEFAULT CHARSET=utf8 AUTO_INCREMENT=1 ;

-- --------------------------------------------------------

--
-- Structure de la table `btSurveyResults`
--

CREATE TABLE IF NOT EXISTS `btSurveyResults` (
  `resultID` int(10) unsigned NOT NULL AUTO_INCREMENT,
  `optionID` int(10) unsigned DEFAULT '0',
  `uID` int(10) unsigned DEFAULT '0',
  `bID` int(11) DEFAULT NULL,
  `cID` int(11) DEFAULT NULL,
  `ipAddress` varchar(128) DEFAULT NULL,
  `timestamp` timestamp NULL DEFAULT NULL,
  PRIMARY KEY (`resultID`)
) ENGINE=InnoDB DEFAULT CHARSET=utf8 AUTO_INCREMENT=1 ;

-- --------------------------------------------------------

--
-- Structure de la table `btTags`
--

CREATE TABLE IF NOT EXISTS `btTags` (
  `bID` int(10) unsigned NOT NULL,
  `title` varchar(255) DEFAULT NULL,
  `targetCID` int(11) DEFAULT NULL,
  `displayMode` varchar(20) DEFAULT 'page',
  `cloudCount` int(11) DEFAULT '10',
  PRIMARY KEY (`bID`)
) ENGINE=InnoDB DEFAULT CHARSET=utf8;

-- --------------------------------------------------------

--
-- Structure de la table `btVideo`
--

CREATE TABLE IF NOT EXISTS `btVideo` (
  `bID` int(10) unsigned NOT NULL,
  `fID` int(10) unsigned DEFAULT NULL,
  `width` int(10) unsigned DEFAULT NULL,
  `height` int(10) unsigned DEFAULT NULL,
  PRIMARY KEY (`bID`)
) ENGINE=InnoDB DEFAULT CHARSET=utf8;

-- --------------------------------------------------------

--
-- Structure de la table `btYouTube`
--

CREATE TABLE IF NOT EXISTS `btYouTube` (
  `bID` int(10) unsigned NOT NULL,
  `title` varchar(255) DEFAULT NULL,
  `videoURL` varchar(255) DEFAULT NULL,
  `vHeight` varchar(255) DEFAULT NULL,
  `vWidth` varchar(255) DEFAULT NULL,
  `vPlayer` tinyint(3) unsigned NOT NULL DEFAULT '0',
  PRIMARY KEY (`bID`)
) ENGINE=InnoDB DEFAULT CHARSET=utf8;

--
-- Contenu de la table `btYouTube`
--

INSERT INTO `btYouTube` (`bID`, `title`, `videoURL`, `vHeight`, `vWidth`, `vPlayer`) VALUES
(139, 'Ma vidéo', 'https://www.youtube.com/watch?v=igRoV2EI92c', '315', '560', 1),
(140, 'Ma vidéo', 'https://www.youtube.com/watch?v=igRoV2EI92c', '315', '400', 1),
(141, 'Ma vidéo', 'https://www.youtube.com/watch?v=igRoV2EI92c', '315', '530', 1),
(142, 'Ma vidéo', 'https://www.youtube.com/watch?v=igRoV2EI92c', '315', '350', 1),
(143, 'Ma vidéo', 'https://www.youtube.com/watch?v=igRoV2EI92c', '315', '350', 0),
(144, 'Ma vidéo', 'https://www.youtube.com/watch?v=igRoV2EI92c', '315', '530', 0),
(152, 'Ma vidéo', 'https://www.youtube.com/watch?v=igRoV2EI92c', '315', '530', 0),
(157, 'Ma vidéo', 'https://www.youtube.com/watch?v=igRoV2EI92c', '315', '530', 0),
(161, 'Ma vidéo', 'https://www.youtube.com/watch?v=igRoV2EI92c', '315', '530', 0),
(175, 'Ma vidéo', 'https://www.youtube.com/watch?v=igRoV2EI92c', '315', '530', 0);

-- --------------------------------------------------------

--
-- Structure de la table `CollectionAttributeValues`
--

CREATE TABLE IF NOT EXISTS `CollectionAttributeValues` (
  `cID` int(10) unsigned NOT NULL DEFAULT '0',
  `cvID` int(10) unsigned NOT NULL DEFAULT '0',
  `akID` int(10) unsigned NOT NULL DEFAULT '0',
  `avID` int(10) unsigned NOT NULL DEFAULT '0',
  PRIMARY KEY (`cID`,`cvID`,`akID`,`avID`)
) ENGINE=InnoDB DEFAULT CHARSET=utf8;

--
-- Contenu de la table `CollectionAttributeValues`
--

INSERT INTO `CollectionAttributeValues` (`cID`, `cvID`, `akID`, `avID`) VALUES
(1, 23, 15, 135),
(1, 24, 15, 136),
(1, 25, 15, 136),
(1, 26, 15, 136),
(1, 27, 15, 136),
(1, 28, 15, 136),
(1, 29, 15, 136),
(1, 30, 15, 136),
(1, 31, 15, 136),
(1, 32, 15, 136),
(1, 33, 15, 136),
(1, 34, 15, 136),
(1, 35, 15, 136),
(1, 36, 15, 136),
(1, 37, 15, 136),
(1, 38, 15, 136),
(1, 39, 15, 136),
(1, 40, 15, 136),
(1, 41, 15, 136),
(1, 42, 15, 136),
(1, 43, 15, 136),
(1, 44, 15, 136),
(1, 45, 15, 136),
(1, 46, 15, 136),
(1, 47, 15, 136),
(1, 48, 15, 136),
(1, 49, 15, 136),
(1, 50, 15, 136),
(1, 51, 15, 136),
(1, 52, 15, 136),
(1, 53, 15, 136),
(3, 1, 3, 1),
(3, 1, 4, 2),
(4, 1, 3, 3),
(4, 1, 4, 4),
(5, 1, 3, 5),
(5, 1, 4, 6),
(6, 1, 3, 7),
(7, 1, 3, 8),
(7, 1, 4, 9),
(8, 1, 3, 10),
(8, 1, 4, 11),
(9, 1, 3, 12),
(9, 1, 4, 13),
(11, 1, 3, 14),
(11, 1, 4, 15),
(12, 1, 3, 16),
(12, 1, 4, 17),
(13, 1, 3, 18),
(13, 1, 4, 19),
(14, 1, 3, 21),
(14, 1, 4, 22),
(14, 1, 5, 20),
(15, 1, 3, 23),
(16, 1, 3, 24),
(16, 1, 4, 25),
(17, 1, 3, 26),
(17, 1, 4, 27),
(18, 1, 3, 28),
(18, 1, 4, 29),
(19, 1, 3, 30),
(19, 1, 4, 32),
(19, 1, 5, 31),
(20, 1, 3, 33),
(20, 1, 4, 35),
(20, 1, 5, 34),
(21, 1, 3, 36),
(21, 1, 4, 37),
(22, 1, 3, 38),
(23, 1, 3, 39),
(23, 1, 4, 40),
(24, 1, 3, 41),
(24, 1, 4, 42),
(25, 1, 3, 43),
(25, 1, 4, 44),
(26, 1, 3, 45),
(26, 1, 4, 46),
(28, 1, 3, 47),
(28, 1, 4, 48),
(29, 1, 3, 49),
(30, 1, 3, 50),
(31, 1, 3, 51),
(32, 1, 3, 52),
(32, 1, 4, 53),
(34, 1, 3, 54),
(34, 1, 4, 55),
(35, 1, 3, 56),
(35, 1, 4, 57),
(36, 1, 3, 58),
(37, 1, 4, 59),
(38, 1, 4, 60),
(40, 1, 3, 61),
(40, 1, 4, 62),
(41, 1, 4, 63),
(42, 1, 5, 64),
(42, 1, 8, 65),
(43, 1, 3, 66),
(43, 1, 4, 67),
(44, 1, 5, 68),
(45, 1, 5, 69),
(46, 1, 3, 70),
(47, 1, 3, 71),
(48, 1, 3, 72),
(49, 1, 3, 73),
(50, 1, 3, 74),
(51, 1, 5, 75),
(53, 1, 3, 76),
(54, 1, 3, 77),
(55, 1, 3, 78),
(56, 1, 3, 79),
(57, 1, 3, 80),
(58, 1, 3, 81),
(60, 1, 3, 82),
(61, 1, 3, 83),
(62, 1, 3, 84),
(63, 1, 3, 85),
(64, 1, 3, 86),
(65, 1, 3, 87),
(67, 1, 3, 88),
(68, 1, 3, 89),
(69, 1, 3, 90),
(71, 1, 3, 91),
(72, 1, 3, 92),
(73, 1, 3, 93),
(74, 1, 3, 94),
(77, 1, 3, 95),
(78, 1, 3, 96),
(79, 1, 3, 97),
(80, 1, 3, 98),
(82, 1, 3, 99),
(83, 1, 3, 100),
(84, 1, 3, 101),
(85, 1, 3, 102),
(86, 1, 3, 103),
(87, 1, 3, 104),
(88, 1, 3, 105),
(89, 1, 3, 106),
(90, 1, 3, 107),
(91, 1, 3, 108),
(92, 1, 8, 109),
(93, 1, 3, 110),
(94, 1, 3, 111),
(95, 1, 3, 112),
(96, 1, 3, 113),
(97, 1, 3, 114),
(98, 1, 3, 115),
(100, 1, 3, 116),
(101, 1, 3, 117),
(106, 1, 5, 118),
(107, 1, 5, 119),
(107, 1, 8, 120),
(124, 1, 4, 137);

-- --------------------------------------------------------

--
-- Structure de la table `Collections`
--

CREATE TABLE IF NOT EXISTS `Collections` (
  `cID` int(10) unsigned NOT NULL AUTO_INCREMENT,
  `cDateAdded` datetime NOT NULL DEFAULT '0000-00-00 00:00:00',
  `cDateModified` datetime NOT NULL DEFAULT '0000-00-00 00:00:00',
  `cHandle` varchar(255) DEFAULT NULL,
  PRIMARY KEY (`cID`),
  KEY `cDateModified` (`cDateModified`),
  KEY `cDateAdded` (`cDateAdded`)
) ENGINE=InnoDB  DEFAULT CHARSET=utf8 AUTO_INCREMENT=132 ;

--
-- Contenu de la table `Collections`
--

INSERT INTO `Collections` (`cID`, `cDateAdded`, `cDateModified`, `cHandle`) VALUES
(1, '2014-12-09 16:48:04', '2015-03-03 15:05:43', 'home'),
(2, '2014-12-09 16:48:24', '2014-12-09 16:48:26', 'dashboard'),
(3, '2014-12-09 16:48:26', '2014-12-09 16:48:26', 'composer'),
(4, '2014-12-09 16:48:26', '2014-12-09 16:48:26', 'write'),
(5, '2014-12-09 16:48:26', '2014-12-09 16:48:27', 'drafts'),
(6, '2014-12-09 16:48:27', '2014-12-09 16:48:27', 'sitemap'),
(7, '2014-12-09 16:48:27', '2014-12-09 16:48:27', 'full'),
(8, '2014-12-09 16:48:27', '2014-12-09 16:48:27', 'explore'),
(9, '2014-12-09 16:48:27', '2014-12-09 16:48:28', 'search'),
(10, '2014-12-09 16:48:28', '2014-12-09 16:48:28', 'files'),
(11, '2014-12-09 16:48:28', '2014-12-09 16:48:28', 'search'),
(12, '2014-12-09 16:48:28', '2014-12-09 16:48:29', 'attributes'),
(13, '2014-12-09 16:48:29', '2014-12-09 16:48:29', 'sets'),
(14, '2014-12-09 16:48:29', '2014-12-09 16:48:29', 'add_set'),
(15, '2014-12-09 16:48:29', '2014-12-09 16:48:30', 'users'),
(16, '2014-12-09 16:48:30', '2014-12-09 16:48:30', 'search'),
(17, '2014-12-09 16:48:30', '2014-12-09 16:48:30', 'groups'),
(18, '2014-12-09 16:48:30', '2014-12-09 16:48:30', 'attributes'),
(19, '2014-12-09 16:48:30', '2014-12-09 16:48:31', 'add'),
(20, '2014-12-09 16:48:31', '2014-12-09 16:48:31', 'add_group'),
(21, '2014-12-09 16:48:31', '2014-12-09 16:48:32', 'group_sets'),
(22, '2014-12-09 16:48:32', '2014-12-09 16:48:32', 'reports'),
(23, '2014-12-09 16:48:32', '2014-12-09 16:48:32', 'statistics'),
(24, '2014-12-09 16:48:32', '2014-12-09 16:48:32', 'forms'),
(25, '2014-12-09 16:48:33', '2014-12-09 16:48:33', 'surveys'),
(26, '2014-12-09 16:48:33', '2014-12-09 16:48:33', 'logs'),
(27, '2014-12-09 16:48:33', '2014-12-09 16:48:34', 'pages'),
(28, '2014-12-09 16:48:34', '2014-12-09 16:48:34', 'themes'),
(29, '2014-12-09 16:48:34', '2014-12-09 16:48:34', 'add'),
(30, '2014-12-09 16:48:34', '2014-12-09 16:48:34', 'inspect'),
(31, '2014-12-09 16:48:34', '2014-12-09 16:48:35', 'customize'),
(32, '2014-12-09 16:48:35', '2014-12-09 16:48:35', 'types'),
(33, '2014-12-09 16:48:35', '2014-12-09 16:48:35', 'add'),
(34, '2014-12-09 16:48:35', '2014-12-09 16:48:35', 'attributes'),
(35, '2014-12-09 16:48:36', '2014-12-09 16:48:36', 'single'),
(36, '2014-12-09 16:48:36', '2014-12-09 16:48:36', 'workflow'),
(37, '2014-12-09 16:48:37', '2014-12-09 16:48:37', 'list'),
(38, '2014-12-09 16:48:37', '2014-12-09 16:48:37', 'me'),
(39, '2014-12-09 16:48:37', '2014-12-09 16:48:38', 'blocks'),
(40, '2014-12-09 16:48:38', '2014-12-09 16:48:38', 'stacks'),
(41, '2014-12-09 16:48:38', '2014-12-09 16:48:38', 'permissions'),
(42, '2014-12-09 16:48:38', '2014-12-09 16:48:39', 'list'),
(43, '2014-12-09 16:48:39', '2014-12-09 16:48:40', 'types'),
(44, '2014-12-09 16:48:40', '2014-12-09 16:48:40', 'extend'),
(45, '2014-12-09 16:48:40', '2014-12-09 16:48:41', 'news'),
(46, '2014-12-09 16:48:41', '2014-12-09 16:48:41', 'install'),
(47, '2014-12-09 16:48:41', '2014-12-09 16:48:41', 'update'),
(48, '2014-12-09 16:48:41', '2014-12-09 16:48:42', 'connect'),
(49, '2014-12-09 16:48:42', '2014-12-09 16:48:42', 'themes'),
(50, '2014-12-09 16:48:42', '2014-12-09 16:48:43', 'add-ons'),
(51, '2014-12-09 16:48:43', '2014-12-09 16:48:43', 'system'),
(52, '2014-12-09 16:48:43', '2014-12-09 16:48:43', 'basics'),
(53, '2014-12-09 16:48:44', '2014-12-09 16:48:44', 'site_name'),
(54, '2014-12-09 16:48:44', '2014-12-09 16:48:44', 'icons'),
(55, '2014-12-09 16:48:44', '2014-12-09 16:48:44', 'editor'),
(56, '2014-12-09 16:48:45', '2014-12-09 16:48:45', 'multilingual'),
(57, '2014-12-09 16:48:45', '2014-12-09 16:48:45', 'timezone'),
(58, '2014-12-09 16:48:46', '2014-12-09 16:48:46', 'interface'),
(59, '2014-12-09 16:48:47', '2014-12-09 16:48:47', 'seo'),
(60, '2014-12-09 16:48:47', '2014-12-09 16:48:47', 'urls'),
(61, '2014-12-09 16:48:47', '2014-12-09 16:48:48', 'bulk_seo_tool'),
(62, '2014-12-09 16:48:48', '2014-12-09 16:48:48', 'tracking_codes'),
(63, '2014-12-09 16:48:48', '2014-12-09 16:48:49', 'excluded'),
(64, '2014-12-09 16:48:49', '2014-12-09 16:48:49', 'statistics'),
(65, '2014-12-09 16:48:49', '2014-12-09 16:48:50', 'search_index'),
(66, '2014-12-09 16:48:50', '2014-12-09 16:48:50', 'optimization'),
(67, '2014-12-09 16:48:50', '2014-12-09 16:48:50', 'cache'),
(68, '2014-12-09 16:48:51', '2014-12-09 16:48:51', 'clear_cache'),
(69, '2014-12-09 16:48:51', '2014-12-09 16:48:51', 'jobs'),
(70, '2014-12-09 16:48:51', '2014-12-09 16:48:52', 'permissions'),
(71, '2014-12-09 16:48:52', '2014-12-09 16:48:52', 'site'),
(72, '2014-12-09 16:48:52', '2014-12-09 16:48:53', 'files'),
(73, '2014-12-09 16:48:53', '2014-12-09 16:48:53', 'file_types'),
(74, '2014-12-09 16:48:53', '2014-12-09 16:48:53', 'tasks'),
(75, '2014-12-09 16:48:54', '2014-12-09 16:48:54', 'users'),
(76, '2014-12-09 16:48:54', '2014-12-09 16:48:54', 'advanced'),
(77, '2014-12-09 16:48:54', '2014-12-09 16:48:55', 'ip_blacklist'),
(78, '2014-12-09 16:48:55', '2014-12-09 16:48:55', 'captcha'),
(79, '2014-12-09 16:48:55', '2014-12-09 16:48:56', 'antispam'),
(80, '2014-12-09 16:48:56', '2014-12-09 16:48:57', 'maintenance_mode'),
(81, '2014-12-09 16:48:57', '2014-12-09 16:48:57', 'registration'),
(82, '2014-12-09 16:48:57', '2014-12-09 16:48:57', 'postlogin'),
(83, '2014-12-09 16:48:57', '2014-12-09 16:48:58', 'profiles'),
(84, '2014-12-09 16:48:58', '2014-12-09 16:48:58', 'public_registration'),
(85, '2014-12-09 16:48:58', '2014-12-09 16:48:58', 'mail'),
(86, '2014-12-09 16:48:58', '2014-12-09 16:48:59', 'method'),
(87, '2014-12-09 16:48:59', '2014-12-09 16:48:59', 'test_settings'),
(88, '2014-12-09 16:48:59', '2014-12-09 16:48:59', 'importers'),
(89, '2014-12-09 16:48:59', '2014-12-09 16:49:00', 'attributes'),
(90, '2014-12-09 16:49:00', '2014-12-09 16:49:00', 'sets'),
(91, '2014-12-09 16:49:00', '2014-12-09 16:49:00', 'types'),
(92, '2014-12-09 16:49:01', '2014-12-09 16:49:01', 'environment'),
(93, '2014-12-09 16:49:01', '2014-12-09 16:49:01', 'info'),
(94, '2014-12-09 16:49:01', '2014-12-09 16:49:02', 'debug'),
(95, '2014-12-09 16:49:02', '2014-12-09 16:49:02', 'logging'),
(96, '2014-12-09 16:49:02', '2014-12-09 16:49:03', 'file_storage_locations'),
(97, '2014-12-09 16:49:03', '2014-12-09 16:49:03', 'proxy'),
(98, '2014-12-09 16:49:03', '2014-12-09 16:49:04', 'backup_restore'),
(99, '2014-12-09 16:49:04', '2014-12-09 16:49:04', 'backup'),
(100, '2014-12-09 16:49:04', '2014-12-09 16:49:04', 'update'),
(101, '2014-12-09 16:49:04', '2014-12-09 16:49:05', 'database'),
(102, '2014-12-09 16:49:05', '2014-12-09 16:49:05', 'composer'),
(103, '2014-12-09 16:49:05', '2014-12-09 16:49:05', NULL),
(104, '2014-12-09 16:49:05', '2014-12-09 16:49:05', NULL),
(105, '2014-12-09 16:49:05', '2014-12-09 16:49:05', NULL),
(106, '2014-12-09 16:49:06', '2014-12-09 16:49:06', 'welcome'),
(107, '2014-12-09 16:49:06', '2014-12-09 16:49:06', 'home'),
(108, '2014-12-09 16:49:25', '2014-12-09 16:49:26', '!drafts'),
(109, '2014-12-09 16:49:26', '2014-12-09 16:49:26', '!trash'),
(110, '2014-12-09 16:49:26', '2014-12-09 16:49:27', '!stacks'),
(111, '2014-12-09 16:49:27', '2014-12-09 16:49:28', 'login'),
(112, '2014-12-09 16:49:28', '2014-12-09 16:49:29', 'register'),
(113, '2014-12-09 16:49:29', '2014-12-09 16:49:29', 'profile'),
(114, '2014-12-09 16:49:29', '2014-12-09 16:49:29', 'edit'),
(115, '2014-12-09 16:49:29', '2014-12-09 16:49:29', 'avatar'),
(116, '2014-12-09 16:49:30', '2014-12-09 16:49:30', 'messages'),
(117, '2014-12-09 16:49:30', '2014-12-09 16:49:30', 'friends'),
(118, '2014-12-09 16:49:30', '2014-12-09 16:49:31', 'page_not_found'),
(119, '2014-12-09 16:49:31', '2014-12-09 16:49:31', 'page_forbidden'),
(120, '2014-12-09 16:49:31', '2014-12-09 16:49:31', 'download_file'),
(121, '2014-12-09 16:49:31', '2014-12-09 16:49:32', 'members'),
(122, '2014-12-09 16:49:33', '2014-12-09 16:49:33', NULL),
(123, '2015-01-20 16:01:48', '2015-01-20 16:01:48', NULL),
(124, '2015-02-24 15:58:53', '2015-02-24 15:58:53', 'designer_content'),
(125, '2015-02-24 18:16:51', '2015-02-24 18:17:09', 'produit'),
(126, '2015-02-24 18:17:46', '2015-03-03 15:06:43', 'produit'),
(127, '2015-02-24 18:18:01', '2015-02-24 18:18:27', 'blog'),
(128, '2015-02-24 18:18:15', '2015-02-24 18:18:15', 'contact'),
(129, '2015-02-24 18:18:48', '2015-02-24 20:29:57', 'plan'),
(130, '2015-02-24 19:28:09', '2015-02-24 19:28:09', NULL),
(131, '2015-02-24 20:38:33', '2015-03-02 15:42:19', 'col1');

-- --------------------------------------------------------

--
-- Structure de la table `CollectionSearchIndexAttributes`
--

CREATE TABLE IF NOT EXISTS `CollectionSearchIndexAttributes` (
  `cID` int(11) unsigned NOT NULL DEFAULT '0',
  `ak_meta_title` text,
  `ak_meta_description` text,
  `ak_meta_keywords` text,
  `ak_icon_dashboard` text,
  `ak_exclude_nav` tinyint(4) DEFAULT '0',
  `ak_exclude_page_list` tinyint(4) DEFAULT '0',
  `ak_header_extra_content` text,
  `ak_exclude_search_index` tinyint(4) DEFAULT '0',
  `ak_exclude_sitemapxml` tinyint(4) DEFAULT '0',
  `ak_Vignette` int(11) DEFAULT '0',
  `ak_thumbnail` int(11) DEFAULT '0',
  PRIMARY KEY (`cID`)
) ENGINE=InnoDB DEFAULT CHARSET=utf8;

--
-- Contenu de la table `CollectionSearchIndexAttributes`
--

INSERT INTO `CollectionSearchIndexAttributes` (`cID`, `ak_meta_title`, `ak_meta_description`, `ak_meta_keywords`, `ak_icon_dashboard`, `ak_exclude_nav`, `ak_exclude_page_list`, `ak_header_extra_content`, `ak_exclude_search_index`, `ak_exclude_sitemapxml`, `ak_Vignette`, `ak_thumbnail`) VALUES
(1, NULL, NULL, NULL, NULL, 0, 0, NULL, 0, 0, 0, 0),
(3, NULL, NULL, 'blog, blogging', 'icon-book', 0, 0, NULL, 0, 0, 0, 0),
(4, NULL, NULL, 'new blog, write blog, blogging', 'icon-pencil', 0, 0, NULL, 0, 0, 0, 0),
(5, NULL, NULL, 'blog drafts, composer', 'icon-book', 0, 0, NULL, 0, 0, 0, 0),
(6, NULL, NULL, 'pages, add page, delete page, copy, move, alias', NULL, 0, 0, NULL, 0, 0, 0, 0),
(7, NULL, NULL, 'pages, add page, delete page, copy, move, alias', 'icon-home', 0, 0, NULL, 0, 0, 0, 0),
(8, NULL, NULL, 'pages, add page, delete page, copy, move, alias, bulk', 'icon-road', 0, 0, NULL, 0, 0, 0, 0),
(9, NULL, NULL, 'find page, search page, search, find, pages, sitemap', 'icon-search', 0, 0, NULL, 0, 0, 0, 0),
(11, NULL, NULL, 'add file, delete file, copy, move, alias, resize, crop, rename, images, title, attribute', 'icon-picture', 0, 0, NULL, 0, 0, 0, 0),
(12, NULL, NULL, 'file, file attributes, title, attribute, description, rename', 'icon-cog', 0, 0, NULL, 0, 0, 0, 0),
(13, NULL, NULL, 'files, category, categories', 'icon-list-alt', 0, 0, NULL, 0, 0, 0, 0),
(14, NULL, NULL, 'new file set', 'icon-plus-sign', 1, 0, NULL, 0, 0, 0, 0),
(15, NULL, NULL, 'users, groups, people, find, delete user, remove user, change password, password', NULL, 0, 0, NULL, 0, 0, 0, 0),
(16, NULL, NULL, 'find, search, people, delete user, remove user, change password, password', 'icon-user', 0, 0, NULL, 0, 0, 0, 0),
(17, NULL, NULL, 'user, group, people, permissions, access, expire', 'icon-globe', 0, 0, NULL, 0, 0, 0, 0),
(18, NULL, NULL, 'user attributes, user data, gather data, registration data', 'icon-cog', 0, 0, NULL, 0, 0, 0, 0),
(19, NULL, NULL, 'new user, create', 'icon-plus-sign', 1, 0, NULL, 0, 0, 0, 0),
(20, NULL, NULL, 'new user group, new group, group, create', 'icon-plus', 1, 0, NULL, 0, 0, 0, 0),
(21, NULL, NULL, 'group set', 'icon-list', 0, 0, NULL, 0, 0, 0, 0),
(22, NULL, NULL, 'forms, log, error, email, mysql, exception, survey', NULL, 0, 0, NULL, 0, 0, 0, 0),
(23, NULL, NULL, 'hits, pageviews, visitors, activity', 'icon-signal', 0, 0, NULL, 0, 0, 0, 0),
(24, NULL, NULL, 'forms, questions, response, data', 'icon-briefcase', 0, 0, NULL, 0, 0, 0, 0),
(25, NULL, NULL, 'questions, quiz, response', 'icon-tasks', 0, 0, NULL, 0, 0, 0, 0),
(26, NULL, NULL, 'forms, log, error, email, mysql, exception, survey, history', 'icon-time', 0, 0, NULL, 0, 0, 0, 0),
(28, NULL, NULL, 'new theme, theme, active theme, change theme, template, css', 'icon-font', 0, 0, NULL, 0, 0, 0, 0),
(29, NULL, NULL, 'theme', NULL, 0, 0, NULL, 0, 0, 0, 0),
(30, NULL, NULL, 'page types', NULL, 0, 0, NULL, 0, 0, 0, 0),
(31, NULL, NULL, 'custom theme, change theme, custom css, css', NULL, 0, 0, NULL, 0, 0, 0, 0),
(32, NULL, NULL, 'page type defaults, global block, global area, starter, template', 'icon-file', 0, 0, NULL, 0, 0, 0, 0),
(34, NULL, NULL, 'page attributes, custom', 'icon-cog', 0, 0, NULL, 0, 0, 0, 0),
(35, NULL, NULL, 'single, page, custom, application', 'icon-wrench', 0, 0, NULL, 0, 0, 0, 0),
(36, NULL, NULL, 'add workflow, remove workflow', NULL, 0, 0, NULL, 0, 0, 0, 0),
(37, NULL, NULL, NULL, 'icon-list', 0, 0, NULL, 0, 0, 0, 0),
(38, NULL, NULL, NULL, 'icon-user', 0, 0, NULL, 0, 0, 0, 0),
(40, NULL, NULL, 'stacks, reusable content, scrapbook, copy, paste, paste block, copy block, site name, logo', 'icon-th', 0, 0, NULL, 0, 0, 0, 0),
(41, NULL, NULL, NULL, 'icon-lock', 0, 0, NULL, 0, 0, 0, 0),
(42, NULL, NULL, NULL, NULL, 1, 0, NULL, 1, 0, 0, 0),
(43, NULL, NULL, 'block, refresh, custom', 'icon-wrench', 0, 0, NULL, 0, 0, 0, 0),
(44, NULL, NULL, NULL, NULL, 1, 0, NULL, 0, 0, 0, 0),
(45, NULL, NULL, NULL, NULL, 1, 0, NULL, 0, 0, 0, 0),
(46, NULL, NULL, 'add-on, addon, ecommerce, install, discussions, forums, themes, templates, blocks', NULL, 0, 0, NULL, 0, 0, 0, 0),
(47, NULL, NULL, 'update, upgrade', NULL, 0, 0, NULL, 0, 0, 0, 0),
(48, NULL, NULL, 'concrete5.org, my account, marketplace', NULL, 0, 0, NULL, 0, 0, 0, 0),
(49, NULL, NULL, 'buy theme, new theme, marketplace, template', NULL, 0, 0, NULL, 0, 0, 0, 0),
(50, NULL, NULL, 'buy addon, buy add on, buy add-on, purchase addon, purchase add on, purchase add-on, find addon, new addon, marketplace', NULL, 0, 0, NULL, 0, 0, 0, 0),
(51, NULL, NULL, NULL, NULL, 1, 0, NULL, 0, 0, 0, 0),
(53, NULL, NULL, 'website name, title', NULL, 0, 0, NULL, 0, 0, 0, 0),
(54, NULL, NULL, 'logo, favicon, iphone, icon, bookmark', NULL, 0, 0, NULL, 0, 0, 0, 0),
(55, NULL, NULL, 'tinymce, content block, fonts, editor, content, overlay', NULL, 0, 0, NULL, 0, 0, 0, 0),
(56, NULL, NULL, 'translate, translation, internationalization, multilingual', NULL, 0, 0, NULL, 0, 0, 0, 0),
(57, NULL, NULL, 'timezone, profile, locale', NULL, 0, 0, NULL, 0, 0, 0, 0),
(58, NULL, NULL, 'interface, quick nav, dashboard background, background image', NULL, 0, 0, NULL, 0, 0, 0, 0),
(60, NULL, NULL, 'vanity, pretty url, seo, pageview, view', NULL, 0, 0, NULL, 0, 0, 0, 0),
(61, NULL, NULL, 'bulk, seo, change keywords, engine, optimization, search', NULL, 0, 0, NULL, 0, 0, 0, 0),
(62, NULL, NULL, 'traffic, statistics, google analytics, quant, pageviews, hits', NULL, 0, 0, NULL, 0, 0, 0, 0),
(63, NULL, NULL, 'pretty, slug', NULL, 0, 0, NULL, 0, 0, 0, 0),
(64, NULL, NULL, 'turn off statistics, tracking, statistics, pageviews, hits', NULL, 0, 0, NULL, 0, 0, 0, 0),
(65, NULL, NULL, 'configure search, site search, search option', NULL, 0, 0, NULL, 0, 0, 0, 0),
(67, NULL, NULL, 'cache option, change cache, override, turn on cache, turn off cache, no cache, page cache, caching', NULL, 0, 0, NULL, 0, 0, 0, 0),
(68, NULL, NULL, 'cache option, turn off cache, no cache, page cache, caching', NULL, 0, 0, NULL, 0, 0, 0, 0),
(69, NULL, NULL, 'index search, reindex search, build sitemap, sitemap.xml, clear old versions, page versions, remove old', NULL, 0, 0, NULL, 0, 0, 0, 0),
(71, NULL, NULL, 'editors, hide site, offline, private, public, access', NULL, 0, 0, NULL, 0, 0, 0, 0),
(72, NULL, NULL, 'file options, file manager, upload, modify', NULL, 0, 0, NULL, 0, 0, 0, 0),
(73, NULL, NULL, 'security, files, media, extension, manager, upload', NULL, 0, 0, NULL, 0, 0, 0, 0),
(74, NULL, NULL, 'security, actions, administrator, admin, package, marketplace, search', NULL, 0, 0, NULL, 0, 0, 0, 0),
(77, NULL, NULL, 'security, lock ip, lock out, block ip, address, restrict, access', NULL, 0, 0, NULL, 0, 0, 0, 0),
(78, NULL, NULL, 'security, registration', NULL, 0, 0, NULL, 0, 0, 0, 0),
(79, NULL, NULL, 'antispam, block spam, security', NULL, 0, 0, NULL, 0, 0, 0, 0),
(80, NULL, NULL, 'lock site, under construction, hide, hidden', NULL, 0, 0, NULL, 0, 0, 0, 0),
(82, NULL, NULL, 'profile, login, redirect, specific, dashboard, administrators', NULL, 0, 0, NULL, 0, 0, 0, 0),
(83, NULL, NULL, 'member profile, member page, community, forums, social, avatar', NULL, 0, 0, NULL, 0, 0, 0, 0),
(84, NULL, NULL, 'signup, new user, community', NULL, 0, 0, NULL, 0, 0, 0, 0),
(85, NULL, NULL, 'smtp, mail settings', NULL, 0, 0, NULL, 0, 0, 0, 0),
(86, NULL, NULL, 'email server, mail settings, mail configuration, external, internal', NULL, 0, 0, NULL, 0, 0, 0, 0),
(87, NULL, NULL, 'test smtp, test mail', NULL, 0, 0, NULL, 0, 0, 0, 0),
(88, NULL, NULL, 'email server, mail settings, mail configuration, private message, message system, import, email, message', NULL, 0, 0, NULL, 0, 0, 0, 0),
(89, NULL, NULL, 'attribute configuration', NULL, 0, 0, NULL, 0, 0, 0, 0),
(90, NULL, NULL, 'attributes, sets', NULL, 0, 0, NULL, 0, 0, 0, 0),
(91, NULL, NULL, 'attributes, types', NULL, 0, 0, NULL, 0, 0, 0, 0),
(92, NULL, NULL, NULL, NULL, 0, 0, NULL, 1, 0, 0, 0),
(93, NULL, NULL, 'overrides, system info, debug, support, help', NULL, 0, 0, NULL, 0, 0, 0, 0),
(94, NULL, NULL, 'errors, exceptions, develop, support, help', NULL, 0, 0, NULL, 0, 0, 0, 0),
(95, NULL, NULL, 'email, logging, logs, smtp, pop, errors, mysql, log', NULL, 0, 0, NULL, 0, 0, 0, 0),
(96, NULL, NULL, 'security, alternate storage, hide files', NULL, 0, 0, NULL, 0, 0, 0, 0),
(97, NULL, NULL, 'network, proxy server', NULL, 0, 0, NULL, 0, 0, 0, 0),
(98, NULL, NULL, 'export, backup, database, sql, mysql, encryption, restore', NULL, 0, 0, NULL, 0, 0, 0, 0),
(100, NULL, NULL, 'upgrade, new version, update', NULL, 0, 0, NULL, 0, 0, 0, 0),
(101, NULL, NULL, 'export, database, xml, starting, points, schema, refresh, custom, tables', NULL, 0, 0, NULL, 0, 0, 0, 0),
(106, NULL, NULL, NULL, NULL, 1, 0, NULL, 0, 0, 0, 0),
(107, NULL, NULL, NULL, NULL, 1, 0, NULL, 1, 0, 0, 0),
(124, NULL, NULL, NULL, 'icon-gift', 0, 0, NULL, 0, 0, 0, 0),
(125, NULL, NULL, NULL, NULL, 0, 0, NULL, 0, 0, 0, 0),
(126, NULL, NULL, NULL, NULL, 0, 0, NULL, 0, 0, 0, 0),
(127, NULL, NULL, NULL, NULL, 0, 0, NULL, 0, 0, 0, 0),
(128, NULL, NULL, NULL, NULL, 0, 0, NULL, 0, 0, 0, 0),
(129, NULL, NULL, NULL, NULL, 0, 0, NULL, 0, 0, 0, 0),
(131, NULL, NULL, NULL, NULL, 0, 0, NULL, 0, 0, 0, 0);

-- --------------------------------------------------------

--
-- Structure de la table `CollectionVersionAreaLayouts`
--

CREATE TABLE IF NOT EXISTS `CollectionVersionAreaLayouts` (
  `cvalID` int(10) unsigned NOT NULL AUTO_INCREMENT,
  `cID` int(10) unsigned DEFAULT '0',
  `cvID` int(10) unsigned DEFAULT '0',
  `arHandle` varchar(255) DEFAULT NULL,
  `layoutID` int(10) unsigned NOT NULL DEFAULT '0',
  `position` int(10) DEFAULT '1000',
  `areaNameNumber` int(10) unsigned DEFAULT '0',
  PRIMARY KEY (`cvalID`),
  KEY `areaLayoutsIndex` (`cID`,`cvID`,`arHandle`),
  KEY `cID` (`cID`)
) ENGINE=InnoDB  DEFAULT CHARSET=utf8 AUTO_INCREMENT=105 ;

--
-- Contenu de la table `CollectionVersionAreaLayouts`
--

INSERT INTO `CollectionVersionAreaLayouts` (`cvalID`, `cID`, `cvID`, `arHandle`, `layoutID`, `position`, `areaNameNumber`) VALUES
(7, 1, 35, 'social', 4, 1, 1),
(8, 1, 35, 'social', 3, 2, 2),
(9, 1, 36, 'social', 4, 1, 1),
(10, 1, 36, 'social', 3, 2, 2),
(11, 1, 37, 'social', 4, 1, 1),
(12, 1, 37, 'social', 3, 2, 2),
(13, 1, 38, 'social', 4, 1, 1),
(14, 1, 38, 'social', 3, 2, 2),
(15, 1, 39, 'social', 4, 1, 1),
(16, 1, 39, 'social', 3, 2, 2),
(17, 1, 40, 'social', 4, 1, 1),
(18, 1, 40, 'social', 3, 2, 2),
(19, 1, 41, 'social', 4, 1, 1),
(20, 1, 41, 'social', 3, 2, 2),
(21, 1, 41, 'actualite', 6, 1, 1),
(22, 1, 41, 'actualite', 5, 2, 2),
(23, 1, 42, 'actualite', 6, 1, 1),
(25, 1, 42, 'social', 4, 1, 1),
(26, 1, 42, 'social', 3, 2, 2),
(27, 1, 43, 'actualite', 6, 1, 1),
(28, 1, 43, 'social', 4, 1, 1),
(29, 1, 43, 'social', 3, 2, 2),
(30, 1, 43, 'actualite', 7, 2, 2),
(31, 1, 44, 'actualite', 6, 1, 1),
(32, 1, 44, 'actualite', 7, 2, 2),
(33, 1, 44, 'social', 4, 1, 1),
(34, 1, 44, 'social', 3, 2, 2),
(35, 1, 45, 'actualite', 6, 1, 1),
(36, 1, 45, 'actualite', 7, 2, 2),
(37, 1, 45, 'social', 4, 1, 1),
(38, 1, 45, 'social', 3, 2, 2),
(39, 1, 46, 'actualite', 6, 1, 1),
(40, 1, 46, 'actualite', 7, 2, 2),
(41, 1, 46, 'social', 4, 1, 1),
(42, 1, 46, 'social', 3, 2, 2),
(43, 1, 47, 'actualite', 6, 1, 1),
(44, 1, 47, 'actualite', 7, 2, 2),
(45, 1, 47, 'social', 4, 1, 1),
(46, 1, 47, 'social', 3, 2, 2),
(47, 1, 48, 'actualite', 6, 1, 1),
(48, 1, 48, 'actualite', 7, 2, 2),
(49, 1, 48, 'social', 4, 1, 1),
(50, 1, 48, 'social', 3, 2, 2),
(51, 1, 49, 'actualite', 6, 1, 1),
(52, 1, 49, 'actualite', 7, 2, 2),
(53, 1, 49, 'social', 4, 1, 1),
(54, 1, 49, 'social', 3, 2, 2),
(55, 1, 50, 'actualite', 6, 1, 1),
(56, 1, 50, 'actualite', 7, 2, 2),
(57, 1, 50, 'social', 4, 1, 1),
(58, 1, 50, 'social', 3, 2, 2),
(59, 1, 51, 'actualite', 6, 1, 1),
(60, 1, 51, 'actualite', 7, 2, 2),
(61, 1, 51, 'social', 4, 1, 1),
(62, 1, 51, 'social', 3, 2, 2),
(63, 126, 18, 'contenu', 9, 1, 1),
(64, 126, 18, 'contenu', 8, 2, 2),
(65, 126, 19, 'contenu', 9, 1, 1),
(66, 126, 19, 'contenu', 8, 2, 2),
(67, 126, 20, 'contenu', 9, 1, 1),
(68, 126, 20, 'contenu', 8, 2, 2),
(69, 126, 21, 'contenu', 9, 1, 1),
(70, 126, 21, 'contenu', 8, 2, 2),
(71, 126, 22, 'contenu', 9, 1, 1),
(72, 126, 22, 'contenu', 8, 2, 2),
(73, 126, 23, 'contenu', 9, 1, 1),
(74, 126, 23, 'contenu', 8, 2, 2),
(75, 126, 24, 'contenu', 9, 1, 1),
(76, 126, 24, 'contenu', 8, 2, 2),
(77, 126, 25, 'contenu', 9, 1, 1),
(78, 126, 25, 'contenu', 8, 2, 2),
(79, 126, 26, 'contenu', 9, 1, 1),
(80, 126, 26, 'contenu', 8, 2, 2),
(81, 126, 27, 'contenu', 9, 1, 1),
(82, 126, 27, 'contenu', 8, 2, 2),
(83, 126, 28, 'contenu', 9, 1, 1),
(84, 126, 28, 'contenu', 8, 2, 2),
(85, 126, 29, 'contenu', 9, 1, 1),
(86, 126, 29, 'contenu', 8, 2, 2),
(87, 126, 30, 'contenu', 9, 1, 1),
(88, 126, 30, 'contenu', 8, 2, 2),
(89, 126, 31, 'contenu', 9, 1, 1),
(90, 126, 31, 'contenu', 8, 2, 2),
(91, 126, 32, 'contenu', 9, 1, 1),
(92, 126, 32, 'contenu', 8, 2, 2),
(93, 126, 33, 'contenu', 9, 1, 1),
(94, 126, 33, 'contenu', 8, 2, 2),
(95, 1, 52, 'actualite', 6, 1, 1),
(96, 1, 52, 'actualite', 7, 2, 2),
(97, 1, 52, 'social', 4, 1, 1),
(98, 1, 52, 'social', 3, 2, 2),
(99, 1, 53, 'actualite', 6, 1, 1),
(100, 1, 53, 'actualite', 7, 2, 2),
(101, 1, 53, 'social', 4, 1, 1),
(102, 1, 53, 'social', 3, 2, 2),
(103, 126, 34, 'contenu', 9, 1, 1),
(104, 126, 34, 'contenu', 8, 2, 2);

-- --------------------------------------------------------

--
-- Structure de la table `CollectionVersionAreaStyles`
--

CREATE TABLE IF NOT EXISTS `CollectionVersionAreaStyles` (
  `cID` int(10) unsigned NOT NULL DEFAULT '0',
  `cvID` int(10) unsigned NOT NULL DEFAULT '0',
  `arHandle` varchar(255) NOT NULL,
  `csrID` int(10) unsigned NOT NULL DEFAULT '0',
  PRIMARY KEY (`cID`,`cvID`,`arHandle`)
) ENGINE=InnoDB DEFAULT CHARSET=utf8;

-- --------------------------------------------------------

--
-- Structure de la table `CollectionVersionBlocks`
--

CREATE TABLE IF NOT EXISTS `CollectionVersionBlocks` (
  `cID` int(10) unsigned NOT NULL DEFAULT '0',
  `cvID` int(10) unsigned NOT NULL DEFAULT '1',
  `bID` int(10) unsigned NOT NULL DEFAULT '0',
  `arHandle` varchar(255) NOT NULL,
  `cbDisplayOrder` int(10) unsigned NOT NULL DEFAULT '0',
  `isOriginal` tinyint(1) unsigned NOT NULL DEFAULT '0',
  `cbOverrideAreaPermissions` tinyint(1) NOT NULL DEFAULT '0',
  `cbIncludeAll` tinyint(1) NOT NULL DEFAULT '0',
  PRIMARY KEY (`cID`,`cvID`,`bID`,`arHandle`),
  KEY `cbIncludeAll` (`cbIncludeAll`),
  KEY `isOriginal` (`isOriginal`),
  KEY `bID` (`bID`),
  KEY `cIDcvID` (`cID`,`cvID`)
) ENGINE=InnoDB DEFAULT CHARSET=utf8;

--
-- Contenu de la table `CollectionVersionBlocks`
--

INSERT INTO `CollectionVersionBlocks` (`cID`, `cvID`, `bID`, `arHandle`, `cbDisplayOrder`, `isOriginal`, `cbOverrideAreaPermissions`, `cbIncludeAll`) VALUES
(1, 2, 14, 'Ma zone', 0, 1, 0, 0),
(1, 3, 14, 'Ma zone', 0, 0, 0, 0),
(1, 4, 14, 'Ma zone', 0, 0, 0, 0),
(1, 5, 14, 'Ma zone', 0, 0, 0, 0),
(1, 5, 15, 'Titre', 0, 1, 0, 0),
(1, 6, 14, 'Ma zone', 0, 0, 0, 0),
(1, 6, 15, 'Titre', 0, 0, 0, 0),
(1, 6, 16, 'Titre_article_1', 0, 1, 0, 0),
(1, 6, 17, 'Sous_titre_article_1', 0, 1, 0, 0),
(1, 6, 18, 'Image_article_1', 0, 1, 0, 0),
(1, 6, 19, 'Texte_article_1', 0, 1, 0, 0),
(1, 7, 14, 'Ma zone', 0, 0, 0, 0),
(1, 7, 15, 'Titre', 0, 0, 0, 0),
(1, 7, 16, 'Titre_article_1', 0, 0, 0, 0),
(1, 7, 17, 'Sous_titre_article_1', 0, 0, 0, 0),
(1, 7, 18, 'Image_article_1', 0, 0, 0, 0),
(1, 7, 19, 'Texte_article_1', 0, 0, 0, 0),
(1, 8, 14, 'Ma zone', 0, 0, 0, 0),
(1, 8, 15, 'Titre', 0, 0, 0, 0),
(1, 8, 16, 'Titre_article_1', 0, 0, 0, 0),
(1, 8, 17, 'Sous_titre_article_1', 0, 0, 0, 0),
(1, 8, 18, 'Image_article_1', 0, 0, 0, 0),
(1, 8, 19, 'Texte_article_1', 0, 0, 0, 0),
(1, 8, 20, 'Titre_article_2', 0, 1, 0, 0),
(1, 8, 21, 'Sous_titre_article_2', 0, 1, 0, 0),
(1, 8, 22, 'Image_article_2', 0, 1, 0, 0),
(1, 8, 23, 'Texte_article_2', 0, 1, 0, 0),
(1, 8, 24, 'Titre_article_3', 0, 1, 0, 0),
(1, 8, 25, 'Sous_titre_article_3', 0, 1, 0, 0),
(1, 8, 26, 'Image_article_3', 0, 1, 0, 0),
(1, 8, 27, 'Texte_article_3', 0, 1, 0, 0),
(1, 9, 14, 'Ma zone', 0, 0, 0, 0),
(1, 9, 15, 'Titre', 0, 0, 0, 0),
(1, 9, 16, 'Titre_article_1', 0, 0, 0, 0),
(1, 9, 17, 'Sous_titre_article_1', 0, 0, 0, 0),
(1, 9, 18, 'Image_article_1', 0, 0, 0, 0),
(1, 9, 19, 'Texte_article_1', 0, 0, 0, 0),
(1, 9, 20, 'Titre_article_2', 0, 0, 0, 0),
(1, 9, 21, 'Sous_titre_article_2', 0, 0, 0, 0),
(1, 9, 22, 'Image_article_2', 0, 0, 0, 0),
(1, 9, 23, 'Texte_article_2', 0, 0, 0, 0),
(1, 9, 24, 'Titre_article_3', 0, 0, 0, 0),
(1, 9, 25, 'Sous_titre_article_3', 0, 0, 0, 0),
(1, 9, 27, 'Texte_article_3', 0, 0, 0, 0),
(1, 9, 28, 'Image_article_3', 0, 1, 0, 0),
(1, 10, 14, 'Ma zone', 0, 0, 0, 0),
(1, 10, 15, 'Titre', 0, 0, 0, 0),
(1, 10, 16, 'Titre_article_1', 0, 0, 0, 0),
(1, 10, 17, 'Sous_titre_article_1', 0, 0, 0, 0),
(1, 10, 18, 'Image_article_1', 0, 0, 0, 0),
(1, 10, 20, 'Titre_article_2', 0, 0, 0, 0),
(1, 10, 21, 'Sous_titre_article_2', 0, 0, 0, 0),
(1, 10, 22, 'Image_article_2', 0, 0, 0, 0),
(1, 10, 23, 'Texte_article_2', 0, 0, 0, 0),
(1, 10, 24, 'Titre_article_3', 0, 0, 0, 0),
(1, 10, 25, 'Sous_titre_article_3', 0, 0, 0, 0),
(1, 10, 27, 'Texte_article_3', 0, 0, 0, 0),
(1, 10, 28, 'Image_article_3', 0, 0, 0, 0),
(1, 10, 29, 'Texte_article_1', 0, 1, 0, 0),
(1, 11, 14, 'Ma zone', 0, 0, 0, 0),
(1, 11, 16, 'Titre_article_1', 0, 0, 0, 0),
(1, 11, 18, 'Image_article_1', 0, 0, 0, 0),
(1, 11, 20, 'Titre_article_2', 0, 0, 0, 0),
(1, 11, 22, 'Image_article_2', 0, 0, 0, 0),
(1, 11, 24, 'Titre_article_3', 0, 0, 0, 0),
(1, 11, 28, 'Image_article_3', 0, 0, 0, 0),
(1, 11, 29, 'Texte_article_1', 0, 0, 0, 0),
(1, 11, 30, 'Texte_article_2', 0, 1, 0, 0),
(1, 11, 31, 'Texte_article_3', 0, 1, 0, 0),
(1, 11, 32, 'Sous_titre_article_1', 0, 1, 0, 0),
(1, 11, 33, 'Sous_titre_article_2', 0, 1, 0, 0),
(1, 11, 34, 'Sous_titre_article_3', 0, 1, 0, 0),
(1, 11, 35, 'Titre', 0, 1, 0, 0),
(1, 12, 14, 'Ma zone', 0, 0, 0, 0),
(1, 12, 16, 'Titre_article_1', 0, 0, 0, 0),
(1, 12, 18, 'Image_article_1', 0, 0, 0, 0),
(1, 12, 20, 'Titre_article_2', 0, 0, 0, 0),
(1, 12, 22, 'Image_article_2', 0, 0, 0, 0),
(1, 12, 24, 'Titre_article_3', 0, 0, 0, 0),
(1, 12, 28, 'Image_article_3', 0, 0, 0, 0),
(1, 12, 30, 'Texte_article_2', 0, 0, 0, 0),
(1, 12, 31, 'Texte_article_3', 0, 0, 0, 0),
(1, 12, 32, 'Sous_titre_article_1', 0, 0, 0, 0),
(1, 12, 33, 'Sous_titre_article_2', 0, 0, 0, 0),
(1, 12, 34, 'Sous_titre_article_3', 0, 0, 0, 0),
(1, 12, 35, 'Titre', 0, 0, 0, 0),
(1, 12, 36, 'Texte_article_1', 0, 1, 0, 0),
(1, 13, 14, 'Ma zone', 0, 0, 0, 0),
(1, 13, 16, 'Titre_article_1', 0, 0, 0, 0),
(1, 13, 18, 'Image_article_1', 0, 0, 0, 0),
(1, 13, 20, 'Titre_article_2', 0, 0, 0, 0),
(1, 13, 22, 'Image_article_2', 0, 0, 0, 0),
(1, 13, 24, 'Titre_article_3', 0, 0, 0, 0),
(1, 13, 28, 'Image_article_3', 0, 0, 0, 0),
(1, 13, 31, 'Texte_article_3', 0, 0, 0, 0),
(1, 13, 32, 'Sous_titre_article_1', 0, 0, 0, 0),
(1, 13, 33, 'Sous_titre_article_2', 0, 0, 0, 0),
(1, 13, 34, 'Sous_titre_article_3', 0, 0, 0, 0),
(1, 13, 35, 'Titre', 0, 0, 0, 0),
(1, 13, 37, 'Texte_article_2', 0, 1, 0, 0),
(1, 13, 38, 'Texte_article_1', 0, 1, 0, 0),
(1, 14, 14, 'Ma zone', 0, 0, 0, 0),
(1, 14, 16, 'Titre_article_1', 0, 0, 0, 0),
(1, 14, 18, 'Image_article_1', 0, 0, 0, 0),
(1, 14, 20, 'Titre_article_2', 0, 0, 0, 0),
(1, 14, 22, 'Image_article_2', 0, 0, 0, 0),
(1, 14, 24, 'Titre_article_3', 0, 0, 0, 0),
(1, 14, 28, 'Image_article_3', 0, 0, 0, 0),
(1, 14, 31, 'Texte_article_3', 0, 0, 0, 0),
(1, 14, 32, 'Sous_titre_article_1', 0, 0, 0, 0),
(1, 14, 33, 'Sous_titre_article_2', 0, 0, 0, 0),
(1, 14, 34, 'Sous_titre_article_3', 0, 0, 0, 0),
(1, 14, 35, 'Titre', 0, 0, 0, 0),
(1, 14, 37, 'Texte_article_2', 0, 0, 0, 0),
(1, 14, 38, 'Texte_article_1', 0, 0, 0, 0),
(1, 14, 39, 'Titre_SocialMedia', 0, 1, 0, 0),
(1, 14, 40, 'Texte_SocialMedia', 0, 1, 0, 0),
(1, 15, 14, 'Ma zone', 0, 0, 0, 0),
(1, 15, 16, 'Titre_article_1', 0, 0, 0, 0),
(1, 15, 18, 'Image_article_1', 0, 0, 0, 0),
(1, 15, 20, 'Titre_article_2', 0, 0, 0, 0),
(1, 15, 22, 'Image_article_2', 0, 0, 0, 0),
(1, 15, 24, 'Titre_article_3', 0, 0, 0, 0),
(1, 15, 28, 'Image_article_3', 0, 0, 0, 0),
(1, 15, 31, 'Texte_article_3', 0, 0, 0, 0),
(1, 15, 32, 'Sous_titre_article_1', 0, 0, 0, 0),
(1, 15, 33, 'Sous_titre_article_2', 0, 0, 0, 0),
(1, 15, 34, 'Sous_titre_article_3', 0, 0, 0, 0),
(1, 15, 35, 'Titre', 0, 0, 0, 0),
(1, 15, 37, 'Texte_article_2', 0, 0, 0, 0),
(1, 15, 38, 'Texte_article_1', 0, 0, 0, 0),
(1, 15, 39, 'Titre_SocialMedia', 0, 0, 0, 0),
(1, 15, 40, 'Texte_SocialMedia', 0, 0, 0, 0),
(1, 15, 41, 'Titre_Newsletter', 0, 1, 0, 0),
(1, 15, 42, 'Texte_Newsletter', 0, 1, 0, 0),
(1, 16, 14, 'Ma zone', 0, 0, 0, 0),
(1, 16, 16, 'Titre_article_1', 0, 0, 0, 0),
(1, 16, 18, 'Image_article_1', 0, 0, 0, 0),
(1, 16, 20, 'Titre_article_2', 0, 0, 0, 0),
(1, 16, 22, 'Image_article_2', 0, 0, 0, 0),
(1, 16, 24, 'Titre_article_3', 0, 0, 0, 0),
(1, 16, 28, 'Image_article_3', 0, 0, 0, 0),
(1, 16, 31, 'Texte_article_3', 0, 0, 0, 0),
(1, 16, 32, 'Sous_titre_article_1', 0, 0, 0, 0),
(1, 16, 33, 'Sous_titre_article_2', 0, 0, 0, 0),
(1, 16, 34, 'Sous_titre_article_3', 0, 0, 0, 0),
(1, 16, 35, 'Titre', 0, 0, 0, 0),
(1, 16, 37, 'Texte_article_2', 0, 0, 0, 0),
(1, 16, 38, 'Texte_article_1', 0, 0, 0, 0),
(1, 16, 39, 'Titre_SocialMedia', 0, 0, 0, 0),
(1, 16, 40, 'Texte_SocialMedia', 0, 0, 0, 0),
(1, 16, 41, 'Titre_Newsletter', 0, 0, 0, 0),
(1, 16, 42, 'Texte_Newsletter', 0, 0, 0, 0),
(1, 16, 43, 'Form_email_Newsletter', 0, 1, 0, 0),
(1, 17, 14, 'Ma zone', 0, 0, 0, 0),
(1, 17, 16, 'Titre_article_1', 0, 0, 0, 0),
(1, 17, 18, 'Image_article_1', 0, 0, 0, 0),
(1, 17, 20, 'Titre_article_2', 0, 0, 0, 0),
(1, 17, 22, 'Image_article_2', 0, 0, 0, 0),
(1, 17, 24, 'Titre_article_3', 0, 0, 0, 0),
(1, 17, 28, 'Image_article_3', 0, 0, 0, 0),
(1, 17, 31, 'Texte_article_3', 0, 0, 0, 0),
(1, 17, 32, 'Sous_titre_article_1', 0, 0, 0, 0),
(1, 17, 33, 'Sous_titre_article_2', 0, 0, 0, 0),
(1, 17, 34, 'Sous_titre_article_3', 0, 0, 0, 0),
(1, 17, 35, 'Titre', 0, 0, 0, 0),
(1, 17, 37, 'Texte_article_2', 0, 0, 0, 0),
(1, 17, 38, 'Texte_article_1', 0, 0, 0, 0),
(1, 17, 39, 'Titre_SocialMedia', 0, 0, 0, 0),
(1, 17, 40, 'Texte_SocialMedia', 0, 0, 0, 0),
(1, 17, 41, 'Titre_Newsletter', 0, 0, 0, 0),
(1, 17, 42, 'Texte_Newsletter', 0, 0, 0, 0),
(1, 17, 43, 'Form_email_Newsletter', 0, 0, 0, 0),
(1, 18, 14, 'Ma zone', 0, 0, 0, 0),
(1, 18, 16, 'Titre_article_1', 0, 0, 0, 0),
(1, 18, 18, 'Image_article_1', 0, 0, 0, 0),
(1, 18, 20, 'Titre_article_2', 0, 0, 0, 0),
(1, 18, 22, 'Image_article_2', 0, 0, 0, 0),
(1, 18, 24, 'Titre_article_3', 0, 0, 0, 0),
(1, 18, 28, 'Image_article_3', 0, 0, 0, 0),
(1, 18, 31, 'Texte_article_3', 0, 0, 0, 0),
(1, 18, 32, 'Sous_titre_article_1', 0, 0, 0, 0),
(1, 18, 33, 'Sous_titre_article_2', 0, 0, 0, 0),
(1, 18, 34, 'Sous_titre_article_3', 0, 0, 0, 0),
(1, 18, 35, 'Titre', 0, 0, 0, 0),
(1, 18, 37, 'Texte_article_2', 0, 0, 0, 0),
(1, 18, 38, 'Texte_article_1', 0, 0, 0, 0),
(1, 18, 39, 'Titre_SocialMedia', 0, 0, 0, 0),
(1, 18, 40, 'Texte_SocialMedia', 0, 0, 0, 0),
(1, 18, 41, 'Titre_Newsletter', 0, 0, 0, 0),
(1, 18, 43, 'Form_email_Newsletter', 0, 0, 0, 0),
(1, 18, 44, 'Texte_Newsletter', 0, 1, 0, 0),
(1, 18, 45, 'Titre_Contact', 0, 1, 0, 0),
(1, 18, 46, 'Form_Contact', 0, 1, 0, 0),
(1, 19, 14, 'Ma zone', 0, 0, 0, 0),
(1, 19, 16, 'Titre_article_1', 0, 0, 0, 0),
(1, 19, 18, 'Image_article_1', 0, 0, 0, 0),
(1, 19, 20, 'Titre_article_2', 0, 0, 0, 0),
(1, 19, 22, 'Image_article_2', 0, 0, 0, 0),
(1, 19, 24, 'Titre_article_3', 0, 0, 0, 0),
(1, 19, 28, 'Image_article_3', 0, 0, 0, 0),
(1, 19, 31, 'Texte_article_3', 0, 0, 0, 0),
(1, 19, 32, 'Sous_titre_article_1', 0, 0, 0, 0),
(1, 19, 33, 'Sous_titre_article_2', 0, 0, 0, 0),
(1, 19, 34, 'Sous_titre_article_3', 0, 0, 0, 0),
(1, 19, 35, 'Titre', 0, 0, 0, 0),
(1, 19, 37, 'Texte_article_2', 0, 0, 0, 0),
(1, 19, 38, 'Texte_article_1', 0, 0, 0, 0),
(1, 19, 39, 'Titre_SocialMedia', 0, 0, 0, 0),
(1, 19, 40, 'Texte_SocialMedia', 0, 0, 0, 0),
(1, 19, 41, 'Titre_Newsletter', 0, 0, 0, 0),
(1, 19, 43, 'Form_email_Newsletter', 0, 0, 0, 0),
(1, 19, 44, 'Texte_Newsletter', 0, 0, 0, 0),
(1, 19, 45, 'Titre_Contact', 0, 0, 0, 0),
(1, 19, 46, 'Form_Contact', 0, 0, 0, 0),
(1, 20, 14, 'Ma zone', 0, 0, 0, 0),
(1, 20, 16, 'Titre_article_1', 0, 0, 0, 0),
(1, 20, 18, 'Image_article_1', 0, 0, 0, 0),
(1, 20, 20, 'Titre_article_2', 0, 0, 0, 0),
(1, 20, 22, 'Image_article_2', 0, 0, 0, 0),
(1, 20, 24, 'Titre_article_3', 0, 0, 0, 0),
(1, 20, 28, 'Image_article_3', 0, 0, 0, 0),
(1, 20, 31, 'Texte_article_3', 0, 0, 0, 0),
(1, 20, 32, 'Sous_titre_article_1', 0, 0, 0, 0),
(1, 20, 33, 'Sous_titre_article_2', 0, 0, 0, 0),
(1, 20, 34, 'Sous_titre_article_3', 0, 0, 0, 0),
(1, 20, 35, 'Titre', 0, 0, 0, 0),
(1, 20, 37, 'Texte_article_2', 0, 0, 0, 0),
(1, 20, 38, 'Texte_article_1', 0, 0, 0, 0),
(1, 20, 39, 'Titre_SocialMedia', 0, 0, 0, 0),
(1, 20, 40, 'Texte_SocialMedia', 0, 0, 0, 0),
(1, 20, 41, 'Titre_Newsletter', 0, 0, 0, 0),
(1, 20, 43, 'Form_email_Newsletter', 0, 0, 0, 0),
(1, 20, 44, 'Texte_Newsletter', 0, 0, 0, 0),
(1, 20, 45, 'Titre_Contact', 0, 0, 0, 0),
(1, 20, 47, 'Form_Contact', 0, 1, 0, 0),
(1, 21, 14, 'Ma zone', 0, 0, 0, 0),
(1, 21, 16, 'Titre_article_1', 0, 0, 0, 0),
(1, 21, 18, 'Image_article_1', 0, 0, 0, 0),
(1, 21, 20, 'Titre_article_2', 0, 0, 0, 0),
(1, 21, 22, 'Image_article_2', 0, 0, 0, 0),
(1, 21, 24, 'Titre_article_3', 0, 0, 0, 0),
(1, 21, 28, 'Image_article_3', 0, 0, 0, 0),
(1, 21, 31, 'Texte_article_3', 0, 0, 0, 0),
(1, 21, 32, 'Sous_titre_article_1', 0, 0, 0, 0),
(1, 21, 33, 'Sous_titre_article_2', 0, 0, 0, 0),
(1, 21, 34, 'Sous_titre_article_3', 0, 0, 0, 0),
(1, 21, 35, 'Titre', 0, 0, 0, 0),
(1, 21, 37, 'Texte_article_2', 0, 0, 0, 0),
(1, 21, 38, 'Texte_article_1', 0, 0, 0, 0),
(1, 21, 39, 'Titre_SocialMedia', 0, 0, 0, 0),
(1, 21, 40, 'Texte_SocialMedia', 0, 0, 0, 0),
(1, 21, 41, 'Titre_Newsletter', 0, 0, 0, 0),
(1, 21, 43, 'Form_email_Newsletter', 0, 0, 0, 0),
(1, 21, 44, 'Texte_Newsletter', 0, 0, 0, 0),
(1, 21, 45, 'Titre_Contact', 0, 0, 0, 0),
(1, 21, 47, 'Form_Contact', 0, 0, 0, 0),
(1, 21, 48, 'Titre_News', 0, 1, 0, 0),
(1, 21, 49, 'image_Contact_1', 0, 1, 0, 0),
(1, 21, 50, 'Texte_Contact_1', 0, 1, 0, 0),
(1, 21, 51, 'image_Contact_2', 0, 1, 0, 0),
(1, 21, 52, 'Texte_Contact_2', 0, 1, 0, 0),
(1, 21, 53, 'image_Contact_3', 0, 1, 0, 0),
(1, 21, 54, 'Texte_Contact_3', 0, 1, 0, 0),
(1, 22, 14, 'Ma zone', 0, 0, 0, 0),
(1, 22, 16, 'Titre_article_1', 0, 0, 0, 0),
(1, 22, 18, 'Image_article_1', 0, 0, 0, 0),
(1, 22, 20, 'Titre_article_2', 0, 0, 0, 0),
(1, 22, 22, 'Image_article_2', 0, 0, 0, 0),
(1, 22, 24, 'Titre_article_3', 0, 0, 0, 0),
(1, 22, 28, 'Image_article_3', 0, 0, 0, 0),
(1, 22, 31, 'Texte_article_3', 0, 0, 0, 0),
(1, 22, 32, 'Sous_titre_article_1', 0, 0, 0, 0),
(1, 22, 33, 'Sous_titre_article_2', 0, 0, 0, 0),
(1, 22, 34, 'Sous_titre_article_3', 0, 0, 0, 0),
(1, 22, 35, 'Titre', 0, 0, 0, 0),
(1, 22, 37, 'Texte_article_2', 0, 0, 0, 0),
(1, 22, 38, 'Texte_article_1', 0, 0, 0, 0),
(1, 22, 39, 'Titre_SocialMedia', 0, 0, 0, 0),
(1, 22, 40, 'Texte_SocialMedia', 0, 0, 0, 0),
(1, 22, 41, 'Titre_Newsletter', 0, 0, 0, 0),
(1, 22, 44, 'Texte_Newsletter', 0, 0, 0, 0),
(1, 22, 45, 'Titre_Contact', 0, 0, 0, 0),
(1, 22, 48, 'Titre_News', 0, 0, 0, 0),
(1, 22, 49, 'image_Contact_1', 0, 0, 0, 0),
(1, 22, 50, 'Texte_Contact_1', 0, 0, 0, 0),
(1, 22, 51, 'image_Contact_2', 0, 0, 0, 0),
(1, 22, 52, 'Texte_Contact_2', 0, 0, 0, 0),
(1, 22, 53, 'image_Contact_3', 0, 0, 0, 0),
(1, 22, 54, 'Texte_Contact_3', 0, 0, 0, 0),
(1, 22, 55, 'Form_email_Newsletter', 0, 1, 0, 0),
(1, 22, 56, 'Form_Contact', 0, 1, 0, 0),
(1, 23, 14, 'Ma zone', 0, 0, 0, 0),
(1, 23, 16, 'Titre_article_1', 0, 0, 0, 0),
(1, 23, 18, 'Image_article_1', 0, 0, 0, 0),
(1, 23, 20, 'Titre_article_2', 0, 0, 0, 0),
(1, 23, 22, 'Image_article_2', 0, 0, 0, 0),
(1, 23, 24, 'Titre_article_3', 0, 0, 0, 0),
(1, 23, 28, 'Image_article_3', 0, 0, 0, 0),
(1, 23, 31, 'Texte_article_3', 0, 0, 0, 0),
(1, 23, 32, 'Sous_titre_article_1', 0, 0, 0, 0),
(1, 23, 33, 'Sous_titre_article_2', 0, 0, 0, 0),
(1, 23, 34, 'Sous_titre_article_3', 0, 0, 0, 0),
(1, 23, 35, 'Titre', 0, 0, 0, 0),
(1, 23, 37, 'Texte_article_2', 0, 0, 0, 0),
(1, 23, 38, 'Texte_article_1', 0, 0, 0, 0),
(1, 23, 39, 'Titre_SocialMedia', 0, 0, 0, 0),
(1, 23, 40, 'Texte_SocialMedia', 0, 0, 0, 0),
(1, 23, 41, 'Titre_Newsletter', 0, 0, 0, 0),
(1, 23, 44, 'Texte_Newsletter', 0, 0, 0, 0),
(1, 23, 45, 'Titre_Contact', 0, 0, 0, 0),
(1, 23, 48, 'Titre_News', 0, 0, 0, 0),
(1, 23, 49, 'image_Contact_1', 0, 0, 0, 0),
(1, 23, 50, 'Texte_Contact_1', 0, 0, 0, 0),
(1, 23, 51, 'image_Contact_2', 0, 0, 0, 0),
(1, 23, 52, 'Texte_Contact_2', 0, 0, 0, 0),
(1, 23, 53, 'image_Contact_3', 0, 0, 0, 0),
(1, 23, 54, 'Texte_Contact_3', 0, 0, 0, 0),
(1, 23, 55, 'Form_email_Newsletter', 0, 0, 0, 0),
(1, 23, 56, 'Form_Contact', 0, 0, 0, 0),
(1, 24, 14, 'Ma zone', 0, 0, 0, 0),
(1, 24, 16, 'Titre_article_1', 0, 0, 0, 0),
(1, 24, 18, 'Image_article_1', 0, 0, 0, 0),
(1, 24, 20, 'Titre_article_2', 0, 0, 0, 0),
(1, 24, 22, 'Image_article_2', 0, 0, 0, 0),
(1, 24, 24, 'Titre_article_3', 0, 0, 0, 0),
(1, 24, 28, 'Image_article_3', 0, 0, 0, 0),
(1, 24, 31, 'Texte_article_3', 0, 0, 0, 0),
(1, 24, 32, 'Sous_titre_article_1', 0, 0, 0, 0),
(1, 24, 33, 'Sous_titre_article_2', 0, 0, 0, 0),
(1, 24, 34, 'Sous_titre_article_3', 0, 0, 0, 0),
(1, 24, 35, 'Titre', 0, 0, 0, 0),
(1, 24, 37, 'Texte_article_2', 0, 0, 0, 0),
(1, 24, 38, 'Texte_article_1', 0, 0, 0, 0),
(1, 24, 39, 'Titre_SocialMedia', 0, 0, 0, 0),
(1, 24, 40, 'Texte_SocialMedia', 0, 0, 0, 0),
(1, 24, 41, 'Titre_Newsletter', 0, 0, 0, 0),
(1, 24, 44, 'Texte_Newsletter', 0, 0, 0, 0),
(1, 24, 45, 'Titre_Contact', 0, 0, 0, 0),
(1, 24, 48, 'Titre_News', 0, 0, 0, 0),
(1, 24, 49, 'image_Contact_1', 0, 0, 0, 0),
(1, 24, 50, 'Texte_Contact_1', 0, 0, 0, 0),
(1, 24, 51, 'image_Contact_2', 0, 0, 0, 0),
(1, 24, 52, 'Texte_Contact_2', 0, 0, 0, 0),
(1, 24, 53, 'image_Contact_3', 0, 0, 0, 0),
(1, 24, 54, 'Texte_Contact_3', 0, 0, 0, 0),
(1, 24, 55, 'Form_email_Newsletter', 0, 0, 0, 0),
(1, 24, 56, 'Form_Contact', 0, 0, 0, 0),
(1, 25, 14, 'Ma zone', 0, 0, 0, 0),
(1, 25, 16, 'Titre_article_1', 0, 0, 0, 0),
(1, 25, 18, 'Image_article_1', 0, 0, 0, 0),
(1, 25, 20, 'Titre_article_2', 0, 0, 0, 0),
(1, 25, 22, 'Image_article_2', 0, 0, 0, 0),
(1, 25, 24, 'Titre_article_3', 0, 0, 0, 0),
(1, 25, 28, 'Image_article_3', 0, 0, 0, 0),
(1, 25, 31, 'Texte_article_3', 0, 0, 0, 0),
(1, 25, 32, 'Sous_titre_article_1', 0, 0, 0, 0),
(1, 25, 33, 'Sous_titre_article_2', 0, 0, 0, 0),
(1, 25, 34, 'Sous_titre_article_3', 0, 0, 0, 0),
(1, 25, 35, 'Titre', 0, 0, 0, 0),
(1, 25, 37, 'Texte_article_2', 0, 0, 0, 0),
(1, 25, 38, 'Texte_article_1', 0, 0, 0, 0),
(1, 25, 39, 'Titre_SocialMedia', 0, 0, 0, 0),
(1, 25, 40, 'Texte_SocialMedia', 0, 0, 0, 0),
(1, 25, 41, 'Titre_Newsletter', 0, 0, 0, 0),
(1, 25, 44, 'Texte_Newsletter', 0, 0, 0, 0),
(1, 25, 45, 'Titre_Contact', 0, 0, 0, 0),
(1, 25, 48, 'Titre_News', 0, 0, 0, 0),
(1, 25, 49, 'image_Contact_1', 0, 0, 0, 0),
(1, 25, 50, 'Texte_Contact_1', 0, 0, 0, 0),
(1, 25, 51, 'image_Contact_2', 0, 0, 0, 0),
(1, 25, 52, 'Texte_Contact_2', 0, 0, 0, 0),
(1, 25, 53, 'image_Contact_3', 0, 0, 0, 0),
(1, 25, 54, 'Texte_Contact_3', 0, 0, 0, 0),
(1, 25, 55, 'Form_email_Newsletter', 0, 0, 0, 0),
(1, 25, 56, 'Form_Contact', 0, 0, 0, 0),
(1, 25, 57, 'news1', 0, 1, 0, 0),
(1, 25, 59, 'news2', 0, 1, 0, 0),
(1, 25, 60, 'news3', 0, 1, 0, 0),
(1, 26, 14, 'Ma zone', 0, 0, 0, 0),
(1, 26, 16, 'Titre_article_1', 0, 0, 0, 0),
(1, 26, 18, 'Image_article_1', 0, 0, 0, 0),
(1, 26, 20, 'Titre_article_2', 0, 0, 0, 0),
(1, 26, 22, 'Image_article_2', 0, 0, 0, 0),
(1, 26, 24, 'Titre_article_3', 0, 0, 0, 0),
(1, 26, 28, 'Image_article_3', 0, 0, 0, 0),
(1, 26, 31, 'Texte_article_3', 0, 0, 0, 0),
(1, 26, 32, 'Sous_titre_article_1', 0, 0, 0, 0),
(1, 26, 33, 'Sous_titre_article_2', 0, 0, 0, 0),
(1, 26, 34, 'Sous_titre_article_3', 0, 0, 0, 0),
(1, 26, 35, 'Titre', 0, 0, 0, 0),
(1, 26, 37, 'Texte_article_2', 0, 0, 0, 0),
(1, 26, 38, 'Texte_article_1', 0, 0, 0, 0),
(1, 26, 39, 'Titre_SocialMedia', 0, 0, 0, 0),
(1, 26, 40, 'Texte_SocialMedia', 0, 0, 0, 0),
(1, 26, 41, 'Titre_Newsletter', 0, 0, 0, 0),
(1, 26, 44, 'Texte_Newsletter', 0, 0, 0, 0),
(1, 26, 45, 'Titre_Contact', 0, 0, 0, 0),
(1, 26, 48, 'Titre_News', 0, 0, 0, 0),
(1, 26, 49, 'image_Contact_1', 0, 0, 0, 0),
(1, 26, 50, 'Texte_Contact_1', 0, 0, 0, 0),
(1, 26, 51, 'image_Contact_2', 0, 0, 0, 0),
(1, 26, 52, 'Texte_Contact_2', 0, 0, 0, 0),
(1, 26, 53, 'image_Contact_3', 0, 0, 0, 0),
(1, 26, 54, 'Texte_Contact_3', 0, 0, 0, 0),
(1, 26, 55, 'Form_email_Newsletter', 0, 0, 0, 0),
(1, 26, 56, 'Form_Contact', 0, 0, 0, 0),
(1, 26, 61, 'news1', 0, 1, 0, 0),
(1, 26, 62, 'news2', 0, 1, 0, 0),
(1, 26, 63, 'news3', 0, 1, 0, 0),
(1, 27, 14, 'Ma zone', 0, 0, 0, 0),
(1, 27, 16, 'Titre_article_1', 0, 0, 0, 0),
(1, 27, 18, 'Image_article_1', 0, 0, 0, 0),
(1, 27, 20, 'Titre_article_2', 0, 0, 0, 0),
(1, 27, 22, 'Image_article_2', 0, 0, 0, 0),
(1, 27, 24, 'Titre_article_3', 0, 0, 0, 0),
(1, 27, 28, 'Image_article_3', 0, 0, 0, 0),
(1, 27, 31, 'Texte_article_3', 0, 0, 0, 0),
(1, 27, 32, 'Sous_titre_article_1', 0, 0, 0, 0),
(1, 27, 33, 'Sous_titre_article_2', 0, 0, 0, 0),
(1, 27, 34, 'Sous_titre_article_3', 0, 0, 0, 0),
(1, 27, 35, 'Titre', 0, 0, 0, 0),
(1, 27, 37, 'Texte_article_2', 0, 0, 0, 0),
(1, 27, 38, 'Texte_article_1', 0, 0, 0, 0),
(1, 27, 39, 'Titre_SocialMedia', 0, 0, 0, 0),
(1, 27, 40, 'Texte_SocialMedia', 0, 0, 0, 0),
(1, 27, 41, 'Titre_Newsletter', 0, 0, 0, 0),
(1, 27, 44, 'Texte_Newsletter', 0, 0, 0, 0),
(1, 27, 45, 'Titre_Contact', 0, 0, 0, 0),
(1, 27, 48, 'Titre_News', 0, 0, 0, 0),
(1, 27, 49, 'image_Contact_1', 0, 0, 0, 0),
(1, 27, 50, 'Texte_Contact_1', 0, 0, 0, 0),
(1, 27, 51, 'image_Contact_2', 0, 0, 0, 0),
(1, 27, 52, 'Texte_Contact_2', 0, 0, 0, 0),
(1, 27, 53, 'image_Contact_3', 0, 0, 0, 0),
(1, 27, 54, 'Texte_Contact_3', 0, 0, 0, 0),
(1, 27, 55, 'Form_email_Newsletter', 0, 0, 0, 0),
(1, 27, 56, 'Form_Contact', 0, 0, 0, 0),
(1, 27, 61, 'news1', 0, 0, 0, 0),
(1, 27, 62, 'news2', 0, 0, 0, 0),
(1, 27, 63, 'news3', 0, 0, 0, 0),
(1, 28, 14, 'Ma zone', 0, 0, 0, 0),
(1, 28, 16, 'Titre_article_1', 0, 0, 0, 0),
(1, 28, 18, 'Image_article_1', 0, 0, 0, 0),
(1, 28, 20, 'Titre_article_2', 0, 0, 0, 0),
(1, 28, 22, 'Image_article_2', 0, 0, 0, 0),
(1, 28, 24, 'Titre_article_3', 0, 0, 0, 0),
(1, 28, 28, 'Image_article_3', 0, 0, 0, 0),
(1, 28, 31, 'Texte_article_3', 0, 0, 0, 0),
(1, 28, 32, 'Sous_titre_article_1', 0, 0, 0, 0),
(1, 28, 33, 'Sous_titre_article_2', 0, 0, 0, 0),
(1, 28, 34, 'Sous_titre_article_3', 0, 0, 0, 0),
(1, 28, 35, 'Titre', 0, 0, 0, 0),
(1, 28, 37, 'Texte_article_2', 0, 0, 0, 0),
(1, 28, 38, 'Texte_article_1', 0, 0, 0, 0),
(1, 28, 39, 'Titre_SocialMedia', 0, 0, 0, 0),
(1, 28, 40, 'Texte_SocialMedia', 0, 0, 0, 0),
(1, 28, 41, 'Titre_Newsletter', 0, 0, 0, 0),
(1, 28, 44, 'Texte_Newsletter', 0, 0, 0, 0),
(1, 28, 45, 'Titre_Contact', 0, 0, 0, 0),
(1, 28, 48, 'Titre_News', 0, 0, 0, 0),
(1, 28, 49, 'image_Contact_1', 0, 0, 0, 0),
(1, 28, 50, 'Texte_Contact_1', 0, 0, 0, 0),
(1, 28, 51, 'image_Contact_2', 0, 0, 0, 0),
(1, 28, 52, 'Texte_Contact_2', 0, 0, 0, 0),
(1, 28, 53, 'image_Contact_3', 0, 0, 0, 0),
(1, 28, 54, 'Texte_Contact_3', 0, 0, 0, 0),
(1, 28, 55, 'Form_email_Newsletter', 0, 0, 0, 0),
(1, 28, 56, 'Form_Contact', 0, 0, 0, 0),
(1, 28, 63, 'news3', 0, 0, 0, 0),
(1, 28, 64, 'news1', 0, 1, 0, 0),
(1, 28, 65, 'news2', 0, 1, 0, 0),
(1, 29, 14, 'Ma zone', 0, 0, 0, 0),
(1, 29, 16, 'Titre_article_1', 0, 0, 0, 0),
(1, 29, 18, 'Image_article_1', 0, 0, 0, 0),
(1, 29, 20, 'Titre_article_2', 0, 0, 0, 0),
(1, 29, 22, 'Image_article_2', 0, 0, 0, 0),
(1, 29, 24, 'Titre_article_3', 0, 0, 0, 0),
(1, 29, 28, 'Image_article_3', 0, 0, 0, 0),
(1, 29, 31, 'Texte_article_3', 0, 0, 0, 0),
(1, 29, 32, 'Sous_titre_article_1', 0, 0, 0, 0),
(1, 29, 33, 'Sous_titre_article_2', 0, 0, 0, 0),
(1, 29, 34, 'Sous_titre_article_3', 0, 0, 0, 0),
(1, 29, 35, 'Titre', 0, 0, 0, 0),
(1, 29, 37, 'Texte_article_2', 0, 0, 0, 0),
(1, 29, 38, 'Texte_article_1', 0, 0, 0, 0),
(1, 29, 39, 'Titre_SocialMedia', 0, 0, 0, 0),
(1, 29, 40, 'Texte_SocialMedia', 0, 0, 0, 0),
(1, 29, 41, 'Titre_Newsletter', 0, 0, 0, 0),
(1, 29, 44, 'Texte_Newsletter', 0, 0, 0, 0),
(1, 29, 45, 'Titre_Contact', 0, 0, 0, 0),
(1, 29, 48, 'Titre_News', 0, 0, 0, 0),
(1, 29, 49, 'image_Contact_1', 0, 0, 0, 0),
(1, 29, 50, 'Texte_Contact_1', 0, 0, 0, 0),
(1, 29, 51, 'image_Contact_2', 0, 0, 0, 0),
(1, 29, 52, 'Texte_Contact_2', 0, 0, 0, 0),
(1, 29, 53, 'image_Contact_3', 0, 0, 0, 0),
(1, 29, 54, 'Texte_Contact_3', 0, 0, 0, 0),
(1, 29, 55, 'Form_email_Newsletter', 0, 0, 0, 0),
(1, 29, 56, 'Form_Contact', 0, 0, 0, 0),
(1, 29, 64, 'news1', 0, 0, 0, 0),
(1, 29, 65, 'news2', 0, 0, 0, 0),
(1, 29, 66, 'news3', 0, 1, 0, 0),
(1, 30, 14, 'Ma zone', 0, 0, 0, 0),
(1, 30, 16, 'Titre_article_1', 0, 0, 0, 0),
(1, 30, 18, 'Image_article_1', 0, 0, 0, 0),
(1, 30, 20, 'Titre_article_2', 0, 0, 0, 0),
(1, 30, 22, 'Image_article_2', 0, 0, 0, 0),
(1, 30, 24, 'Titre_article_3', 0, 0, 0, 0),
(1, 30, 28, 'Image_article_3', 0, 0, 0, 0),
(1, 30, 31, 'Texte_article_3', 0, 0, 0, 0),
(1, 30, 32, 'Sous_titre_article_1', 0, 0, 0, 0),
(1, 30, 33, 'Sous_titre_article_2', 0, 0, 0, 0),
(1, 30, 34, 'Sous_titre_article_3', 0, 0, 0, 0),
(1, 30, 35, 'Titre', 0, 0, 0, 0),
(1, 30, 37, 'Texte_article_2', 0, 0, 0, 0),
(1, 30, 38, 'Texte_article_1', 0, 0, 0, 0),
(1, 30, 39, 'Titre_SocialMedia', 0, 0, 0, 0),
(1, 30, 40, 'Texte_SocialMedia', 0, 0, 0, 0),
(1, 30, 41, 'Titre_Newsletter', 0, 0, 0, 0),
(1, 30, 44, 'Texte_Newsletter', 0, 0, 0, 0),
(1, 30, 45, 'Titre_Contact', 0, 0, 0, 0),
(1, 30, 48, 'Titre_News', 0, 0, 0, 0),
(1, 30, 49, 'image_Contact_1', 0, 0, 0, 0),
(1, 30, 50, 'Texte_Contact_1', 0, 0, 0, 0),
(1, 30, 51, 'image_Contact_2', 0, 0, 0, 0),
(1, 30, 52, 'Texte_Contact_2', 0, 0, 0, 0),
(1, 30, 53, 'image_Contact_3', 0, 0, 0, 0),
(1, 30, 54, 'Texte_Contact_3', 0, 0, 0, 0),
(1, 30, 55, 'Form_email_Newsletter', 0, 0, 0, 0),
(1, 30, 56, 'Form_Contact', 0, 0, 0, 0),
(1, 30, 64, 'news1', 0, 0, 0, 0),
(1, 30, 65, 'news2', 0, 0, 0, 0),
(1, 30, 66, 'news3', 0, 0, 0, 0),
(1, 30, 67, 'logo1', 0, 1, 0, 0),
(1, 30, 68, 'logo2', 0, 1, 0, 0),
(1, 31, 16, 'Titre_article_1', 0, 0, 0, 0),
(1, 31, 18, 'Image_article_1', 0, 0, 0, 0),
(1, 31, 20, 'Titre_article_2', 0, 0, 0, 0),
(1, 31, 22, 'Image_article_2', 0, 0, 0, 0),
(1, 31, 24, 'Titre_article_3', 0, 0, 0, 0),
(1, 31, 28, 'Image_article_3', 0, 0, 0, 0),
(1, 31, 31, 'Texte_article_3', 0, 0, 0, 0),
(1, 31, 32, 'Sous_titre_article_1', 0, 0, 0, 0),
(1, 31, 33, 'Sous_titre_article_2', 0, 0, 0, 0),
(1, 31, 34, 'Sous_titre_article_3', 0, 0, 0, 0),
(1, 31, 35, 'Titre', 0, 0, 0, 0),
(1, 31, 37, 'Texte_article_2', 0, 0, 0, 0),
(1, 31, 38, 'Texte_article_1', 0, 0, 0, 0),
(1, 31, 39, 'Titre_SocialMedia', 0, 0, 0, 0),
(1, 31, 40, 'Texte_SocialMedia', 0, 0, 0, 0),
(1, 31, 41, 'Titre_Newsletter', 0, 0, 0, 0),
(1, 31, 44, 'Texte_Newsletter', 0, 0, 0, 0),
(1, 31, 45, 'Titre_Contact', 0, 0, 0, 0),
(1, 31, 48, 'Titre_News', 0, 0, 0, 0),
(1, 31, 49, 'image_Contact_1', 0, 0, 0, 0),
(1, 31, 50, 'Texte_Contact_1', 0, 0, 0, 0),
(1, 31, 51, 'image_Contact_2', 0, 0, 0, 0),
(1, 31, 52, 'Texte_Contact_2', 0, 0, 0, 0),
(1, 31, 53, 'image_Contact_3', 0, 0, 0, 0),
(1, 31, 54, 'Texte_Contact_3', 0, 0, 0, 0),
(1, 31, 55, 'Form_email_Newsletter', 0, 0, 0, 0),
(1, 31, 56, 'Form_Contact', 0, 0, 0, 0),
(1, 31, 64, 'news1', 0, 0, 0, 0),
(1, 31, 65, 'news2', 0, 0, 0, 0),
(1, 31, 66, 'news3', 0, 0, 0, 0),
(1, 31, 67, 'logo1', 0, 0, 0, 0),
(1, 31, 68, 'logo2', 0, 0, 0, 0),
(1, 31, 69, 'banniere', 0, 1, 0, 0),
(1, 32, 16, 'Titre_article_1', 0, 0, 0, 0),
(1, 32, 18, 'Image_article_1', 0, 0, 0, 0),
(1, 32, 20, 'Titre_article_2', 0, 0, 0, 0),
(1, 32, 22, 'Image_article_2', 0, 0, 0, 0),
(1, 32, 24, 'Titre_article_3', 0, 0, 0, 0),
(1, 32, 28, 'Image_article_3', 0, 0, 0, 0),
(1, 32, 31, 'Texte_article_3', 0, 0, 0, 0),
(1, 32, 32, 'Sous_titre_article_1', 0, 0, 0, 0),
(1, 32, 33, 'Sous_titre_article_2', 0, 0, 0, 0),
(1, 32, 34, 'Sous_titre_article_3', 0, 0, 0, 0),
(1, 32, 35, 'Titre', 0, 0, 0, 0),
(1, 32, 37, 'Texte_article_2', 0, 0, 0, 0),
(1, 32, 38, 'Texte_article_1', 0, 0, 0, 0),
(1, 32, 39, 'Titre_SocialMedia', 0, 0, 0, 0),
(1, 32, 40, 'Texte_SocialMedia', 0, 0, 0, 0),
(1, 32, 41, 'Titre_Newsletter', 0, 0, 0, 0),
(1, 32, 44, 'Texte_Newsletter', 0, 0, 0, 0),
(1, 32, 45, 'Titre_Contact', 0, 0, 0, 0),
(1, 32, 48, 'Titre_News', 0, 0, 0, 0),
(1, 32, 49, 'image_Contact_1', 0, 0, 0, 0),
(1, 32, 50, 'Texte_Contact_1', 0, 0, 0, 0),
(1, 32, 51, 'image_Contact_2', 0, 0, 0, 0),
(1, 32, 52, 'Texte_Contact_2', 0, 0, 0, 0),
(1, 32, 53, 'image_Contact_3', 0, 0, 0, 0),
(1, 32, 54, 'Texte_Contact_3', 0, 0, 0, 0),
(1, 32, 55, 'Form_email_Newsletter', 0, 0, 0, 0),
(1, 32, 56, 'Form_Contact', 0, 0, 0, 0),
(1, 32, 64, 'news1', 0, 0, 0, 0),
(1, 32, 65, 'news2', 0, 0, 0, 0),
(1, 32, 66, 'news3', 0, 0, 0, 0),
(1, 32, 67, 'logo1', 0, 0, 0, 0),
(1, 32, 68, 'logo2', 0, 0, 0, 0),
(1, 32, 69, 'banniere', 0, 0, 0, 0),
(1, 32, 70, 'col1', 0, 1, 0, 0),
(1, 32, 71, 'col1', 1, 1, 0, 0),
(1, 32, 72, 'col1', 2, 1, 0, 0),
(1, 32, 73, 'col1', 3, 1, 0, 0),
(1, 33, 16, 'Titre_article_1', 0, 0, 0, 0),
(1, 33, 18, 'Image_article_1', 0, 0, 0, 0),
(1, 33, 20, 'Titre_article_2', 0, 0, 0, 0),
(1, 33, 22, 'Image_article_2', 0, 0, 0, 0),
(1, 33, 24, 'Titre_article_3', 0, 0, 0, 0),
(1, 33, 28, 'Image_article_3', 0, 0, 0, 0),
(1, 33, 31, 'Texte_article_3', 0, 0, 0, 0),
(1, 33, 32, 'Sous_titre_article_1', 0, 0, 0, 0),
(1, 33, 33, 'Sous_titre_article_2', 0, 0, 0, 0),
(1, 33, 34, 'Sous_titre_article_3', 0, 0, 0, 0),
(1, 33, 35, 'Titre', 0, 0, 0, 0),
(1, 33, 37, 'Texte_article_2', 0, 0, 0, 0),
(1, 33, 38, 'Texte_article_1', 0, 0, 0, 0),
(1, 33, 39, 'Titre_SocialMedia', 0, 0, 0, 0),
(1, 33, 40, 'Texte_SocialMedia', 0, 0, 0, 0),
(1, 33, 41, 'Titre_Newsletter', 0, 0, 0, 0),
(1, 33, 44, 'Texte_Newsletter', 0, 0, 0, 0),
(1, 33, 45, 'Titre_Contact', 0, 0, 0, 0),
(1, 33, 48, 'Titre_News', 0, 0, 0, 0),
(1, 33, 49, 'image_Contact_1', 0, 0, 0, 0),
(1, 33, 50, 'Texte_Contact_1', 0, 0, 0, 0),
(1, 33, 51, 'image_Contact_2', 0, 0, 0, 0),
(1, 33, 52, 'Texte_Contact_2', 0, 0, 0, 0),
(1, 33, 53, 'image_Contact_3', 0, 0, 0, 0),
(1, 33, 54, 'Texte_Contact_3', 0, 0, 0, 0),
(1, 33, 55, 'Form_email_Newsletter', 0, 0, 0, 0),
(1, 33, 56, 'Form_Contact', 0, 0, 0, 0),
(1, 33, 64, 'news1', 0, 0, 0, 0),
(1, 33, 65, 'news2', 0, 0, 0, 0),
(1, 33, 66, 'news3', 0, 0, 0, 0),
(1, 33, 67, 'logo1', 0, 0, 0, 0),
(1, 33, 68, 'logo2', 0, 0, 0, 0),
(1, 33, 69, 'banniere', 0, 0, 0, 0),
(1, 33, 70, 'col1', 0, 0, 0, 0),
(1, 33, 71, 'col1', 1, 0, 0, 0),
(1, 33, 72, 'col1', 2, 0, 0, 0),
(1, 33, 74, 'col2', 0, 1, 0, 0),
(1, 33, 75, 'col2', 1, 1, 0, 0),
(1, 33, 76, 'col2', 2, 1, 0, 0),
(1, 33, 77, 'col2', 3, 1, 0, 0),
(1, 33, 78, 'col3', 0, 1, 0, 0),
(1, 33, 79, 'col3', 1, 1, 0, 0),
(1, 33, 80, 'col3', 2, 1, 0, 0),
(1, 33, 81, 'col3', 3, 1, 0, 0),
(1, 33, 82, 'col1', 3, 1, 0, 0),
(1, 34, 16, 'Titre_article_1', 0, 0, 0, 0),
(1, 34, 18, 'Image_article_1', 0, 0, 0, 0),
(1, 34, 20, 'Titre_article_2', 0, 0, 0, 0),
(1, 34, 22, 'Image_article_2', 0, 0, 0, 0),
(1, 34, 24, 'Titre_article_3', 0, 0, 0, 0),
(1, 34, 28, 'Image_article_3', 0, 0, 0, 0),
(1, 34, 31, 'Texte_article_3', 0, 0, 0, 0),
(1, 34, 32, 'Sous_titre_article_1', 0, 0, 0, 0),
(1, 34, 33, 'Sous_titre_article_2', 0, 0, 0, 0),
(1, 34, 34, 'Sous_titre_article_3', 0, 0, 0, 0),
(1, 34, 35, 'Titre', 0, 0, 0, 0),
(1, 34, 37, 'Texte_article_2', 0, 0, 0, 0),
(1, 34, 38, 'Texte_article_1', 0, 0, 0, 0),
(1, 34, 39, 'Titre_SocialMedia', 0, 0, 0, 0),
(1, 34, 40, 'Texte_SocialMedia', 0, 0, 0, 0),
(1, 34, 41, 'Titre_Newsletter', 0, 0, 0, 0),
(1, 34, 44, 'Texte_Newsletter', 0, 0, 0, 0),
(1, 34, 45, 'Titre_Contact', 0, 0, 0, 0),
(1, 34, 48, 'Titre_News', 0, 0, 0, 0),
(1, 34, 49, 'image_Contact_1', 0, 0, 0, 0),
(1, 34, 50, 'Texte_Contact_1', 0, 0, 0, 0),
(1, 34, 51, 'image_Contact_2', 0, 0, 0, 0),
(1, 34, 52, 'Texte_Contact_2', 0, 0, 0, 0),
(1, 34, 53, 'image_Contact_3', 0, 0, 0, 0),
(1, 34, 54, 'Texte_Contact_3', 0, 0, 0, 0),
(1, 34, 55, 'Form_email_Newsletter', 0, 0, 0, 0),
(1, 34, 56, 'Form_Contact', 0, 0, 0, 0),
(1, 34, 64, 'news1', 0, 0, 0, 0),
(1, 34, 65, 'news2', 0, 0, 0, 0),
(1, 34, 66, 'news3', 0, 0, 0, 0),
(1, 34, 67, 'logo1', 0, 0, 0, 0),
(1, 34, 68, 'logo2', 0, 0, 0, 0),
(1, 34, 69, 'banniere', 0, 0, 0, 0),
(1, 34, 70, 'col1', 0, 0, 0, 0),
(1, 34, 71, 'col1', 1, 0, 0, 0),
(1, 34, 72, 'col1', 2, 0, 0, 0),
(1, 34, 74, 'col2', 0, 0, 0, 0),
(1, 34, 78, 'col3', 0, 0, 0, 0),
(1, 34, 83, 'col1', 3, 1, 0, 0),
(1, 34, 84, 'col2', 3, 1, 0, 0),
(1, 34, 85, 'col3', 3, 1, 0, 0),
(1, 34, 86, 'col2', 2, 1, 0, 0),
(1, 34, 87, 'col3', 2, 1, 0, 0),
(1, 34, 88, 'col2', 1, 1, 0, 0),
(1, 34, 89, 'col3', 1, 1, 0, 0),
(1, 35, 16, 'Titre_article_1', 0, 0, 0, 0),
(1, 35, 18, 'Image_article_1', 0, 0, 0, 0),
(1, 35, 20, 'Titre_article_2', 0, 0, 0, 0),
(1, 35, 22, 'Image_article_2', 0, 0, 0, 0),
(1, 35, 24, 'Titre_article_3', 0, 0, 0, 0),
(1, 35, 28, 'Image_article_3', 0, 0, 0, 0),
(1, 35, 31, 'Texte_article_3', 0, 0, 0, 0),
(1, 35, 32, 'Sous_titre_article_1', 0, 0, 0, 0),
(1, 35, 33, 'Sous_titre_article_2', 0, 0, 0, 0),
(1, 35, 34, 'Sous_titre_article_3', 0, 0, 0, 0),
(1, 35, 35, 'Titre', 0, 0, 0, 0),
(1, 35, 37, 'Texte_article_2', 0, 0, 0, 0),
(1, 35, 38, 'Texte_article_1', 0, 0, 0, 0),
(1, 35, 39, 'Titre_SocialMedia', 0, 0, 0, 0),
(1, 35, 40, 'Texte_SocialMedia', 0, 0, 0, 0),
(1, 35, 41, 'Titre_Newsletter', 0, 0, 0, 0),
(1, 35, 44, 'Texte_Newsletter', 0, 0, 0, 0),
(1, 35, 45, 'Titre_Contact', 0, 0, 0, 0),
(1, 35, 48, 'Titre_News', 0, 0, 0, 0),
(1, 35, 49, 'image_Contact_1', 0, 0, 0, 0),
(1, 35, 50, 'Texte_Contact_1', 0, 0, 0, 0),
(1, 35, 51, 'image_Contact_2', 0, 0, 0, 0),
(1, 35, 52, 'Texte_Contact_2', 0, 0, 0, 0),
(1, 35, 53, 'image_Contact_3', 0, 0, 0, 0),
(1, 35, 54, 'Texte_Contact_3', 0, 0, 0, 0),
(1, 35, 55, 'Form_email_Newsletter', 0, 0, 0, 0),
(1, 35, 56, 'Form_Contact', 0, 0, 0, 0),
(1, 35, 64, 'news1', 0, 0, 0, 0),
(1, 35, 65, 'news2', 0, 0, 0, 0),
(1, 35, 66, 'news3', 0, 0, 0, 0),
(1, 35, 67, 'logo1', 0, 0, 0, 0),
(1, 35, 68, 'logo2', 0, 0, 0, 0),
(1, 35, 69, 'banniere', 0, 0, 0, 0),
(1, 35, 70, 'col1', 0, 0, 0, 0),
(1, 35, 71, 'col1', 1, 0, 0, 0),
(1, 35, 72, 'col1', 2, 0, 0, 0),
(1, 35, 74, 'col2', 0, 0, 0, 0),
(1, 35, 78, 'col3', 0, 0, 0, 0),
(1, 35, 83, 'col1', 3, 0, 0, 0),
(1, 35, 84, 'col2', 3, 0, 0, 0),
(1, 35, 85, 'col3', 3, 0, 0, 0),
(1, 35, 86, 'col2', 2, 0, 0, 0),
(1, 35, 87, 'col3', 2, 0, 0, 0),
(1, 35, 88, 'col2', 1, 0, 0, 0),
(1, 35, 89, 'col3', 1, 0, 0, 0),
(1, 35, 90, 'social : Layout 1 : Cell 1', 0, 1, 0, 0),
(1, 35, 91, 'social : Layout 1 : Cell 1', 1, 1, 0, 0),
(1, 35, 93, 'social : Layout 2 : Cell 1', 0, 1, 0, 0),
(1, 35, 94, 'social : Layout 2 : Cell 2', 0, 1, 0, 0),
(1, 35, 95, 'social : Layout 2 : Cell 3', 0, 1, 0, 0),
(1, 35, 96, 'social : Layout 2 : Cell 4', 0, 1, 0, 0),
(1, 35, 97, 'social : Layout 2 : Cell 5', 0, 1, 0, 0),
(1, 35, 98, 'social', 0, 1, 0, 0),
(1, 35, 99, 'social', 1, 1, 0, 0),
(1, 35, 100, 'social', 2, 1, 0, 0),
(1, 36, 16, 'Titre_article_1', 0, 0, 0, 0),
(1, 36, 18, 'Image_article_1', 0, 0, 0, 0),
(1, 36, 20, 'Titre_article_2', 0, 0, 0, 0),
(1, 36, 22, 'Image_article_2', 0, 0, 0, 0),
(1, 36, 24, 'Titre_article_3', 0, 0, 0, 0),
(1, 36, 28, 'Image_article_3', 0, 0, 0, 0),
(1, 36, 31, 'Texte_article_3', 0, 0, 0, 0),
(1, 36, 32, 'Sous_titre_article_1', 0, 0, 0, 0),
(1, 36, 33, 'Sous_titre_article_2', 0, 0, 0, 0),
(1, 36, 34, 'Sous_titre_article_3', 0, 0, 0, 0),
(1, 36, 35, 'Titre', 0, 0, 0, 0),
(1, 36, 37, 'Texte_article_2', 0, 0, 0, 0),
(1, 36, 38, 'Texte_article_1', 0, 0, 0, 0),
(1, 36, 39, 'Titre_SocialMedia', 0, 0, 0, 0),
(1, 36, 40, 'Texte_SocialMedia', 0, 0, 0, 0),
(1, 36, 41, 'Titre_Newsletter', 0, 0, 0, 0),
(1, 36, 44, 'Texte_Newsletter', 0, 0, 0, 0),
(1, 36, 45, 'Titre_Contact', 0, 0, 0, 0),
(1, 36, 48, 'Titre_News', 0, 0, 0, 0),
(1, 36, 49, 'image_Contact_1', 0, 0, 0, 0),
(1, 36, 50, 'Texte_Contact_1', 0, 0, 0, 0),
(1, 36, 51, 'image_Contact_2', 0, 0, 0, 0),
(1, 36, 52, 'Texte_Contact_2', 0, 0, 0, 0),
(1, 36, 53, 'image_Contact_3', 0, 0, 0, 0),
(1, 36, 54, 'Texte_Contact_3', 0, 0, 0, 0),
(1, 36, 55, 'Form_email_Newsletter', 0, 0, 0, 0),
(1, 36, 56, 'Form_Contact', 0, 0, 0, 0),
(1, 36, 64, 'news1', 0, 0, 0, 0),
(1, 36, 65, 'news2', 0, 0, 0, 0),
(1, 36, 66, 'news3', 0, 0, 0, 0),
(1, 36, 67, 'logo1', 0, 0, 0, 0),
(1, 36, 68, 'logo2', 0, 0, 0, 0),
(1, 36, 69, 'banniere', 0, 0, 0, 0),
(1, 36, 70, 'col1', 0, 0, 0, 0),
(1, 36, 71, 'col1', 1, 0, 0, 0),
(1, 36, 72, 'col1', 2, 0, 0, 0),
(1, 36, 74, 'col2', 0, 0, 0, 0),
(1, 36, 78, 'col3', 0, 0, 0, 0),
(1, 36, 83, 'col1', 3, 0, 0, 0),
(1, 36, 84, 'col2', 3, 0, 0, 0),
(1, 36, 85, 'col3', 3, 0, 0, 0),
(1, 36, 86, 'col2', 2, 0, 0, 0),
(1, 36, 87, 'col3', 2, 0, 0, 0),
(1, 36, 88, 'col2', 1, 0, 0, 0),
(1, 36, 89, 'col3', 1, 0, 0, 0),
(1, 36, 94, 'social : Layout 2 : Cell 2', 0, 0, 0, 0),
(1, 36, 95, 'social : Layout 2 : Cell 3', 0, 0, 0, 0),
(1, 36, 96, 'social : Layout 2 : Cell 4', 0, 0, 0, 0),
(1, 36, 97, 'social : Layout 2 : Cell 5', 0, 0, 0, 0),
(1, 36, 99, 'social', 1, 0, 0, 0),
(1, 36, 100, 'social', 2, 0, 0, 0),
(1, 36, 101, 'social : Layout 1 : Cell 1', 0, 1, 0, 0),
(1, 36, 102, 'social', 0, 1, 0, 0),
(1, 36, 103, 'social : Layout 1 : Cell 1', 1, 1, 0, 0),
(1, 36, 104, 'social : Layout 2 : Cell 1', 0, 1, 0, 0),
(1, 37, 16, 'Titre_article_1', 0, 0, 0, 0),
(1, 37, 18, 'Image_article_1', 0, 0, 0, 0),
(1, 37, 20, 'Titre_article_2', 0, 0, 0, 0),
(1, 37, 22, 'Image_article_2', 0, 0, 0, 0),
(1, 37, 24, 'Titre_article_3', 0, 0, 0, 0),
(1, 37, 28, 'Image_article_3', 0, 0, 0, 0),
(1, 37, 31, 'Texte_article_3', 0, 0, 0, 0),
(1, 37, 32, 'Sous_titre_article_1', 0, 0, 0, 0),
(1, 37, 33, 'Sous_titre_article_2', 0, 0, 0, 0),
(1, 37, 34, 'Sous_titre_article_3', 0, 0, 0, 0),
(1, 37, 35, 'Titre', 0, 0, 0, 0),
(1, 37, 37, 'Texte_article_2', 0, 0, 0, 0),
(1, 37, 38, 'Texte_article_1', 0, 0, 0, 0),
(1, 37, 39, 'Titre_SocialMedia', 0, 0, 0, 0),
(1, 37, 40, 'Texte_SocialMedia', 0, 0, 0, 0),
(1, 37, 41, 'Titre_Newsletter', 0, 0, 0, 0),
(1, 37, 44, 'Texte_Newsletter', 0, 0, 0, 0),
(1, 37, 45, 'Titre_Contact', 0, 0, 0, 0),
(1, 37, 48, 'Titre_News', 0, 0, 0, 0),
(1, 37, 49, 'image_Contact_1', 0, 0, 0, 0),
(1, 37, 50, 'Texte_Contact_1', 0, 0, 0, 0),
(1, 37, 51, 'image_Contact_2', 0, 0, 0, 0),
(1, 37, 52, 'Texte_Contact_2', 0, 0, 0, 0),
(1, 37, 53, 'image_Contact_3', 0, 0, 0, 0),
(1, 37, 54, 'Texte_Contact_3', 0, 0, 0, 0),
(1, 37, 55, 'Form_email_Newsletter', 0, 0, 0, 0),
(1, 37, 56, 'Form_Contact', 0, 0, 0, 0),
(1, 37, 64, 'news1', 0, 0, 0, 0),
(1, 37, 65, 'news2', 0, 0, 0, 0),
(1, 37, 66, 'news3', 0, 0, 0, 0),
(1, 37, 67, 'logo1', 0, 0, 0, 0),
(1, 37, 68, 'logo2', 0, 0, 0, 0),
(1, 37, 69, 'banniere', 0, 0, 0, 0),
(1, 37, 70, 'col1', 0, 0, 0, 0),
(1, 37, 71, 'col1', 1, 0, 0, 0),
(1, 37, 72, 'col1', 2, 0, 0, 0),
(1, 37, 74, 'col2', 0, 0, 0, 0),
(1, 37, 78, 'col3', 0, 0, 0, 0),
(1, 37, 83, 'col1', 3, 0, 0, 0),
(1, 37, 84, 'col2', 3, 0, 0, 0),
(1, 37, 85, 'col3', 3, 0, 0, 0),
(1, 37, 86, 'col2', 2, 0, 0, 0),
(1, 37, 87, 'col3', 2, 0, 0, 0),
(1, 37, 88, 'col2', 1, 0, 0, 0),
(1, 37, 89, 'col3', 1, 0, 0, 0),
(1, 37, 94, 'social : Layout 2 : Cell 2', 0, 0, 0, 0),
(1, 37, 95, 'social : Layout 2 : Cell 3', 0, 0, 0, 0),
(1, 37, 96, 'social : Layout 2 : Cell 4', 0, 0, 0, 0),
(1, 37, 97, 'social : Layout 2 : Cell 5', 0, 0, 0, 0),
(1, 37, 99, 'social', 1, 0, 0, 0),
(1, 37, 100, 'social', 2, 0, 0, 0),
(1, 37, 101, 'social : Layout 1 : Cell 1', 0, 0, 0, 0),
(1, 37, 102, 'social', 0, 0, 0, 0),
(1, 37, 103, 'social : Layout 1 : Cell 1', 1, 0, 0, 0),
(1, 37, 104, 'social : Layout 2 : Cell 1', 0, 0, 0, 0),
(1, 38, 16, 'Titre_article_1', 0, 0, 0, 0),
(1, 38, 18, 'Image_article_1', 0, 0, 0, 0),
(1, 38, 20, 'Titre_article_2', 0, 0, 0, 0),
(1, 38, 22, 'Image_article_2', 0, 0, 0, 0),
(1, 38, 24, 'Titre_article_3', 0, 0, 0, 0),
(1, 38, 28, 'Image_article_3', 0, 0, 0, 0),
(1, 38, 31, 'Texte_article_3', 0, 0, 0, 0),
(1, 38, 32, 'Sous_titre_article_1', 0, 0, 0, 0),
(1, 38, 33, 'Sous_titre_article_2', 0, 0, 0, 0),
(1, 38, 34, 'Sous_titre_article_3', 0, 0, 0, 0),
(1, 38, 35, 'Titre', 0, 0, 0, 0),
(1, 38, 37, 'Texte_article_2', 0, 0, 0, 0),
(1, 38, 38, 'Texte_article_1', 0, 0, 0, 0),
(1, 38, 39, 'Titre_SocialMedia', 0, 0, 0, 0),
(1, 38, 40, 'Texte_SocialMedia', 0, 0, 0, 0),
(1, 38, 41, 'Titre_Newsletter', 0, 0, 0, 0),
(1, 38, 44, 'Texte_Newsletter', 0, 0, 0, 0),
(1, 38, 45, 'Titre_Contact', 0, 0, 0, 0),
(1, 38, 48, 'Titre_News', 0, 0, 0, 0),
(1, 38, 49, 'image_Contact_1', 0, 0, 0, 0),
(1, 38, 50, 'Texte_Contact_1', 0, 0, 0, 0),
(1, 38, 51, 'image_Contact_2', 0, 0, 0, 0),
(1, 38, 52, 'Texte_Contact_2', 0, 0, 0, 0),
(1, 38, 53, 'image_Contact_3', 0, 0, 0, 0),
(1, 38, 54, 'Texte_Contact_3', 0, 0, 0, 0),
(1, 38, 55, 'Form_email_Newsletter', 0, 0, 0, 0),
(1, 38, 56, 'Form_Contact', 0, 0, 0, 0),
(1, 38, 64, 'news1', 0, 0, 0, 0),
(1, 38, 65, 'news2', 0, 0, 0, 0),
(1, 38, 66, 'news3', 0, 0, 0, 0),
(1, 38, 67, 'logo1', 0, 0, 0, 0),
(1, 38, 68, 'logo2', 0, 0, 0, 0),
(1, 38, 69, 'banniere', 0, 0, 0, 0),
(1, 38, 70, 'col1', 0, 0, 0, 0),
(1, 38, 71, 'col1', 1, 0, 0, 0),
(1, 38, 72, 'col1', 2, 0, 0, 0),
(1, 38, 74, 'col2', 0, 0, 0, 0),
(1, 38, 78, 'col3', 0, 0, 0, 0),
(1, 38, 83, 'col1', 3, 0, 0, 0),
(1, 38, 84, 'col2', 3, 0, 0, 0),
(1, 38, 85, 'col3', 3, 0, 0, 0),
(1, 38, 86, 'col2', 2, 0, 0, 0),
(1, 38, 87, 'col3', 2, 0, 0, 0),
(1, 38, 88, 'col2', 1, 0, 0, 0),
(1, 38, 89, 'col3', 1, 0, 0, 0),
(1, 38, 94, 'social : Layout 2 : Cell 2', 0, 0, 0, 0),
(1, 38, 95, 'social : Layout 2 : Cell 3', 0, 0, 0, 0),
(1, 38, 96, 'social : Layout 2 : Cell 4', 0, 0, 0, 0),
(1, 38, 97, 'social : Layout 2 : Cell 5', 0, 0, 0, 0),
(1, 38, 99, 'social', 1, 0, 0, 0),
(1, 38, 100, 'social', 2, 0, 0, 0),
(1, 38, 101, 'social : Layout 1 : Cell 1', 0, 0, 0, 0),
(1, 38, 102, 'social', 0, 0, 0, 0),
(1, 38, 103, 'social : Layout 1 : Cell 1', 1, 0, 0, 0),
(1, 38, 104, 'social : Layout 2 : Cell 1', 0, 0, 0, 0),
(1, 38, 105, 'contact', 0, 1, 0, 0),
(1, 38, 106, 'contact', 1, 1, 0, 0),
(1, 39, 16, 'Titre_article_1', 0, 0, 0, 0),
(1, 39, 18, 'Image_article_1', 0, 0, 0, 0),
(1, 39, 20, 'Titre_article_2', 0, 0, 0, 0),
(1, 39, 22, 'Image_article_2', 0, 0, 0, 0),
(1, 39, 24, 'Titre_article_3', 0, 0, 0, 0),
(1, 39, 28, 'Image_article_3', 0, 0, 0, 0),
(1, 39, 31, 'Texte_article_3', 0, 0, 0, 0),
(1, 39, 32, 'Sous_titre_article_1', 0, 0, 0, 0),
(1, 39, 33, 'Sous_titre_article_2', 0, 0, 0, 0),
(1, 39, 34, 'Sous_titre_article_3', 0, 0, 0, 0),
(1, 39, 35, 'Titre', 0, 0, 0, 0),
(1, 39, 37, 'Texte_article_2', 0, 0, 0, 0),
(1, 39, 38, 'Texte_article_1', 0, 0, 0, 0),
(1, 39, 39, 'Titre_SocialMedia', 0, 0, 0, 0),
(1, 39, 40, 'Texte_SocialMedia', 0, 0, 0, 0),
(1, 39, 41, 'Titre_Newsletter', 0, 0, 0, 0),
(1, 39, 44, 'Texte_Newsletter', 0, 0, 0, 0),
(1, 39, 45, 'Titre_Contact', 0, 0, 0, 0),
(1, 39, 48, 'Titre_News', 0, 0, 0, 0),
(1, 39, 49, 'image_Contact_1', 0, 0, 0, 0),
(1, 39, 50, 'Texte_Contact_1', 0, 0, 0, 0),
(1, 39, 51, 'image_Contact_2', 0, 0, 0, 0),
(1, 39, 52, 'Texte_Contact_2', 0, 0, 0, 0),
(1, 39, 53, 'image_Contact_3', 0, 0, 0, 0),
(1, 39, 54, 'Texte_Contact_3', 0, 0, 0, 0),
(1, 39, 55, 'Form_email_Newsletter', 0, 0, 0, 0),
(1, 39, 56, 'Form_Contact', 0, 0, 0, 0),
(1, 39, 64, 'news1', 0, 0, 0, 0),
(1, 39, 65, 'news2', 0, 0, 0, 0),
(1, 39, 66, 'news3', 0, 0, 0, 0),
(1, 39, 67, 'logo1', 0, 0, 0, 0),
(1, 39, 68, 'logo2', 0, 0, 0, 0),
(1, 39, 69, 'banniere', 0, 0, 0, 0),
(1, 39, 70, 'col1', 0, 0, 0, 0),
(1, 39, 71, 'col1', 1, 0, 0, 0),
(1, 39, 72, 'col1', 2, 0, 0, 0),
(1, 39, 74, 'col2', 0, 0, 0, 0),
(1, 39, 78, 'col3', 0, 0, 0, 0),
(1, 39, 83, 'col1', 3, 0, 0, 0),
(1, 39, 84, 'col2', 3, 0, 0, 0),
(1, 39, 85, 'col3', 3, 0, 0, 0),
(1, 39, 86, 'col2', 2, 0, 0, 0),
(1, 39, 87, 'col3', 2, 0, 0, 0),
(1, 39, 88, 'col2', 1, 0, 0, 0),
(1, 39, 89, 'col3', 1, 0, 0, 0),
(1, 39, 94, 'social : Layout 2 : Cell 2', 0, 0, 0, 0),
(1, 39, 95, 'social : Layout 2 : Cell 3', 0, 0, 0, 0),
(1, 39, 96, 'social : Layout 2 : Cell 4', 0, 0, 0, 0),
(1, 39, 97, 'social : Layout 2 : Cell 5', 0, 0, 0, 0),
(1, 39, 99, 'social', 1, 0, 0, 0),
(1, 39, 100, 'social', 2, 0, 0, 0),
(1, 39, 101, 'social : Layout 1 : Cell 1', 0, 0, 0, 0),
(1, 39, 102, 'social', 0, 0, 0, 0),
(1, 39, 103, 'social : Layout 1 : Cell 1', 1, 0, 0, 0),
(1, 39, 104, 'social : Layout 2 : Cell 1', 0, 0, 0, 0),
(1, 39, 105, 'contact', 0, 0, 0, 0),
(1, 39, 106, 'contact', 1, 0, 0, 0),
(1, 40, 16, 'Titre_article_1', 0, 0, 0, 0),
(1, 40, 18, 'Image_article_1', 0, 0, 0, 0),
(1, 40, 20, 'Titre_article_2', 0, 0, 0, 0),
(1, 40, 22, 'Image_article_2', 0, 0, 0, 0),
(1, 40, 24, 'Titre_article_3', 0, 0, 0, 0),
(1, 40, 28, 'Image_article_3', 0, 0, 0, 0),
(1, 40, 31, 'Texte_article_3', 0, 0, 0, 0),
(1, 40, 32, 'Sous_titre_article_1', 0, 0, 0, 0),
(1, 40, 33, 'Sous_titre_article_2', 0, 0, 0, 0),
(1, 40, 34, 'Sous_titre_article_3', 0, 0, 0, 0),
(1, 40, 35, 'Titre', 0, 0, 0, 0),
(1, 40, 37, 'Texte_article_2', 0, 0, 0, 0),
(1, 40, 38, 'Texte_article_1', 0, 0, 0, 0),
(1, 40, 39, 'Titre_SocialMedia', 0, 0, 0, 0),
(1, 40, 40, 'Texte_SocialMedia', 0, 0, 0, 0),
(1, 40, 41, 'Titre_Newsletter', 0, 0, 0, 0),
(1, 40, 44, 'Texte_Newsletter', 0, 0, 0, 0),
(1, 40, 45, 'Titre_Contact', 0, 0, 0, 0),
(1, 40, 48, 'Titre_News', 0, 0, 0, 0),
(1, 40, 49, 'image_Contact_1', 0, 0, 0, 0),
(1, 40, 50, 'Texte_Contact_1', 0, 0, 0, 0),
(1, 40, 51, 'image_Contact_2', 0, 0, 0, 0),
(1, 40, 52, 'Texte_Contact_2', 0, 0, 0, 0),
(1, 40, 53, 'image_Contact_3', 0, 0, 0, 0),
(1, 40, 54, 'Texte_Contact_3', 0, 0, 0, 0),
(1, 40, 55, 'Form_email_Newsletter', 0, 0, 0, 0),
(1, 40, 56, 'Form_Contact', 0, 0, 0, 0),
(1, 40, 64, 'news1', 0, 0, 0, 0),
(1, 40, 65, 'news2', 0, 0, 0, 0),
(1, 40, 66, 'news3', 0, 0, 0, 0),
(1, 40, 67, 'logo1', 0, 0, 0, 0),
(1, 40, 68, 'logo2', 0, 0, 0, 0),
(1, 40, 69, 'banniere', 0, 0, 0, 0),
(1, 40, 70, 'col1', 0, 0, 0, 0),
(1, 40, 71, 'col1', 1, 0, 0, 0),
(1, 40, 72, 'col1', 2, 0, 0, 0),
(1, 40, 74, 'col2', 0, 0, 0, 0),
(1, 40, 78, 'col3', 0, 0, 0, 0),
(1, 40, 83, 'col1', 3, 0, 0, 0),
(1, 40, 84, 'col2', 3, 0, 0, 0),
(1, 40, 85, 'col3', 3, 0, 0, 0),
(1, 40, 86, 'col2', 2, 0, 0, 0),
(1, 40, 87, 'col3', 2, 0, 0, 0),
(1, 40, 88, 'col2', 1, 0, 0, 0),
(1, 40, 89, 'col3', 1, 0, 0, 0),
(1, 40, 94, 'social : Layout 2 : Cell 2', 0, 0, 0, 0),
(1, 40, 95, 'social : Layout 2 : Cell 3', 0, 0, 0, 0),
(1, 40, 96, 'social : Layout 2 : Cell 4', 0, 0, 0, 0),
(1, 40, 97, 'social : Layout 2 : Cell 5', 0, 0, 0, 0),
(1, 40, 99, 'social', 1, 0, 0, 0),
(1, 40, 100, 'social', 2, 0, 0, 0),
(1, 40, 101, 'social : Layout 1 : Cell 1', 0, 0, 0, 0),
(1, 40, 102, 'social', 0, 0, 0, 0),
(1, 40, 103, 'social : Layout 1 : Cell 1', 1, 0, 0, 0),
(1, 40, 104, 'social : Layout 2 : Cell 1', 0, 0, 0, 0),
(1, 40, 105, 'contact', 0, 0, 0, 0),
(1, 40, 107, 'contact', 1, 1, 0, 0),
(1, 40, 108, 'actualite', 0, 1, 0, 0),
(1, 41, 16, 'Titre_article_1', 0, 0, 0, 0),
(1, 41, 18, 'Image_article_1', 0, 0, 0, 0),
(1, 41, 20, 'Titre_article_2', 0, 0, 0, 0),
(1, 41, 22, 'Image_article_2', 0, 0, 0, 0),
(1, 41, 24, 'Titre_article_3', 0, 0, 0, 0),
(1, 41, 28, 'Image_article_3', 0, 0, 0, 0),
(1, 41, 31, 'Texte_article_3', 0, 0, 0, 0),
(1, 41, 32, 'Sous_titre_article_1', 0, 0, 0, 0),
(1, 41, 33, 'Sous_titre_article_2', 0, 0, 0, 0),
(1, 41, 34, 'Sous_titre_article_3', 0, 0, 0, 0),
(1, 41, 35, 'Titre', 0, 0, 0, 0),
(1, 41, 37, 'Texte_article_2', 0, 0, 0, 0),
(1, 41, 38, 'Texte_article_1', 0, 0, 0, 0),
(1, 41, 39, 'Titre_SocialMedia', 0, 0, 0, 0),
(1, 41, 40, 'Texte_SocialMedia', 0, 0, 0, 0),
(1, 41, 41, 'Titre_Newsletter', 0, 0, 0, 0),
(1, 41, 44, 'Texte_Newsletter', 0, 0, 0, 0),
(1, 41, 45, 'Titre_Contact', 0, 0, 0, 0),
(1, 41, 48, 'Titre_News', 0, 0, 0, 0),
(1, 41, 49, 'image_Contact_1', 0, 0, 0, 0),
(1, 41, 50, 'Texte_Contact_1', 0, 0, 0, 0),
(1, 41, 51, 'image_Contact_2', 0, 0, 0, 0),
(1, 41, 52, 'Texte_Contact_2', 0, 0, 0, 0),
(1, 41, 53, 'image_Contact_3', 0, 0, 0, 0),
(1, 41, 54, 'Texte_Contact_3', 0, 0, 0, 0),
(1, 41, 55, 'Form_email_Newsletter', 0, 0, 0, 0),
(1, 41, 56, 'Form_Contact', 0, 0, 0, 0),
(1, 41, 64, 'news1', 0, 0, 0, 0),
(1, 41, 65, 'news2', 0, 0, 0, 0),
(1, 41, 66, 'news3', 0, 0, 0, 0),
(1, 41, 67, 'logo1', 0, 0, 0, 0),
(1, 41, 68, 'logo2', 0, 0, 0, 0),
(1, 41, 69, 'banniere', 0, 0, 0, 0),
(1, 41, 70, 'col1', 0, 0, 0, 0),
(1, 41, 71, 'col1', 1, 0, 0, 0),
(1, 41, 72, 'col1', 2, 0, 0, 0),
(1, 41, 74, 'col2', 0, 0, 0, 0),
(1, 41, 78, 'col3', 0, 0, 0, 0),
(1, 41, 83, 'col1', 3, 0, 0, 0),
(1, 41, 84, 'col2', 3, 0, 0, 0),
(1, 41, 85, 'col3', 3, 0, 0, 0),
(1, 41, 86, 'col2', 2, 0, 0, 0),
(1, 41, 87, 'col3', 2, 0, 0, 0),
(1, 41, 88, 'col2', 1, 0, 0, 0),
(1, 41, 89, 'col3', 1, 0, 0, 0),
(1, 41, 94, 'social : Layout 2 : Cell 2', 0, 0, 0, 0),
(1, 41, 95, 'social : Layout 2 : Cell 3', 0, 0, 0, 0),
(1, 41, 96, 'social : Layout 2 : Cell 4', 0, 0, 0, 0),
(1, 41, 97, 'social : Layout 2 : Cell 5', 0, 0, 0, 0),
(1, 41, 99, 'social', 1, 0, 0, 0),
(1, 41, 100, 'social', 2, 0, 0, 0),
(1, 41, 101, 'social : Layout 1 : Cell 1', 0, 0, 0, 0),
(1, 41, 102, 'social', 0, 0, 0, 0),
(1, 41, 103, 'social : Layout 1 : Cell 1', 1, 0, 0, 0),
(1, 41, 104, 'social : Layout 2 : Cell 1', 0, 0, 0, 0),
(1, 41, 105, 'contact', 0, 0, 0, 0),
(1, 41, 107, 'contact', 1, 0, 0, 0),
(1, 41, 108, 'actualite : Layout 1 : Cell 1', 0, 0, 0, 0),
(1, 41, 112, 'actualite : Layout 2 : Cell 1', 0, 1, 0, 0),
(1, 41, 113, 'actualite : Layout 2 : Cell 2', 0, 1, 0, 0),
(1, 41, 114, 'actualite : Layout 2 : Cell 1', 1, 1, 0, 0),
(1, 41, 115, 'actualite : Layout 2 : Cell 2', 1, 1, 0, 0),
(1, 41, 116, 'actualite : Layout 2 : Cell 1', 2, 1, 0, 0),
(1, 41, 117, 'actualite : Layout 2 : Cell 2', 2, 1, 0, 0),
(1, 42, 16, 'Titre_article_1', 0, 0, 0, 0),
(1, 42, 18, 'Image_article_1', 0, 0, 0, 0),
(1, 42, 20, 'Titre_article_2', 0, 0, 0, 0),
(1, 42, 22, 'Image_article_2', 0, 0, 0, 0),
(1, 42, 24, 'Titre_article_3', 0, 0, 0, 0),
(1, 42, 28, 'Image_article_3', 0, 0, 0, 0),
(1, 42, 31, 'Texte_article_3', 0, 0, 0, 0),
(1, 42, 32, 'Sous_titre_article_1', 0, 0, 0, 0),
(1, 42, 33, 'Sous_titre_article_2', 0, 0, 0, 0),
(1, 42, 34, 'Sous_titre_article_3', 0, 0, 0, 0),
(1, 42, 35, 'Titre', 0, 0, 0, 0),
(1, 42, 37, 'Texte_article_2', 0, 0, 0, 0),
(1, 42, 38, 'Texte_article_1', 0, 0, 0, 0),
(1, 42, 39, 'Titre_SocialMedia', 0, 0, 0, 0),
(1, 42, 40, 'Texte_SocialMedia', 0, 0, 0, 0),
(1, 42, 41, 'Titre_Newsletter', 0, 0, 0, 0),
(1, 42, 44, 'Texte_Newsletter', 0, 0, 0, 0),
(1, 42, 45, 'Titre_Contact', 0, 0, 0, 0),
(1, 42, 48, 'Titre_News', 0, 0, 0, 0),
(1, 42, 49, 'image_Contact_1', 0, 0, 0, 0),
(1, 42, 50, 'Texte_Contact_1', 0, 0, 0, 0),
(1, 42, 51, 'image_Contact_2', 0, 0, 0, 0),
(1, 42, 52, 'Texte_Contact_2', 0, 0, 0, 0),
(1, 42, 53, 'image_Contact_3', 0, 0, 0, 0),
(1, 42, 54, 'Texte_Contact_3', 0, 0, 0, 0),
(1, 42, 55, 'Form_email_Newsletter', 0, 0, 0, 0),
(1, 42, 56, 'Form_Contact', 0, 0, 0, 0),
(1, 42, 64, 'news1', 0, 0, 0, 0),
(1, 42, 65, 'news2', 0, 0, 0, 0),
(1, 42, 66, 'news3', 0, 0, 0, 0),
(1, 42, 67, 'logo1', 0, 0, 0, 0),
(1, 42, 68, 'logo2', 0, 0, 0, 0),
(1, 42, 69, 'banniere', 0, 0, 0, 0),
(1, 42, 70, 'col1', 0, 0, 0, 0),
(1, 42, 71, 'col1', 1, 0, 0, 0),
(1, 42, 72, 'col1', 2, 0, 0, 0),
(1, 42, 74, 'col2', 0, 0, 0, 0),
(1, 42, 78, 'col3', 0, 0, 0, 0),
(1, 42, 83, 'col1', 3, 0, 0, 0),
(1, 42, 84, 'col2', 3, 0, 0, 0),
(1, 42, 85, 'col3', 3, 0, 0, 0),
(1, 42, 86, 'col2', 2, 0, 0, 0),
(1, 42, 87, 'col3', 2, 0, 0, 0),
(1, 42, 88, 'col2', 1, 0, 0, 0),
(1, 42, 89, 'col3', 1, 0, 0, 0),
(1, 42, 94, 'social : Layout 2 : Cell 2', 0, 0, 0, 0),
(1, 42, 95, 'social : Layout 2 : Cell 3', 0, 0, 0, 0),
(1, 42, 96, 'social : Layout 2 : Cell 4', 0, 0, 0, 0),
(1, 42, 97, 'social : Layout 2 : Cell 5', 0, 0, 0, 0),
(1, 42, 99, 'social', 1, 0, 0, 0),
(1, 42, 100, 'social', 2, 0, 0, 0),
(1, 42, 101, 'social : Layout 1 : Cell 1', 0, 0, 0, 0),
(1, 42, 102, 'social', 0, 0, 0, 0),
(1, 42, 103, 'social : Layout 1 : Cell 1', 1, 0, 0, 0),
(1, 42, 104, 'social : Layout 2 : Cell 1', 0, 0, 0, 0),
(1, 42, 105, 'contact', 0, 0, 0, 0),
(1, 42, 107, 'contact', 1, 0, 0, 0),
(1, 42, 108, 'actualite : Layout 1 : Cell 1', 0, 0, 0, 0),
(1, 43, 16, 'Titre_article_1', 0, 0, 0, 0),
(1, 43, 18, 'Image_article_1', 0, 0, 0, 0),
(1, 43, 20, 'Titre_article_2', 0, 0, 0, 0),
(1, 43, 22, 'Image_article_2', 0, 0, 0, 0),
(1, 43, 24, 'Titre_article_3', 0, 0, 0, 0),
(1, 43, 28, 'Image_article_3', 0, 0, 0, 0),
(1, 43, 31, 'Texte_article_3', 0, 0, 0, 0),
(1, 43, 32, 'Sous_titre_article_1', 0, 0, 0, 0),
(1, 43, 33, 'Sous_titre_article_2', 0, 0, 0, 0),
(1, 43, 34, 'Sous_titre_article_3', 0, 0, 0, 0),
(1, 43, 35, 'Titre', 0, 0, 0, 0),
(1, 43, 37, 'Texte_article_2', 0, 0, 0, 0),
(1, 43, 38, 'Texte_article_1', 0, 0, 0, 0),
(1, 43, 39, 'Titre_SocialMedia', 0, 0, 0, 0),
(1, 43, 40, 'Texte_SocialMedia', 0, 0, 0, 0),
(1, 43, 41, 'Titre_Newsletter', 0, 0, 0, 0),
(1, 43, 44, 'Texte_Newsletter', 0, 0, 0, 0),
(1, 43, 45, 'Titre_Contact', 0, 0, 0, 0),
(1, 43, 48, 'Titre_News', 0, 0, 0, 0),
(1, 43, 49, 'image_Contact_1', 0, 0, 0, 0),
(1, 43, 50, 'Texte_Contact_1', 0, 0, 0, 0),
(1, 43, 51, 'image_Contact_2', 0, 0, 0, 0),
(1, 43, 52, 'Texte_Contact_2', 0, 0, 0, 0),
(1, 43, 53, 'image_Contact_3', 0, 0, 0, 0),
(1, 43, 54, 'Texte_Contact_3', 0, 0, 0, 0),
(1, 43, 55, 'Form_email_Newsletter', 0, 0, 0, 0),
(1, 43, 56, 'Form_Contact', 0, 0, 0, 0),
(1, 43, 64, 'news1', 0, 0, 0, 0),
(1, 43, 65, 'news2', 0, 0, 0, 0),
(1, 43, 66, 'news3', 0, 0, 0, 0),
(1, 43, 67, 'logo1', 0, 0, 0, 0),
(1, 43, 68, 'logo2', 0, 0, 0, 0),
(1, 43, 69, 'banniere', 0, 0, 0, 0),
(1, 43, 70, 'col1', 0, 0, 0, 0),
(1, 43, 71, 'col1', 1, 0, 0, 0),
(1, 43, 72, 'col1', 2, 0, 0, 0),
(1, 43, 74, 'col2', 0, 0, 0, 0),
(1, 43, 78, 'col3', 0, 0, 0, 0),
(1, 43, 83, 'col1', 3, 0, 0, 0),
(1, 43, 84, 'col2', 3, 0, 0, 0),
(1, 43, 85, 'col3', 3, 0, 0, 0),
(1, 43, 86, 'col2', 2, 0, 0, 0),
(1, 43, 87, 'col3', 2, 0, 0, 0),
(1, 43, 88, 'col2', 1, 0, 0, 0),
(1, 43, 89, 'col3', 1, 0, 0, 0),
(1, 43, 94, 'social : Layout 2 : Cell 2', 0, 0, 0, 0),
(1, 43, 95, 'social : Layout 2 : Cell 3', 0, 0, 0, 0),
(1, 43, 96, 'social : Layout 2 : Cell 4', 0, 0, 0, 0),
(1, 43, 97, 'social : Layout 2 : Cell 5', 0, 0, 0, 0),
(1, 43, 99, 'social', 1, 0, 0, 0),
(1, 43, 100, 'social', 2, 0, 0, 0),
(1, 43, 101, 'social : Layout 1 : Cell 1', 0, 0, 0, 0),
(1, 43, 102, 'social', 0, 0, 0, 0),
(1, 43, 103, 'social : Layout 1 : Cell 1', 1, 0, 0, 0),
(1, 43, 104, 'social : Layout 2 : Cell 1', 0, 0, 0, 0),
(1, 43, 105, 'contact', 0, 0, 0, 0),
(1, 43, 107, 'contact', 1, 0, 0, 0),
(1, 43, 108, 'actualite : Layout 1 : Cell 1', 0, 0, 0, 0),
(1, 43, 118, 'actualite : Layout 2 : Cell 1', 0, 1, 0, 0),
(1, 43, 119, 'actualite : Layout 2 : Cell 2', 0, 1, 0, 0),
(1, 43, 120, 'actualite : Layout 2 : Cell 1', 1, 1, 0, 0),
(1, 43, 121, 'actualite : Layout 2 : Cell 2', 1, 1, 0, 0),
(1, 43, 122, 'actualite : Layout 2 : Cell 1', 2, 1, 0, 0),
(1, 43, 123, 'actualite : Layout 2 : Cell 2', 2, 1, 0, 0),
(1, 44, 16, 'Titre_article_1', 0, 0, 0, 0),
(1, 44, 18, 'Image_article_1', 0, 0, 0, 0),
(1, 44, 20, 'Titre_article_2', 0, 0, 0, 0),
(1, 44, 22, 'Image_article_2', 0, 0, 0, 0),
(1, 44, 24, 'Titre_article_3', 0, 0, 0, 0),
(1, 44, 28, 'Image_article_3', 0, 0, 0, 0),
(1, 44, 31, 'Texte_article_3', 0, 0, 0, 0),
(1, 44, 32, 'Sous_titre_article_1', 0, 0, 0, 0),
(1, 44, 33, 'Sous_titre_article_2', 0, 0, 0, 0),
(1, 44, 34, 'Sous_titre_article_3', 0, 0, 0, 0),
(1, 44, 35, 'Titre', 0, 0, 0, 0);
INSERT INTO `CollectionVersionBlocks` (`cID`, `cvID`, `bID`, `arHandle`, `cbDisplayOrder`, `isOriginal`, `cbOverrideAreaPermissions`, `cbIncludeAll`) VALUES
(1, 44, 37, 'Texte_article_2', 0, 0, 0, 0),
(1, 44, 38, 'Texte_article_1', 0, 0, 0, 0),
(1, 44, 39, 'Titre_SocialMedia', 0, 0, 0, 0),
(1, 44, 40, 'Texte_SocialMedia', 0, 0, 0, 0),
(1, 44, 41, 'Titre_Newsletter', 0, 0, 0, 0),
(1, 44, 44, 'Texte_Newsletter', 0, 0, 0, 0),
(1, 44, 45, 'Titre_Contact', 0, 0, 0, 0),
(1, 44, 48, 'Titre_News', 0, 0, 0, 0),
(1, 44, 49, 'image_Contact_1', 0, 0, 0, 0),
(1, 44, 50, 'Texte_Contact_1', 0, 0, 0, 0),
(1, 44, 51, 'image_Contact_2', 0, 0, 0, 0),
(1, 44, 52, 'Texte_Contact_2', 0, 0, 0, 0),
(1, 44, 53, 'image_Contact_3', 0, 0, 0, 0),
(1, 44, 54, 'Texte_Contact_3', 0, 0, 0, 0),
(1, 44, 55, 'Form_email_Newsletter', 0, 0, 0, 0),
(1, 44, 56, 'Form_Contact', 0, 0, 0, 0),
(1, 44, 64, 'news1', 0, 0, 0, 0),
(1, 44, 65, 'news2', 0, 0, 0, 0),
(1, 44, 66, 'news3', 0, 0, 0, 0),
(1, 44, 67, 'logo1', 0, 0, 0, 0),
(1, 44, 68, 'logo2', 0, 0, 0, 0),
(1, 44, 69, 'banniere', 0, 0, 0, 0),
(1, 44, 70, 'col1', 0, 0, 0, 0),
(1, 44, 71, 'col1', 1, 0, 0, 0),
(1, 44, 72, 'col1', 2, 0, 0, 0),
(1, 44, 74, 'col2', 0, 0, 0, 0),
(1, 44, 78, 'col3', 0, 0, 0, 0),
(1, 44, 83, 'col1', 3, 0, 0, 0),
(1, 44, 84, 'col2', 3, 0, 0, 0),
(1, 44, 85, 'col3', 3, 0, 0, 0),
(1, 44, 86, 'col2', 2, 0, 0, 0),
(1, 44, 87, 'col3', 2, 0, 0, 0),
(1, 44, 88, 'col2', 1, 0, 0, 0),
(1, 44, 89, 'col3', 1, 0, 0, 0),
(1, 44, 94, 'social : Layout 2 : Cell 2', 0, 0, 0, 0),
(1, 44, 95, 'social : Layout 2 : Cell 3', 0, 0, 0, 0),
(1, 44, 96, 'social : Layout 2 : Cell 4', 0, 0, 0, 0),
(1, 44, 97, 'social : Layout 2 : Cell 5', 0, 0, 0, 0),
(1, 44, 99, 'social', 1, 0, 0, 0),
(1, 44, 100, 'social', 2, 0, 0, 0),
(1, 44, 101, 'social : Layout 1 : Cell 1', 0, 0, 0, 0),
(1, 44, 102, 'social', 0, 0, 0, 0),
(1, 44, 103, 'social : Layout 1 : Cell 1', 1, 0, 0, 0),
(1, 44, 104, 'social : Layout 2 : Cell 1', 0, 0, 0, 0),
(1, 44, 105, 'contact', 0, 0, 0, 0),
(1, 44, 107, 'contact', 1, 0, 0, 0),
(1, 44, 108, 'actualite : Layout 1 : Cell 1', 0, 0, 0, 0),
(1, 44, 118, 'actualite : Layout 2 : Cell 1', 0, 0, 0, 0),
(1, 44, 119, 'actualite : Layout 2 : Cell 2', 0, 0, 0, 0),
(1, 44, 120, 'actualite : Layout 2 : Cell 1', 1, 0, 0, 0),
(1, 44, 122, 'actualite : Layout 2 : Cell 1', 2, 0, 0, 0),
(1, 44, 124, 'actualite : Layout 2 : Cell 2', 1, 1, 0, 0),
(1, 44, 125, 'actualite : Layout 2 : Cell 2', 2, 1, 0, 0),
(1, 45, 16, 'Titre_article_1', 0, 0, 0, 0),
(1, 45, 18, 'Image_article_1', 0, 0, 0, 0),
(1, 45, 20, 'Titre_article_2', 0, 0, 0, 0),
(1, 45, 22, 'Image_article_2', 0, 0, 0, 0),
(1, 45, 24, 'Titre_article_3', 0, 0, 0, 0),
(1, 45, 28, 'Image_article_3', 0, 0, 0, 0),
(1, 45, 31, 'Texte_article_3', 0, 0, 0, 0),
(1, 45, 32, 'Sous_titre_article_1', 0, 0, 0, 0),
(1, 45, 33, 'Sous_titre_article_2', 0, 0, 0, 0),
(1, 45, 34, 'Sous_titre_article_3', 0, 0, 0, 0),
(1, 45, 35, 'Titre', 0, 0, 0, 0),
(1, 45, 37, 'Texte_article_2', 0, 0, 0, 0),
(1, 45, 38, 'Texte_article_1', 0, 0, 0, 0),
(1, 45, 39, 'Titre_SocialMedia', 0, 0, 0, 0),
(1, 45, 40, 'Texte_SocialMedia', 0, 0, 0, 0),
(1, 45, 41, 'Titre_Newsletter', 0, 0, 0, 0),
(1, 45, 44, 'Texte_Newsletter', 0, 0, 0, 0),
(1, 45, 45, 'Titre_Contact', 0, 0, 0, 0),
(1, 45, 48, 'Titre_News', 0, 0, 0, 0),
(1, 45, 49, 'image_Contact_1', 0, 0, 0, 0),
(1, 45, 50, 'Texte_Contact_1', 0, 0, 0, 0),
(1, 45, 51, 'image_Contact_2', 0, 0, 0, 0),
(1, 45, 52, 'Texte_Contact_2', 0, 0, 0, 0),
(1, 45, 53, 'image_Contact_3', 0, 0, 0, 0),
(1, 45, 54, 'Texte_Contact_3', 0, 0, 0, 0),
(1, 45, 55, 'Form_email_Newsletter', 0, 0, 0, 0),
(1, 45, 56, 'Form_Contact', 0, 0, 0, 0),
(1, 45, 64, 'news1', 0, 0, 0, 0),
(1, 45, 65, 'news2', 0, 0, 0, 0),
(1, 45, 66, 'news3', 0, 0, 0, 0),
(1, 45, 67, 'logo1', 0, 0, 0, 0),
(1, 45, 68, 'logo2', 0, 0, 0, 0),
(1, 45, 69, 'banniere', 0, 0, 0, 0),
(1, 45, 70, 'col1', 0, 0, 0, 0),
(1, 45, 71, 'col1', 1, 0, 0, 0),
(1, 45, 72, 'col1', 2, 0, 0, 0),
(1, 45, 74, 'col2', 0, 0, 0, 0),
(1, 45, 78, 'col3', 0, 0, 0, 0),
(1, 45, 83, 'col1', 3, 0, 0, 0),
(1, 45, 84, 'col2', 3, 0, 0, 0),
(1, 45, 85, 'col3', 3, 0, 0, 0),
(1, 45, 86, 'col2', 2, 0, 0, 0),
(1, 45, 87, 'col3', 2, 0, 0, 0),
(1, 45, 88, 'col2', 1, 0, 0, 0),
(1, 45, 89, 'col3', 1, 0, 0, 0),
(1, 45, 94, 'social : Layout 2 : Cell 2', 0, 0, 0, 0),
(1, 45, 95, 'social : Layout 2 : Cell 3', 0, 0, 0, 0),
(1, 45, 96, 'social : Layout 2 : Cell 4', 0, 0, 0, 0),
(1, 45, 97, 'social : Layout 2 : Cell 5', 0, 0, 0, 0),
(1, 45, 99, 'social', 1, 0, 0, 0),
(1, 45, 100, 'social', 2, 0, 0, 0),
(1, 45, 101, 'social : Layout 1 : Cell 1', 0, 0, 0, 0),
(1, 45, 102, 'social', 0, 0, 0, 0),
(1, 45, 103, 'social : Layout 1 : Cell 1', 1, 0, 0, 0),
(1, 45, 104, 'social : Layout 2 : Cell 1', 0, 0, 0, 0),
(1, 45, 105, 'contact', 0, 0, 0, 0),
(1, 45, 107, 'contact', 1, 0, 0, 0),
(1, 45, 108, 'actualite : Layout 1 : Cell 1', 0, 0, 0, 0),
(1, 45, 118, 'actualite : Layout 2 : Cell 1', 0, 0, 0, 0),
(1, 45, 120, 'actualite : Layout 2 : Cell 1', 1, 0, 0, 0),
(1, 45, 122, 'actualite : Layout 2 : Cell 1', 2, 0, 0, 0),
(1, 45, 126, 'actualite : Layout 2 : Cell 2', 0, 1, 0, 0),
(1, 45, 127, 'actualite : Layout 2 : Cell 2', 1, 1, 0, 0),
(1, 45, 128, 'actualite : Layout 2 : Cell 2', 2, 1, 0, 0),
(1, 46, 16, 'Titre_article_1', 0, 0, 0, 0),
(1, 46, 18, 'Image_article_1', 0, 0, 0, 0),
(1, 46, 20, 'Titre_article_2', 0, 0, 0, 0),
(1, 46, 22, 'Image_article_2', 0, 0, 0, 0),
(1, 46, 24, 'Titre_article_3', 0, 0, 0, 0),
(1, 46, 28, 'Image_article_3', 0, 0, 0, 0),
(1, 46, 31, 'Texte_article_3', 0, 0, 0, 0),
(1, 46, 32, 'Sous_titre_article_1', 0, 0, 0, 0),
(1, 46, 33, 'Sous_titre_article_2', 0, 0, 0, 0),
(1, 46, 34, 'Sous_titre_article_3', 0, 0, 0, 0),
(1, 46, 35, 'Titre', 0, 0, 0, 0),
(1, 46, 37, 'Texte_article_2', 0, 0, 0, 0),
(1, 46, 38, 'Texte_article_1', 0, 0, 0, 0),
(1, 46, 39, 'Titre_SocialMedia', 0, 0, 0, 0),
(1, 46, 40, 'Texte_SocialMedia', 0, 0, 0, 0),
(1, 46, 41, 'Titre_Newsletter', 0, 0, 0, 0),
(1, 46, 44, 'Texte_Newsletter', 0, 0, 0, 0),
(1, 46, 45, 'Titre_Contact', 0, 0, 0, 0),
(1, 46, 48, 'Titre_News', 0, 0, 0, 0),
(1, 46, 49, 'image_Contact_1', 0, 0, 0, 0),
(1, 46, 50, 'Texte_Contact_1', 0, 0, 0, 0),
(1, 46, 51, 'image_Contact_2', 0, 0, 0, 0),
(1, 46, 52, 'Texte_Contact_2', 0, 0, 0, 0),
(1, 46, 53, 'image_Contact_3', 0, 0, 0, 0),
(1, 46, 54, 'Texte_Contact_3', 0, 0, 0, 0),
(1, 46, 55, 'Form_email_Newsletter', 0, 0, 0, 0),
(1, 46, 56, 'Form_Contact', 0, 0, 0, 0),
(1, 46, 64, 'news1', 0, 0, 0, 0),
(1, 46, 65, 'news2', 0, 0, 0, 0),
(1, 46, 66, 'news3', 0, 0, 0, 0),
(1, 46, 67, 'logo1', 0, 0, 0, 0),
(1, 46, 68, 'logo2', 0, 0, 0, 0),
(1, 46, 69, 'banniere', 0, 0, 0, 0),
(1, 46, 70, 'col1', 0, 0, 0, 0),
(1, 46, 71, 'col1', 1, 0, 0, 0),
(1, 46, 72, 'col1', 2, 0, 0, 0),
(1, 46, 74, 'col2', 0, 0, 0, 0),
(1, 46, 78, 'col3', 0, 0, 0, 0),
(1, 46, 83, 'col1', 3, 0, 0, 0),
(1, 46, 84, 'col2', 3, 0, 0, 0),
(1, 46, 85, 'col3', 3, 0, 0, 0),
(1, 46, 86, 'col2', 2, 0, 0, 0),
(1, 46, 87, 'col3', 2, 0, 0, 0),
(1, 46, 88, 'col2', 1, 0, 0, 0),
(1, 46, 89, 'col3', 1, 0, 0, 0),
(1, 46, 94, 'social : Layout 2 : Cell 2', 0, 0, 0, 0),
(1, 46, 95, 'social : Layout 2 : Cell 3', 0, 0, 0, 0),
(1, 46, 96, 'social : Layout 2 : Cell 4', 0, 0, 0, 0),
(1, 46, 97, 'social : Layout 2 : Cell 5', 0, 0, 0, 0),
(1, 46, 99, 'social', 1, 0, 0, 0),
(1, 46, 100, 'social', 2, 0, 0, 0),
(1, 46, 101, 'social : Layout 1 : Cell 1', 0, 0, 0, 0),
(1, 46, 102, 'social', 0, 0, 0, 0),
(1, 46, 103, 'social : Layout 1 : Cell 1', 1, 0, 0, 0),
(1, 46, 104, 'social : Layout 2 : Cell 1', 0, 0, 0, 0),
(1, 46, 105, 'contact', 0, 0, 0, 0),
(1, 46, 107, 'contact', 1, 0, 0, 0),
(1, 46, 108, 'actualite : Layout 1 : Cell 1', 0, 0, 0, 0),
(1, 46, 118, 'actualite : Layout 2 : Cell 1', 0, 0, 0, 0),
(1, 46, 120, 'actualite : Layout 2 : Cell 1', 1, 0, 0, 0),
(1, 46, 122, 'actualite : Layout 2 : Cell 1', 2, 0, 0, 0),
(1, 46, 126, 'actualite : Layout 2 : Cell 2', 0, 0, 0, 0),
(1, 46, 129, 'actualite : Layout 2 : Cell 2', 1, 1, 0, 0),
(1, 46, 130, 'actualite : Layout 2 : Cell 2', 2, 1, 0, 0),
(1, 47, 16, 'Titre_article_1', 0, 0, 0, 0),
(1, 47, 18, 'Image_article_1', 0, 0, 0, 0),
(1, 47, 20, 'Titre_article_2', 0, 0, 0, 0),
(1, 47, 22, 'Image_article_2', 0, 0, 0, 0),
(1, 47, 24, 'Titre_article_3', 0, 0, 0, 0),
(1, 47, 28, 'Image_article_3', 0, 0, 0, 0),
(1, 47, 31, 'Texte_article_3', 0, 0, 0, 0),
(1, 47, 32, 'Sous_titre_article_1', 0, 0, 0, 0),
(1, 47, 33, 'Sous_titre_article_2', 0, 0, 0, 0),
(1, 47, 34, 'Sous_titre_article_3', 0, 0, 0, 0),
(1, 47, 35, 'Titre', 0, 0, 0, 0),
(1, 47, 37, 'Texte_article_2', 0, 0, 0, 0),
(1, 47, 38, 'Texte_article_1', 0, 0, 0, 0),
(1, 47, 39, 'Titre_SocialMedia', 0, 0, 0, 0),
(1, 47, 40, 'Texte_SocialMedia', 0, 0, 0, 0),
(1, 47, 41, 'Titre_Newsletter', 0, 0, 0, 0),
(1, 47, 44, 'Texte_Newsletter', 0, 0, 0, 0),
(1, 47, 45, 'Titre_Contact', 0, 0, 0, 0),
(1, 47, 48, 'Titre_News', 0, 0, 0, 0),
(1, 47, 49, 'image_Contact_1', 0, 0, 0, 0),
(1, 47, 50, 'Texte_Contact_1', 0, 0, 0, 0),
(1, 47, 51, 'image_Contact_2', 0, 0, 0, 0),
(1, 47, 52, 'Texte_Contact_2', 0, 0, 0, 0),
(1, 47, 53, 'image_Contact_3', 0, 0, 0, 0),
(1, 47, 54, 'Texte_Contact_3', 0, 0, 0, 0),
(1, 47, 55, 'Form_email_Newsletter', 0, 0, 0, 0),
(1, 47, 56, 'Form_Contact', 0, 0, 0, 0),
(1, 47, 64, 'news1', 0, 0, 0, 0),
(1, 47, 65, 'news2', 0, 0, 0, 0),
(1, 47, 66, 'news3', 0, 0, 0, 0),
(1, 47, 67, 'logo1', 0, 0, 0, 0),
(1, 47, 68, 'logo2', 0, 0, 0, 0),
(1, 47, 69, 'banniere', 0, 0, 0, 0),
(1, 47, 70, 'col1', 0, 0, 0, 0),
(1, 47, 71, 'col1', 1, 0, 0, 0),
(1, 47, 72, 'col1', 2, 0, 0, 0),
(1, 47, 74, 'col2', 0, 0, 0, 0),
(1, 47, 78, 'col3', 0, 0, 0, 0),
(1, 47, 83, 'col1', 3, 0, 0, 0),
(1, 47, 84, 'col2', 3, 0, 0, 0),
(1, 47, 85, 'col3', 3, 0, 0, 0),
(1, 47, 86, 'col2', 2, 0, 0, 0),
(1, 47, 87, 'col3', 2, 0, 0, 0),
(1, 47, 88, 'col2', 1, 0, 0, 0),
(1, 47, 89, 'col3', 1, 0, 0, 0),
(1, 47, 94, 'social : Layout 2 : Cell 2', 0, 0, 0, 0),
(1, 47, 95, 'social : Layout 2 : Cell 3', 0, 0, 0, 0),
(1, 47, 96, 'social : Layout 2 : Cell 4', 0, 0, 0, 0),
(1, 47, 97, 'social : Layout 2 : Cell 5', 0, 0, 0, 0),
(1, 47, 99, 'social', 1, 0, 0, 0),
(1, 47, 100, 'social', 2, 0, 0, 0),
(1, 47, 101, 'social : Layout 1 : Cell 1', 0, 0, 0, 0),
(1, 47, 102, 'social', 0, 0, 0, 0),
(1, 47, 103, 'social : Layout 1 : Cell 1', 1, 0, 0, 0),
(1, 47, 104, 'social : Layout 2 : Cell 1', 0, 0, 0, 0),
(1, 47, 105, 'contact', 0, 0, 0, 0),
(1, 47, 107, 'contact', 1, 0, 0, 0),
(1, 47, 108, 'actualite : Layout 1 : Cell 1', 0, 0, 0, 0),
(1, 47, 118, 'actualite : Layout 2 : Cell 1', 0, 0, 0, 0),
(1, 47, 120, 'actualite : Layout 2 : Cell 1', 1, 0, 0, 0),
(1, 47, 122, 'actualite : Layout 2 : Cell 1', 2, 0, 0, 0),
(1, 47, 126, 'actualite : Layout 2 : Cell 2', 0, 0, 0, 0),
(1, 47, 129, 'actualite : Layout 2 : Cell 2', 1, 0, 0, 0),
(1, 47, 130, 'actualite : Layout 2 : Cell 2', 2, 0, 0, 0),
(1, 47, 131, 'Menu', 0, 1, 0, 0),
(1, 48, 16, 'Titre_article_1', 0, 0, 0, 0),
(1, 48, 18, 'Image_article_1', 0, 0, 0, 0),
(1, 48, 20, 'Titre_article_2', 0, 0, 0, 0),
(1, 48, 22, 'Image_article_2', 0, 0, 0, 0),
(1, 48, 24, 'Titre_article_3', 0, 0, 0, 0),
(1, 48, 28, 'Image_article_3', 0, 0, 0, 0),
(1, 48, 31, 'Texte_article_3', 0, 0, 0, 0),
(1, 48, 32, 'Sous_titre_article_1', 0, 0, 0, 0),
(1, 48, 33, 'Sous_titre_article_2', 0, 0, 0, 0),
(1, 48, 34, 'Sous_titre_article_3', 0, 0, 0, 0),
(1, 48, 35, 'Titre', 0, 0, 0, 0),
(1, 48, 37, 'Texte_article_2', 0, 0, 0, 0),
(1, 48, 38, 'Texte_article_1', 0, 0, 0, 0),
(1, 48, 39, 'Titre_SocialMedia', 0, 0, 0, 0),
(1, 48, 40, 'Texte_SocialMedia', 0, 0, 0, 0),
(1, 48, 41, 'Titre_Newsletter', 0, 0, 0, 0),
(1, 48, 44, 'Texte_Newsletter', 0, 0, 0, 0),
(1, 48, 45, 'Titre_Contact', 0, 0, 0, 0),
(1, 48, 48, 'Titre_News', 0, 0, 0, 0),
(1, 48, 49, 'image_Contact_1', 0, 0, 0, 0),
(1, 48, 50, 'Texte_Contact_1', 0, 0, 0, 0),
(1, 48, 51, 'image_Contact_2', 0, 0, 0, 0),
(1, 48, 52, 'Texte_Contact_2', 0, 0, 0, 0),
(1, 48, 53, 'image_Contact_3', 0, 0, 0, 0),
(1, 48, 54, 'Texte_Contact_3', 0, 0, 0, 0),
(1, 48, 55, 'Form_email_Newsletter', 0, 0, 0, 0),
(1, 48, 56, 'Form_Contact', 0, 0, 0, 0),
(1, 48, 64, 'news1', 0, 0, 0, 0),
(1, 48, 65, 'news2', 0, 0, 0, 0),
(1, 48, 66, 'news3', 0, 0, 0, 0),
(1, 48, 67, 'logo1', 0, 0, 0, 0),
(1, 48, 68, 'logo2', 0, 0, 0, 0),
(1, 48, 69, 'banniere', 0, 0, 0, 0),
(1, 48, 70, 'col1', 0, 0, 0, 0),
(1, 48, 71, 'col1', 1, 0, 0, 0),
(1, 48, 72, 'col1', 2, 0, 0, 0),
(1, 48, 74, 'col2', 0, 0, 0, 0),
(1, 48, 78, 'col3', 0, 0, 0, 0),
(1, 48, 83, 'col1', 3, 0, 0, 0),
(1, 48, 84, 'col2', 3, 0, 0, 0),
(1, 48, 85, 'col3', 3, 0, 0, 0),
(1, 48, 86, 'col2', 2, 0, 0, 0),
(1, 48, 87, 'col3', 2, 0, 0, 0),
(1, 48, 88, 'col2', 1, 0, 0, 0),
(1, 48, 89, 'col3', 1, 0, 0, 0),
(1, 48, 94, 'social : Layout 2 : Cell 2', 0, 0, 0, 0),
(1, 48, 95, 'social : Layout 2 : Cell 3', 0, 0, 0, 0),
(1, 48, 96, 'social : Layout 2 : Cell 4', 0, 0, 0, 0),
(1, 48, 97, 'social : Layout 2 : Cell 5', 0, 0, 0, 0),
(1, 48, 99, 'social', 1, 0, 0, 0),
(1, 48, 100, 'social', 2, 0, 0, 0),
(1, 48, 101, 'social : Layout 1 : Cell 1', 0, 0, 0, 0),
(1, 48, 102, 'social', 0, 0, 0, 0),
(1, 48, 103, 'social : Layout 1 : Cell 1', 1, 0, 0, 0),
(1, 48, 104, 'social : Layout 2 : Cell 1', 0, 0, 0, 0),
(1, 48, 105, 'contact', 0, 0, 0, 0),
(1, 48, 107, 'contact', 1, 0, 0, 0),
(1, 48, 108, 'actualite : Layout 1 : Cell 1', 0, 0, 0, 0),
(1, 48, 118, 'actualite : Layout 2 : Cell 1', 0, 0, 0, 0),
(1, 48, 120, 'actualite : Layout 2 : Cell 1', 1, 0, 0, 0),
(1, 48, 122, 'actualite : Layout 2 : Cell 1', 2, 0, 0, 0),
(1, 48, 126, 'actualite : Layout 2 : Cell 2', 0, 0, 0, 0),
(1, 48, 129, 'actualite : Layout 2 : Cell 2', 1, 0, 0, 0),
(1, 48, 130, 'actualite : Layout 2 : Cell 2', 2, 0, 0, 0),
(1, 48, 132, 'Menu', 0, 1, 0, 0),
(1, 49, 16, 'Titre_article_1', 0, 0, 0, 0),
(1, 49, 18, 'Image_article_1', 0, 0, 0, 0),
(1, 49, 20, 'Titre_article_2', 0, 0, 0, 0),
(1, 49, 22, 'Image_article_2', 0, 0, 0, 0),
(1, 49, 24, 'Titre_article_3', 0, 0, 0, 0),
(1, 49, 28, 'Image_article_3', 0, 0, 0, 0),
(1, 49, 31, 'Texte_article_3', 0, 0, 0, 0),
(1, 49, 32, 'Sous_titre_article_1', 0, 0, 0, 0),
(1, 49, 33, 'Sous_titre_article_2', 0, 0, 0, 0),
(1, 49, 34, 'Sous_titre_article_3', 0, 0, 0, 0),
(1, 49, 35, 'Titre', 0, 0, 0, 0),
(1, 49, 37, 'Texte_article_2', 0, 0, 0, 0),
(1, 49, 38, 'Texte_article_1', 0, 0, 0, 0),
(1, 49, 39, 'Titre_SocialMedia', 0, 0, 0, 0),
(1, 49, 40, 'Texte_SocialMedia', 0, 0, 0, 0),
(1, 49, 41, 'Titre_Newsletter', 0, 0, 0, 0),
(1, 49, 44, 'Texte_Newsletter', 0, 0, 0, 0),
(1, 49, 45, 'Titre_Contact', 0, 0, 0, 0),
(1, 49, 48, 'Titre_News', 0, 0, 0, 0),
(1, 49, 49, 'image_Contact_1', 0, 0, 0, 0),
(1, 49, 50, 'Texte_Contact_1', 0, 0, 0, 0),
(1, 49, 51, 'image_Contact_2', 0, 0, 0, 0),
(1, 49, 52, 'Texte_Contact_2', 0, 0, 0, 0),
(1, 49, 53, 'image_Contact_3', 0, 0, 0, 0),
(1, 49, 54, 'Texte_Contact_3', 0, 0, 0, 0),
(1, 49, 55, 'Form_email_Newsletter', 0, 0, 0, 0),
(1, 49, 56, 'Form_Contact', 0, 0, 0, 0),
(1, 49, 64, 'news1', 0, 0, 0, 0),
(1, 49, 65, 'news2', 0, 0, 0, 0),
(1, 49, 66, 'news3', 0, 0, 0, 0),
(1, 49, 67, 'logo1', 0, 0, 0, 0),
(1, 49, 68, 'logo2', 0, 0, 0, 0),
(1, 49, 69, 'banniere', 0, 0, 0, 0),
(1, 49, 70, 'col1', 0, 0, 0, 0),
(1, 49, 71, 'col1', 1, 0, 0, 0),
(1, 49, 72, 'col1', 2, 0, 0, 0),
(1, 49, 74, 'col2', 0, 0, 0, 0),
(1, 49, 78, 'col3', 0, 0, 0, 0),
(1, 49, 83, 'col1', 3, 0, 0, 0),
(1, 49, 84, 'col2', 3, 0, 0, 0),
(1, 49, 85, 'col3', 3, 0, 0, 0),
(1, 49, 86, 'col2', 2, 0, 0, 0),
(1, 49, 87, 'col3', 2, 0, 0, 0),
(1, 49, 88, 'col2', 1, 0, 0, 0),
(1, 49, 89, 'col3', 1, 0, 0, 0),
(1, 49, 94, 'social : Layout 2 : Cell 2', 0, 0, 0, 0),
(1, 49, 95, 'social : Layout 2 : Cell 3', 0, 0, 0, 0),
(1, 49, 96, 'social : Layout 2 : Cell 4', 0, 0, 0, 0),
(1, 49, 97, 'social : Layout 2 : Cell 5', 0, 0, 0, 0),
(1, 49, 99, 'social', 1, 0, 0, 0),
(1, 49, 100, 'social', 2, 0, 0, 0),
(1, 49, 101, 'social : Layout 1 : Cell 1', 0, 0, 0, 0),
(1, 49, 102, 'social', 0, 0, 0, 0),
(1, 49, 103, 'social : Layout 1 : Cell 1', 1, 0, 0, 0),
(1, 49, 104, 'social : Layout 2 : Cell 1', 0, 0, 0, 0),
(1, 49, 105, 'contact', 0, 0, 0, 0),
(1, 49, 107, 'contact', 1, 0, 0, 0),
(1, 49, 108, 'actualite : Layout 1 : Cell 1', 0, 0, 0, 0),
(1, 49, 118, 'actualite : Layout 2 : Cell 1', 0, 0, 0, 0),
(1, 49, 120, 'actualite : Layout 2 : Cell 1', 1, 0, 0, 0),
(1, 49, 122, 'actualite : Layout 2 : Cell 1', 2, 0, 0, 0),
(1, 49, 126, 'actualite : Layout 2 : Cell 2', 0, 0, 0, 0),
(1, 49, 129, 'actualite : Layout 2 : Cell 2', 1, 0, 0, 0),
(1, 49, 130, 'actualite : Layout 2 : Cell 2', 2, 0, 0, 0),
(1, 49, 133, 'Menu', 0, 1, 0, 0),
(1, 50, 16, 'Titre_article_1', 0, 0, 0, 0),
(1, 50, 18, 'Image_article_1', 0, 0, 0, 0),
(1, 50, 20, 'Titre_article_2', 0, 0, 0, 0),
(1, 50, 22, 'Image_article_2', 0, 0, 0, 0),
(1, 50, 24, 'Titre_article_3', 0, 0, 0, 0),
(1, 50, 28, 'Image_article_3', 0, 0, 0, 0),
(1, 50, 31, 'Texte_article_3', 0, 0, 0, 0),
(1, 50, 32, 'Sous_titre_article_1', 0, 0, 0, 0),
(1, 50, 33, 'Sous_titre_article_2', 0, 0, 0, 0),
(1, 50, 34, 'Sous_titre_article_3', 0, 0, 0, 0),
(1, 50, 35, 'Titre', 0, 0, 0, 0),
(1, 50, 37, 'Texte_article_2', 0, 0, 0, 0),
(1, 50, 38, 'Texte_article_1', 0, 0, 0, 0),
(1, 50, 39, 'Titre_SocialMedia', 0, 0, 0, 0),
(1, 50, 40, 'Texte_SocialMedia', 0, 0, 0, 0),
(1, 50, 41, 'Titre_Newsletter', 0, 0, 0, 0),
(1, 50, 44, 'Texte_Newsletter', 0, 0, 0, 0),
(1, 50, 45, 'Titre_Contact', 0, 0, 0, 0),
(1, 50, 48, 'Titre_News', 0, 0, 0, 0),
(1, 50, 49, 'image_Contact_1', 0, 0, 0, 0),
(1, 50, 50, 'Texte_Contact_1', 0, 0, 0, 0),
(1, 50, 51, 'image_Contact_2', 0, 0, 0, 0),
(1, 50, 52, 'Texte_Contact_2', 0, 0, 0, 0),
(1, 50, 53, 'image_Contact_3', 0, 0, 0, 0),
(1, 50, 54, 'Texte_Contact_3', 0, 0, 0, 0),
(1, 50, 55, 'Form_email_Newsletter', 0, 0, 0, 0),
(1, 50, 56, 'Form_Contact', 0, 0, 0, 0),
(1, 50, 64, 'news1', 0, 0, 0, 0),
(1, 50, 65, 'news2', 0, 0, 0, 0),
(1, 50, 66, 'news3', 0, 0, 0, 0),
(1, 50, 67, 'logo1', 0, 0, 0, 0),
(1, 50, 68, 'logo2', 0, 0, 0, 0),
(1, 50, 69, 'banniere', 0, 0, 0, 0),
(1, 50, 70, 'col1', 0, 0, 0, 0),
(1, 50, 71, 'col1', 1, 0, 0, 0),
(1, 50, 72, 'col1', 2, 0, 0, 0),
(1, 50, 74, 'col2', 0, 0, 0, 0),
(1, 50, 78, 'col3', 0, 0, 0, 0),
(1, 50, 83, 'col1', 3, 0, 0, 0),
(1, 50, 84, 'col2', 3, 0, 0, 0),
(1, 50, 85, 'col3', 3, 0, 0, 0),
(1, 50, 86, 'col2', 2, 0, 0, 0),
(1, 50, 87, 'col3', 2, 0, 0, 0),
(1, 50, 88, 'col2', 1, 0, 0, 0),
(1, 50, 89, 'col3', 1, 0, 0, 0),
(1, 50, 94, 'social : Layout 2 : Cell 2', 0, 0, 0, 0),
(1, 50, 95, 'social : Layout 2 : Cell 3', 0, 0, 0, 0),
(1, 50, 96, 'social : Layout 2 : Cell 4', 0, 0, 0, 0),
(1, 50, 97, 'social : Layout 2 : Cell 5', 0, 0, 0, 0),
(1, 50, 99, 'social', 1, 0, 0, 0),
(1, 50, 100, 'social', 2, 0, 0, 0),
(1, 50, 101, 'social : Layout 1 : Cell 1', 0, 0, 0, 0),
(1, 50, 102, 'social', 0, 0, 0, 0),
(1, 50, 103, 'social : Layout 1 : Cell 1', 1, 0, 0, 0),
(1, 50, 104, 'social : Layout 2 : Cell 1', 0, 0, 0, 0),
(1, 50, 105, 'contact', 0, 0, 0, 0),
(1, 50, 107, 'contact', 1, 0, 0, 0),
(1, 50, 108, 'actualite : Layout 1 : Cell 1', 0, 0, 0, 0),
(1, 50, 118, 'actualite : Layout 2 : Cell 1', 0, 0, 0, 0),
(1, 50, 120, 'actualite : Layout 2 : Cell 1', 1, 0, 0, 0),
(1, 50, 122, 'actualite : Layout 2 : Cell 1', 2, 0, 0, 0),
(1, 50, 126, 'actualite : Layout 2 : Cell 2', 0, 0, 0, 0),
(1, 50, 129, 'actualite : Layout 2 : Cell 2', 1, 0, 0, 0),
(1, 50, 130, 'actualite : Layout 2 : Cell 2', 2, 0, 0, 0),
(1, 50, 134, 'Menu', 0, 1, 0, 0),
(1, 51, 16, 'Titre_article_1', 0, 0, 0, 0),
(1, 51, 18, 'Image_article_1', 0, 0, 0, 0),
(1, 51, 20, 'Titre_article_2', 0, 0, 0, 0),
(1, 51, 22, 'Image_article_2', 0, 0, 0, 0),
(1, 51, 24, 'Titre_article_3', 0, 0, 0, 0),
(1, 51, 28, 'Image_article_3', 0, 0, 0, 0),
(1, 51, 31, 'Texte_article_3', 0, 0, 0, 0),
(1, 51, 32, 'Sous_titre_article_1', 0, 0, 0, 0),
(1, 51, 33, 'Sous_titre_article_2', 0, 0, 0, 0),
(1, 51, 34, 'Sous_titre_article_3', 0, 0, 0, 0),
(1, 51, 35, 'Titre', 0, 0, 0, 0),
(1, 51, 37, 'Texte_article_2', 0, 0, 0, 0),
(1, 51, 38, 'Texte_article_1', 0, 0, 0, 0),
(1, 51, 39, 'Titre_SocialMedia', 0, 0, 0, 0),
(1, 51, 40, 'Texte_SocialMedia', 0, 0, 0, 0),
(1, 51, 41, 'Titre_Newsletter', 0, 0, 0, 0),
(1, 51, 44, 'Texte_Newsletter', 0, 0, 0, 0),
(1, 51, 45, 'Titre_Contact', 0, 0, 0, 0),
(1, 51, 48, 'Titre_News', 0, 0, 0, 0),
(1, 51, 49, 'image_Contact_1', 0, 0, 0, 0),
(1, 51, 50, 'Texte_Contact_1', 0, 0, 0, 0),
(1, 51, 51, 'image_Contact_2', 0, 0, 0, 0),
(1, 51, 52, 'Texte_Contact_2', 0, 0, 0, 0),
(1, 51, 53, 'image_Contact_3', 0, 0, 0, 0),
(1, 51, 54, 'Texte_Contact_3', 0, 0, 0, 0),
(1, 51, 55, 'Form_email_Newsletter', 0, 0, 0, 0),
(1, 51, 56, 'Form_Contact', 0, 0, 0, 0),
(1, 51, 64, 'news1', 0, 0, 0, 0),
(1, 51, 65, 'news2', 0, 0, 0, 0),
(1, 51, 66, 'news3', 0, 0, 0, 0),
(1, 51, 67, 'logo1', 0, 0, 0, 0),
(1, 51, 68, 'logo2', 0, 0, 0, 0),
(1, 51, 69, 'banniere', 0, 0, 0, 0),
(1, 51, 70, 'col1', 0, 0, 0, 0),
(1, 51, 71, 'col1', 1, 0, 0, 0),
(1, 51, 72, 'col1', 2, 0, 0, 0),
(1, 51, 74, 'col2', 0, 0, 0, 0),
(1, 51, 78, 'col3', 0, 0, 0, 0),
(1, 51, 83, 'col1', 3, 0, 0, 0),
(1, 51, 84, 'col2', 3, 0, 0, 0),
(1, 51, 85, 'col3', 3, 0, 0, 0),
(1, 51, 86, 'col2', 2, 0, 0, 0),
(1, 51, 87, 'col3', 2, 0, 0, 0),
(1, 51, 88, 'col2', 1, 0, 0, 0),
(1, 51, 89, 'col3', 1, 0, 0, 0),
(1, 51, 94, 'social : Layout 2 : Cell 2', 0, 0, 0, 0),
(1, 51, 95, 'social : Layout 2 : Cell 3', 0, 0, 0, 0),
(1, 51, 96, 'social : Layout 2 : Cell 4', 0, 0, 0, 0),
(1, 51, 97, 'social : Layout 2 : Cell 5', 0, 0, 0, 0),
(1, 51, 99, 'social', 1, 0, 0, 0),
(1, 51, 100, 'social', 2, 0, 0, 0),
(1, 51, 101, 'social : Layout 1 : Cell 1', 0, 0, 0, 0),
(1, 51, 102, 'social', 0, 0, 0, 0),
(1, 51, 103, 'social : Layout 1 : Cell 1', 1, 0, 0, 0),
(1, 51, 104, 'social : Layout 2 : Cell 1', 0, 0, 0, 0),
(1, 51, 105, 'contact', 0, 0, 0, 0),
(1, 51, 107, 'contact', 1, 0, 0, 0),
(1, 51, 108, 'actualite : Layout 1 : Cell 1', 0, 0, 0, 0),
(1, 51, 118, 'actualite : Layout 2 : Cell 1', 0, 0, 0, 0),
(1, 51, 120, 'actualite : Layout 2 : Cell 1', 1, 0, 0, 0),
(1, 51, 122, 'actualite : Layout 2 : Cell 1', 2, 0, 0, 0),
(1, 51, 126, 'actualite : Layout 2 : Cell 2', 0, 0, 0, 0),
(1, 51, 129, 'actualite : Layout 2 : Cell 2', 1, 0, 0, 0),
(1, 51, 130, 'actualite : Layout 2 : Cell 2', 2, 0, 0, 0),
(1, 51, 134, 'Menu', 0, 0, 0, 0),
(1, 52, 16, 'Titre_article_1', 0, 0, 0, 0),
(1, 52, 18, 'Image_article_1', 0, 0, 0, 0),
(1, 52, 20, 'Titre_article_2', 0, 0, 0, 0),
(1, 52, 22, 'Image_article_2', 0, 0, 0, 0),
(1, 52, 24, 'Titre_article_3', 0, 0, 0, 0),
(1, 52, 28, 'Image_article_3', 0, 0, 0, 0),
(1, 52, 31, 'Texte_article_3', 0, 0, 0, 0),
(1, 52, 32, 'Sous_titre_article_1', 0, 0, 0, 0),
(1, 52, 33, 'Sous_titre_article_2', 0, 0, 0, 0),
(1, 52, 34, 'Sous_titre_article_3', 0, 0, 0, 0),
(1, 52, 35, 'Titre', 0, 0, 0, 0),
(1, 52, 37, 'Texte_article_2', 0, 0, 0, 0),
(1, 52, 38, 'Texte_article_1', 0, 0, 0, 0),
(1, 52, 39, 'Titre_SocialMedia', 0, 0, 0, 0),
(1, 52, 40, 'Texte_SocialMedia', 0, 0, 0, 0),
(1, 52, 41, 'Titre_Newsletter', 0, 0, 0, 0),
(1, 52, 44, 'Texte_Newsletter', 0, 0, 0, 0),
(1, 52, 45, 'Titre_Contact', 0, 0, 0, 0),
(1, 52, 48, 'Titre_News', 0, 0, 0, 0),
(1, 52, 49, 'image_Contact_1', 0, 0, 0, 0),
(1, 52, 50, 'Texte_Contact_1', 0, 0, 0, 0),
(1, 52, 51, 'image_Contact_2', 0, 0, 0, 0),
(1, 52, 52, 'Texte_Contact_2', 0, 0, 0, 0),
(1, 52, 53, 'image_Contact_3', 0, 0, 0, 0),
(1, 52, 54, 'Texte_Contact_3', 0, 0, 0, 0),
(1, 52, 55, 'Form_email_Newsletter', 0, 0, 0, 0),
(1, 52, 56, 'Form_Contact', 0, 0, 0, 0),
(1, 52, 64, 'news1', 0, 0, 0, 0),
(1, 52, 65, 'news2', 0, 0, 0, 0),
(1, 52, 66, 'news3', 0, 0, 0, 0),
(1, 52, 67, 'logo1', 0, 0, 0, 0),
(1, 52, 68, 'logo2', 0, 0, 0, 0),
(1, 52, 69, 'banniere', 0, 0, 0, 0),
(1, 52, 70, 'col1', 0, 0, 0, 0),
(1, 52, 71, 'col1', 1, 0, 0, 0),
(1, 52, 72, 'col1', 2, 0, 0, 0),
(1, 52, 74, 'col2', 0, 0, 0, 0),
(1, 52, 78, 'col3', 0, 0, 0, 0),
(1, 52, 84, 'col2', 3, 0, 0, 0),
(1, 52, 85, 'col3', 3, 0, 0, 0),
(1, 52, 86, 'col2', 2, 0, 0, 0),
(1, 52, 87, 'col3', 2, 0, 0, 0),
(1, 52, 88, 'col2', 1, 0, 0, 0),
(1, 52, 89, 'col3', 1, 0, 0, 0),
(1, 52, 94, 'social : Layout 2 : Cell 2', 0, 0, 0, 0),
(1, 52, 95, 'social : Layout 2 : Cell 3', 0, 0, 0, 0),
(1, 52, 96, 'social : Layout 2 : Cell 4', 0, 0, 0, 0),
(1, 52, 97, 'social : Layout 2 : Cell 5', 0, 0, 0, 0),
(1, 52, 99, 'social', 1, 0, 0, 0),
(1, 52, 100, 'social', 2, 0, 0, 0),
(1, 52, 101, 'social : Layout 1 : Cell 1', 0, 0, 0, 0),
(1, 52, 102, 'social', 0, 0, 0, 0),
(1, 52, 103, 'social : Layout 1 : Cell 1', 1, 0, 0, 0),
(1, 52, 104, 'social : Layout 2 : Cell 1', 0, 0, 0, 0),
(1, 52, 105, 'contact', 0, 0, 0, 0),
(1, 52, 107, 'contact', 1, 0, 0, 0),
(1, 52, 108, 'actualite : Layout 1 : Cell 1', 0, 0, 0, 0),
(1, 52, 118, 'actualite : Layout 2 : Cell 1', 0, 0, 0, 0),
(1, 52, 120, 'actualite : Layout 2 : Cell 1', 1, 0, 0, 0),
(1, 52, 122, 'actualite : Layout 2 : Cell 1', 2, 0, 0, 0),
(1, 52, 126, 'actualite : Layout 2 : Cell 2', 0, 0, 0, 0),
(1, 52, 129, 'actualite : Layout 2 : Cell 2', 1, 0, 0, 0),
(1, 52, 130, 'actualite : Layout 2 : Cell 2', 2, 0, 0, 0),
(1, 52, 134, 'Menu', 0, 0, 0, 0),
(1, 52, 178, 'col1', 3, 1, 0, 0),
(1, 53, 16, 'Titre_article_1', 0, 0, 0, 0),
(1, 53, 18, 'Image_article_1', 0, 0, 0, 0),
(1, 53, 20, 'Titre_article_2', 0, 0, 0, 0),
(1, 53, 22, 'Image_article_2', 0, 0, 0, 0),
(1, 53, 24, 'Titre_article_3', 0, 0, 0, 0),
(1, 53, 28, 'Image_article_3', 0, 0, 0, 0),
(1, 53, 31, 'Texte_article_3', 0, 0, 0, 0),
(1, 53, 32, 'Sous_titre_article_1', 0, 0, 0, 0),
(1, 53, 33, 'Sous_titre_article_2', 0, 0, 0, 0),
(1, 53, 34, 'Sous_titre_article_3', 0, 0, 0, 0),
(1, 53, 35, 'Titre', 0, 0, 0, 0),
(1, 53, 37, 'Texte_article_2', 0, 0, 0, 0),
(1, 53, 38, 'Texte_article_1', 0, 0, 0, 0),
(1, 53, 39, 'Titre_SocialMedia', 0, 0, 0, 0),
(1, 53, 40, 'Texte_SocialMedia', 0, 0, 0, 0),
(1, 53, 41, 'Titre_Newsletter', 0, 0, 0, 0),
(1, 53, 44, 'Texte_Newsletter', 0, 0, 0, 0),
(1, 53, 45, 'Titre_Contact', 0, 0, 0, 0),
(1, 53, 48, 'Titre_News', 0, 0, 0, 0),
(1, 53, 49, 'image_Contact_1', 0, 0, 0, 0),
(1, 53, 50, 'Texte_Contact_1', 0, 0, 0, 0),
(1, 53, 51, 'image_Contact_2', 0, 0, 0, 0),
(1, 53, 52, 'Texte_Contact_2', 0, 0, 0, 0),
(1, 53, 53, 'image_Contact_3', 0, 0, 0, 0),
(1, 53, 54, 'Texte_Contact_3', 0, 0, 0, 0),
(1, 53, 55, 'Form_email_Newsletter', 0, 0, 0, 0),
(1, 53, 56, 'Form_Contact', 0, 0, 0, 0),
(1, 53, 64, 'news1', 0, 0, 0, 0),
(1, 53, 65, 'news2', 0, 0, 0, 0),
(1, 53, 66, 'news3', 0, 0, 0, 0),
(1, 53, 67, 'logo1', 0, 0, 0, 0),
(1, 53, 68, 'logo2', 0, 0, 0, 0),
(1, 53, 69, 'banniere', 0, 0, 0, 0),
(1, 53, 70, 'col1', 0, 0, 0, 0),
(1, 53, 71, 'col1', 1, 0, 0, 0),
(1, 53, 74, 'col2', 0, 0, 0, 0),
(1, 53, 78, 'col3', 0, 0, 0, 0),
(1, 53, 84, 'col2', 3, 0, 0, 0),
(1, 53, 85, 'col3', 3, 0, 0, 0),
(1, 53, 88, 'col2', 1, 0, 0, 0),
(1, 53, 89, 'col3', 1, 0, 0, 0),
(1, 53, 99, 'social', 1, 0, 0, 0),
(1, 53, 100, 'social', 2, 0, 0, 0),
(1, 53, 101, 'social : Layout 1 : Cell 1', 0, 0, 0, 0),
(1, 53, 102, 'social', 0, 0, 0, 0),
(1, 53, 103, 'social : Layout 1 : Cell 1', 1, 0, 0, 0),
(1, 53, 105, 'contact', 0, 0, 0, 0),
(1, 53, 107, 'contact', 1, 0, 0, 0),
(1, 53, 108, 'actualite : Layout 1 : Cell 1', 0, 0, 0, 0),
(1, 53, 126, 'actualite : Layout 2 : Cell 2', 0, 0, 0, 0),
(1, 53, 129, 'actualite : Layout 2 : Cell 2', 1, 0, 0, 0),
(1, 53, 130, 'actualite : Layout 2 : Cell 2', 2, 0, 0, 0),
(1, 53, 134, 'Menu', 0, 0, 0, 0),
(1, 53, 178, 'col1', 3, 0, 0, 0),
(1, 53, 179, 'col1', 2, 1, 0, 0),
(1, 53, 180, 'col2', 2, 1, 0, 0),
(1, 53, 181, 'col3', 2, 1, 0, 0),
(1, 53, 182, 'social : Layout 2 : Cell 1', 0, 1, 0, 0),
(1, 53, 183, 'social : Layout 2 : Cell 2', 0, 1, 0, 0),
(1, 53, 184, 'social : Layout 2 : Cell 3', 0, 1, 0, 0),
(1, 53, 185, 'social : Layout 2 : Cell 4', 0, 1, 0, 0),
(1, 53, 186, 'social : Layout 2 : Cell 5', 0, 1, 0, 0),
(1, 53, 187, 'actualite : Layout 2 : Cell 1', 0, 1, 0, 0),
(1, 53, 188, 'actualite : Layout 2 : Cell 1', 1, 1, 0, 0),
(1, 53, 189, 'actualite : Layout 2 : Cell 1', 2, 1, 0, 0),
(106, 1, 1, 'Header', 0, 1, 0, 0),
(106, 1, 2, 'Column 1', 0, 1, 0, 0),
(106, 1, 3, 'Column 2', 0, 1, 0, 0),
(106, 1, 4, 'Column 3', 0, 1, 0, 0),
(106, 1, 5, 'Column 4', 0, 1, 0, 0),
(107, 1, 6, 'Primary', 0, 1, 0, 0),
(107, 1, 7, 'Primary', 1, 1, 0, 0),
(107, 1, 8, 'Secondary 1', 0, 1, 0, 0),
(107, 1, 9, 'Secondary 2', 0, 1, 0, 0),
(107, 1, 10, 'Secondary 3', 0, 1, 0, 0),
(107, 1, 11, 'Secondary 4', 0, 1, 0, 0),
(107, 1, 12, 'Secondary 5', 0, 1, 0, 0),
(126, 3, 135, 'Menu', 0, 1, 0, 0),
(126, 4, 135, 'Menu', 0, 0, 0, 0),
(126, 5, 135, 'Menu', 0, 0, 0, 0),
(126, 6, 135, 'Menu', 0, 0, 0, 0),
(126, 7, 135, 'Menu', 0, 0, 0, 0),
(126, 8, 135, 'Menu', 0, 0, 0, 0),
(126, 9, 135, 'Menu', 0, 0, 0, 0),
(126, 9, 139, 'contenu', 0, 1, 0, 0),
(126, 10, 135, 'Menu', 0, 0, 0, 0),
(126, 10, 140, 'contenu', 0, 1, 0, 0),
(126, 11, 135, 'Menu', 0, 0, 0, 0),
(126, 11, 141, 'contenu', 0, 1, 0, 0),
(126, 12, 135, 'Menu', 0, 0, 0, 0),
(126, 12, 141, 'contenu', 0, 0, 0, 0),
(126, 13, 135, 'Menu', 0, 0, 0, 0),
(126, 13, 142, 'contenu', 0, 1, 0, 0),
(126, 14, 135, 'Menu', 0, 0, 0, 0),
(126, 14, 142, 'contenu', 0, 0, 0, 0),
(126, 15, 135, 'Menu', 0, 0, 0, 0),
(126, 15, 143, 'contenu', 0, 1, 0, 0),
(126, 16, 135, 'Menu', 0, 0, 0, 0),
(126, 16, 143, 'contenu', 0, 0, 0, 0),
(126, 17, 135, 'Menu', 0, 0, 0, 0),
(126, 17, 144, 'contenu', 0, 1, 0, 0),
(126, 18, 135, 'Menu', 0, 0, 0, 0),
(126, 18, 144, 'contenu : Layout 1 : Cell 1', 0, 0, 0, 0),
(126, 18, 145, 'contenu : Layout 2 : Cell 1', 0, 1, 0, 0),
(126, 18, 146, 'contenu : Layout 2 : Cell 2', 0, 1, 0, 0),
(126, 18, 147, 'contenu : Layout 2 : Cell 3', 0, 1, 0, 0),
(126, 18, 148, 'contenu : Layout 2 : Cell 4', 0, 1, 0, 0),
(126, 18, 149, 'contenu : Layout 2 : Cell 5', 0, 1, 0, 0),
(126, 18, 150, 'contenu : Layout 2 : Cell 6', 0, 1, 0, 0),
(126, 19, 135, 'Menu', 0, 0, 0, 0),
(126, 19, 144, 'contenu : Layout 1 : Cell 1', 0, 0, 0, 0),
(126, 19, 145, 'contenu : Layout 2 : Cell 1', 0, 0, 0, 0),
(126, 19, 146, 'contenu : Layout 2 : Cell 2', 0, 0, 0, 0),
(126, 19, 147, 'contenu : Layout 2 : Cell 3', 0, 0, 0, 0),
(126, 19, 148, 'contenu : Layout 2 : Cell 4', 0, 0, 0, 0),
(126, 19, 149, 'contenu : Layout 2 : Cell 5', 0, 0, 0, 0),
(126, 19, 150, 'contenu : Layout 2 : Cell 6', 0, 0, 0, 0),
(126, 20, 135, 'Menu', 0, 0, 0, 0),
(126, 20, 144, 'contenu : Layout 1 : Cell 1', 0, 0, 0, 0),
(126, 20, 145, 'contenu : Layout 2 : Cell 1', 0, 0, 0, 0),
(126, 20, 146, 'contenu : Layout 2 : Cell 2', 0, 0, 0, 0),
(126, 20, 147, 'contenu : Layout 2 : Cell 3', 0, 0, 0, 0),
(126, 20, 148, 'contenu : Layout 2 : Cell 4', 0, 0, 0, 0),
(126, 20, 150, 'contenu : Layout 2 : Cell 6', 0, 0, 0, 0),
(126, 20, 151, 'contenu : Layout 2 : Cell 5', 0, 1, 0, 0),
(126, 21, 135, 'Menu', 0, 0, 0, 0),
(126, 21, 145, 'contenu : Layout 2 : Cell 1', 0, 0, 0, 0),
(126, 21, 146, 'contenu : Layout 2 : Cell 2', 0, 0, 0, 0),
(126, 21, 147, 'contenu : Layout 2 : Cell 3', 0, 0, 0, 0),
(126, 21, 148, 'contenu : Layout 2 : Cell 4', 0, 0, 0, 0),
(126, 21, 150, 'contenu : Layout 2 : Cell 6', 0, 0, 0, 0),
(126, 21, 151, 'contenu : Layout 2 : Cell 5', 0, 0, 0, 0),
(126, 21, 152, 'contenu : Layout 1 : Cell 1', 0, 1, 0, 0),
(126, 22, 135, 'Menu', 0, 0, 0, 0),
(126, 22, 145, 'contenu : Layout 2 : Cell 1', 0, 0, 0, 0),
(126, 22, 146, 'contenu : Layout 2 : Cell 2', 0, 0, 0, 0),
(126, 22, 147, 'contenu : Layout 2 : Cell 3', 0, 0, 0, 0),
(126, 22, 150, 'contenu : Layout 2 : Cell 6', 0, 0, 0, 0),
(126, 22, 152, 'contenu : Layout 1 : Cell 1', 0, 0, 0, 0),
(126, 22, 153, 'contenu : Layout 2 : Cell 5', 0, 1, 0, 0),
(126, 22, 154, 'contenu : Layout 2 : Cell 4', 0, 1, 0, 0),
(126, 23, 135, 'Menu', 0, 0, 0, 0),
(126, 23, 145, 'contenu : Layout 2 : Cell 1', 0, 0, 0, 0),
(126, 23, 146, 'contenu : Layout 2 : Cell 2', 0, 0, 0, 0),
(126, 23, 147, 'contenu : Layout 2 : Cell 3', 0, 0, 0, 0),
(126, 23, 152, 'contenu : Layout 1 : Cell 1', 0, 0, 0, 0),
(126, 23, 154, 'contenu : Layout 2 : Cell 4', 0, 0, 0, 0),
(126, 23, 155, 'contenu : Layout 2 : Cell 5', 0, 1, 0, 0),
(126, 23, 156, 'contenu : Layout 2 : Cell 6', 0, 1, 0, 0),
(126, 24, 135, 'Menu', 0, 0, 0, 0),
(126, 24, 145, 'contenu : Layout 2 : Cell 1', 0, 0, 0, 0),
(126, 24, 146, 'contenu : Layout 2 : Cell 2', 0, 0, 0, 0),
(126, 24, 147, 'contenu : Layout 2 : Cell 3', 0, 0, 0, 0),
(126, 24, 152, 'contenu : Layout 1 : Cell 1', 0, 0, 0, 0),
(126, 24, 154, 'contenu : Layout 2 : Cell 4', 0, 0, 0, 0),
(126, 24, 155, 'contenu : Layout 2 : Cell 5', 0, 0, 0, 0),
(126, 24, 156, 'contenu : Layout 2 : Cell 6', 0, 0, 0, 0),
(126, 25, 135, 'Menu', 0, 0, 0, 0),
(126, 25, 145, 'contenu : Layout 2 : Cell 1', 0, 0, 0, 0),
(126, 25, 146, 'contenu : Layout 2 : Cell 2', 0, 0, 0, 0),
(126, 25, 147, 'contenu : Layout 2 : Cell 3', 0, 0, 0, 0),
(126, 25, 154, 'contenu : Layout 2 : Cell 4', 0, 0, 0, 0),
(126, 25, 155, 'contenu : Layout 2 : Cell 5', 0, 0, 0, 0),
(126, 25, 156, 'contenu : Layout 2 : Cell 6', 0, 0, 0, 0),
(126, 25, 157, 'contenu : Layout 1 : Cell 1', 0, 1, 0, 0),
(126, 26, 135, 'Menu', 0, 0, 0, 0),
(126, 26, 145, 'contenu : Layout 2 : Cell 1', 0, 0, 0, 0),
(126, 26, 146, 'contenu : Layout 2 : Cell 2', 0, 0, 0, 0),
(126, 26, 147, 'contenu : Layout 2 : Cell 3', 0, 0, 0, 0),
(126, 26, 154, 'contenu : Layout 2 : Cell 4', 0, 0, 0, 0),
(126, 26, 156, 'contenu : Layout 2 : Cell 6', 0, 0, 0, 0),
(126, 26, 157, 'contenu : Layout 1 : Cell 1', 0, 0, 0, 0),
(126, 26, 158, 'contenu : Layout 2 : Cell 5', 0, 1, 0, 0),
(126, 27, 135, 'Menu', 0, 0, 0, 0),
(126, 27, 145, 'contenu : Layout 2 : Cell 1', 0, 0, 0, 0),
(126, 27, 146, 'contenu : Layout 2 : Cell 2', 0, 0, 0, 0),
(126, 27, 147, 'contenu : Layout 2 : Cell 3', 0, 0, 0, 0),
(126, 27, 154, 'contenu : Layout 2 : Cell 4', 0, 0, 0, 0),
(126, 27, 157, 'contenu : Layout 1 : Cell 1', 0, 0, 0, 0),
(126, 27, 159, 'contenu : Layout 2 : Cell 6', 0, 1, 0, 0),
(126, 27, 160, 'contenu : Layout 2 : Cell 5', 0, 1, 0, 0),
(126, 28, 135, 'Menu', 0, 0, 0, 0),
(126, 28, 145, 'contenu : Layout 2 : Cell 1', 0, 0, 0, 0),
(126, 28, 146, 'contenu : Layout 2 : Cell 2', 0, 0, 0, 0),
(126, 28, 147, 'contenu : Layout 2 : Cell 3', 0, 0, 0, 0),
(126, 28, 154, 'contenu : Layout 2 : Cell 4', 0, 0, 0, 0),
(126, 28, 159, 'contenu : Layout 2 : Cell 6', 0, 0, 0, 0),
(126, 28, 160, 'contenu : Layout 2 : Cell 5', 0, 0, 0, 0),
(126, 28, 161, 'contenu : Layout 1 : Cell 1', 0, 1, 0, 0),
(126, 29, 135, 'Menu', 0, 0, 0, 0),
(126, 29, 145, 'contenu : Layout 2 : Cell 1', 0, 0, 0, 0),
(126, 29, 146, 'contenu : Layout 2 : Cell 2', 0, 0, 0, 0),
(126, 29, 147, 'contenu : Layout 2 : Cell 3', 0, 0, 0, 0),
(126, 29, 154, 'contenu : Layout 2 : Cell 4', 0, 0, 0, 0),
(126, 29, 159, 'contenu : Layout 2 : Cell 6', 0, 0, 0, 0),
(126, 29, 160, 'contenu : Layout 2 : Cell 5', 0, 0, 0, 0),
(126, 29, 161, 'contenu : Layout 1 : Cell 1', 1, 0, 0, 0),
(126, 29, 174, 'contenu : Layout 1 : Cell 1', 0, 1, 0, 0),
(126, 30, 135, 'Menu', 0, 0, 0, 0),
(126, 30, 145, 'contenu : Layout 2 : Cell 1', 0, 0, 0, 0),
(126, 30, 146, 'contenu : Layout 2 : Cell 2', 0, 0, 0, 0),
(126, 30, 147, 'contenu : Layout 2 : Cell 3', 0, 0, 0, 0),
(126, 30, 154, 'contenu : Layout 2 : Cell 4', 0, 0, 0, 0),
(126, 30, 159, 'contenu : Layout 2 : Cell 6', 0, 0, 0, 0),
(126, 30, 160, 'contenu : Layout 2 : Cell 5', 0, 0, 0, 0),
(126, 30, 175, 'contenu : Layout 1 : Cell 1', 1, 1, 0, 0),
(126, 30, 176, 'contenu : Layout 1 : Cell 1', 0, 1, 0, 0),
(126, 31, 135, 'Menu', 0, 0, 0, 0),
(126, 31, 145, 'contenu : Layout 2 : Cell 1', 0, 0, 0, 0),
(126, 31, 146, 'contenu : Layout 2 : Cell 2', 0, 0, 0, 0),
(126, 31, 147, 'contenu : Layout 2 : Cell 3', 0, 0, 0, 0),
(126, 31, 154, 'contenu : Layout 2 : Cell 4', 0, 0, 0, 0),
(126, 31, 159, 'contenu : Layout 2 : Cell 6', 0, 0, 0, 0),
(126, 31, 160, 'contenu : Layout 2 : Cell 5', 0, 0, 0, 0),
(126, 31, 175, 'contenu : Layout 1 : Cell 1', 1, 0, 0, 0),
(126, 31, 176, 'contenu : Layout 1 : Cell 1', 0, 0, 0, 0),
(126, 32, 135, 'Menu', 0, 0, 0, 0),
(126, 32, 145, 'contenu : Layout 2 : Cell 1', 0, 0, 0, 0),
(126, 32, 146, 'contenu : Layout 2 : Cell 2', 0, 0, 0, 0),
(126, 32, 147, 'contenu : Layout 2 : Cell 3', 0, 0, 0, 0),
(126, 32, 154, 'contenu : Layout 2 : Cell 4', 0, 0, 0, 0),
(126, 32, 159, 'contenu : Layout 2 : Cell 6', 0, 0, 0, 0),
(126, 32, 160, 'contenu : Layout 2 : Cell 5', 0, 0, 0, 0),
(126, 32, 175, 'contenu : Layout 1 : Cell 1', 1, 0, 0, 0),
(126, 32, 176, 'contenu : Layout 1 : Cell 1', 0, 0, 0, 0),
(126, 33, 135, 'Menu', 0, 0, 0, 0),
(126, 33, 145, 'contenu : Layout 2 : Cell 1', 0, 0, 0, 0),
(126, 33, 146, 'contenu : Layout 2 : Cell 2', 0, 0, 0, 0),
(126, 33, 147, 'contenu : Layout 2 : Cell 3', 0, 0, 0, 0),
(126, 33, 154, 'contenu : Layout 2 : Cell 4', 0, 0, 0, 0),
(126, 33, 159, 'contenu : Layout 2 : Cell 6', 0, 0, 0, 0),
(126, 33, 160, 'contenu : Layout 2 : Cell 5', 0, 0, 0, 0),
(126, 33, 175, 'contenu : Layout 1 : Cell 1', 1, 0, 0, 0),
(126, 33, 176, 'contenu : Layout 1 : Cell 1', 0, 0, 0, 0),
(126, 34, 135, 'Menu', 0, 0, 0, 0),
(126, 34, 154, 'contenu : Layout 2 : Cell 4', 0, 0, 0, 0),
(126, 34, 159, 'contenu : Layout 2 : Cell 6', 0, 0, 0, 0),
(126, 34, 160, 'contenu : Layout 2 : Cell 5', 0, 0, 0, 0),
(126, 34, 175, 'contenu : Layout 1 : Cell 1', 1, 0, 0, 0),
(126, 34, 176, 'contenu : Layout 1 : Cell 1', 0, 0, 0, 0),
(126, 34, 190, 'contenu : Layout 2 : Cell 1', 0, 1, 0, 0),
(126, 34, 191, 'contenu : Layout 2 : Cell 2', 0, 1, 0, 0),
(126, 34, 192, 'contenu : Layout 2 : Cell 3', 0, 1, 0, 0),
(127, 3, 136, 'Menu', 0, 1, 0, 0),
(127, 4, 136, 'Menu', 0, 0, 0, 0),
(127, 4, 162, 'contenu', 0, 1, 0, 0),
(127, 5, 136, 'Menu', 0, 0, 0, 0),
(127, 5, 162, 'contenu', 1, 0, 0, 0),
(127, 5, 173, 'contenu', 0, 1, 0, 0),
(127, 6, 136, 'Menu', 0, 0, 0, 0),
(127, 6, 162, 'contenu', 1, 0, 0, 0),
(127, 6, 173, 'contenu', 0, 0, 0, 0),
(127, 7, 136, 'Menu', 0, 0, 0, 0),
(127, 7, 173, 'contenu', 0, 0, 0, 0),
(127, 7, 177, 'contenu', 1, 1, 0, 0),
(128, 2, 137, 'Menu', 0, 1, 0, 0),
(128, 3, 137, 'Menu', 0, 0, 0, 0),
(128, 3, 163, 'contenu', 0, 1, 0, 0),
(128, 4, 137, 'Menu', 0, 0, 0, 0),
(128, 4, 163, 'contenu', 1, 0, 0, 0),
(128, 4, 164, 'contenu', 0, 1, 0, 0),
(128, 5, 137, 'Menu', 0, 0, 0, 0),
(128, 5, 163, 'contenu', 1, 0, 0, 0),
(128, 5, 164, 'contenu', 0, 0, 0, 0),
(128, 6, 137, 'Menu', 0, 0, 0, 0),
(128, 6, 165, 'contenu', 0, 1, 0, 0),
(128, 6, 166, 'contenu', 1, 1, 0, 0),
(129, 2, 138, 'Menu', 0, 1, 0, 0),
(129, 3, 138, 'Menu', 0, 0, 0, 0),
(129, 3, 167, 'contenu', 0, 1, 0, 0),
(129, 4, 138, 'Menu', 0, 0, 0, 0),
(129, 4, 168, 'contenu', 0, 1, 0, 0),
(129, 5, 138, 'Menu', 0, 0, 0, 0),
(129, 5, 169, 'contenu', 0, 1, 0, 0),
(129, 6, 138, 'Menu', 0, 0, 0, 0),
(129, 6, 170, 'contenu', 0, 1, 0, 0),
(129, 7, 138, 'Menu', 0, 0, 0, 0),
(129, 7, 170, 'contenu', 1, 0, 0, 0),
(129, 7, 171, 'contenu', 0, 1, 0, 0),
(129, 8, 138, 'Menu', 0, 0, 0, 0),
(129, 8, 171, 'contenu', 0, 0, 0, 0),
(129, 8, 172, 'contenu', 1, 1, 0, 0);

-- --------------------------------------------------------

--
-- Structure de la table `CollectionVersionBlocksOutputCache`
--

CREATE TABLE IF NOT EXISTS `CollectionVersionBlocksOutputCache` (
  `cID` int(10) unsigned NOT NULL DEFAULT '0',
  `cvID` int(10) unsigned NOT NULL DEFAULT '1',
  `bID` int(10) unsigned NOT NULL DEFAULT '0',
  `arHandle` varchar(255) NOT NULL,
  `btCachedBlockOutput` longtext,
  `btCachedBlockOutputExpires` int(10) unsigned NOT NULL DEFAULT '0',
  PRIMARY KEY (`cID`,`cvID`,`bID`,`arHandle`)
) ENGINE=InnoDB DEFAULT CHARSET=utf8;

--
-- Contenu de la table `CollectionVersionBlocksOutputCache`
--

INSERT INTO `CollectionVersionBlocksOutputCache` (`cID`, `cvID`, `bID`, `arHandle`, `btCachedBlockOutput`, `btCachedBlockOutputExpires`) VALUES
(1, 2, 13, 'Ma zone', '\n<script type="text/javascript">\n//<![CDATA[\nvar ccmSlideShowHelper13 = {\n\n	bID:13,\n	imgNum:0,\n	\n	init:function(){\n		this.displayWrap=$(''#ccm-SlideshowBlock-display''+this.bID); \n		if(this.imgInfos.length==0){\n			//alert(''There are no images in this slideshow'');\n			return false;\n		}\n		var maxHeight=0;\n		for(var i=0;i<this.imgInfos.length;i++){\n			this.addImg(i);\n			if(maxHeight==0 || this.imgInfos[i].imgHeight > maxHeight)\n				maxHeight=this.imgInfos[i].imgHeight;\n		}\n		this.displayWrap.css(''height'',maxHeight);\n\n		\n		//center images\n		for(var i=0;i<this.imgInfos.length;i++){ \n			if( this.imgInfos[i].imgHeight < maxHeight){\n				var t=((maxHeight - this.imgInfos[i].imgHeight)/2);\n				this.imgEls[i].css(''top'',t);\n			}\n		}\n		this.nextImg();\n	}, \n	nextImg:function(){ \n		if(this.imgNum>=this.imgInfos.length) this.imgNum=0;  \n		this.imgEls[this.imgNum].css(''opacity'',0);\n		this.imgEls[this.imgNum].css(''display'',''block'');\n		this.imgEls[this.imgNum].animate({opacity:1},\n			this.imgInfos[this.imgNum].fadeDuration*1000,'''',function(){ccmSlideShowHelper13.preparefadeOut()});\n		var prevNum=this.imgNum-1;\n		if(prevNum<0) prevNum=this.imgInfos.length-1;\n		if(this.imgInfos.length==1) return;\n		this.imgEls[prevNum].animate({opacity:0},this.imgInfos[this.imgNum].fadeDuration*800,function(){this.style.zIndex=1;});			\n	},\n	preparefadeOut:function(){\n		if(this.imgInfos.length==1) return;\n		var milisecDuration=parseInt(this.imgInfos[this.imgNum].duration)*1000;\n		this.imgEls[this.imgNum].css(''z-index'',2);\n		setTimeout(''ccmSlideShowHelper''+13+''.nextImg();'',milisecDuration);\n		this.imgNum++;\n	},\n	maxHeight:0,\n	imgEls:[],\n	addImg:function(num){\n		var el=document.createElement(''div'');\n		el.id="slideImgWrap"+num;\n		el.className="slideImgWrap"; \n		if(this.imgInfos[num].fullFilePath.length>0)\n			 imgURL=this.imgInfos[num].fullFilePath;\n		else imgURL=''/concrete5.6.3.2/files/''+this.imgInfos[num].fileName; \n		//el.innerHTML=''<img src="''+imgURL+''" >'';\n		el.innerHTML=''<div style="height:''+this.imgInfos[num].imgHeight+''px; background:url(\\''''+escape(imgURL)+''\\'') center no-repeat">&nbsp;</div>'';\n		//alert(imgURL);\n		if(this.imgInfos[num].url.length>0) {\n			//el.linkURL=this.imgInfos[num].url;\n			var clickEvent=''onclick="return ccmSlideShowHelper13.imgClick( this.href  );"'';\n			el.innerHTML=''<a href="''+this.imgInfos[num].url+''" ''+clickEvent+'' >''+el.innerHTML+''</a>'';			\n		}\n		el.style.display=''none'';\n		this.displayWrap.append(el);\n		var jqEl=$(el);\n		this.imgEls.push(jqEl);\n	},\n	imgClick:function(linkURL){\n		//override for custom behavior\n	},\n	imgInfos:[\n		]\n}\n$(function(){ccmSlideShowHelper13.init();}); \n//]]>\n</script>\n\n<div id="ccm-SlideshowBlock-display13" style="height:px" class="ccm-SlideshowBlock-display">\n<div id="ccm-SlideshowBlock-heightSetter13" class="ccm-SlideshowBlock-heightSetter"></div>\n<div class="ccm-SlideshowBlock-clear" ></div>\n</div>\n', 1578935235),
(1, 2, 14, 'Ma zone', '<img border="0" class="ccm-image-block" alt="bannière" src="/concrete5.6.3.2/files/6814/2116/8707/banniere.png" width="938" height="339" />', 1578935790),
(1, 3, 14, 'Ma zone', '<img border="0" class="ccm-image-block" alt="bannière" src="/concrete5.6.3.2/files/6814/2116/8707/banniere.png" width="938" height="339" />', 1578935946),
(1, 4, 14, 'Ma zone', '<img border="0" class="ccm-image-block" alt="bannière" src="/concrete5.6.3.2/files/6814/2116/8707/banniere.png" width="938" height="339" />', 1579533440),
(1, 5, 14, 'Ma zone', '<img border="0" class="ccm-image-block" alt="bannière" src="/concrete5.6.3.2/files/6814/2116/8707/banniere.png" width="938" height="339" />', 1579535593),
(1, 5, 15, 'Titre', '\n<div id="HTMLBlock15" class="HTMLBlock">\nLorem ipsum dolor sit amet, consectetur adipiscing</div>', 1579535582),
(1, 6, 14, 'Ma zone', '<img border="0" class="ccm-image-block" alt="bannière" src="/concrete5.6.3.2/files/6814/2116/8707/banniere.png" width="938" height="339" />', 1579536062),
(1, 6, 15, 'Titre', '\n<div id="HTMLBlock15" class="HTMLBlock">\nLorem ipsum dolor sit amet, consectetur adipiscing</div>', 1579536062),
(1, 6, 16, 'Titre_article_1', '\n<div id="HTMLBlock16" class="HTMLBlock">\nPerfect Logic</div>', 1579535950),
(1, 6, 17, 'Sous_titre_article_1', '\n<div id="HTMLBlock17" class="HTMLBlock">\nAll you want your website do</div>', 1579535963),
(1, 6, 18, 'Image_article_1', '<img border="0" class="ccm-image-block" alt="" src="/concrete5.6.3.2/files/7614/2176/9617/ImgArticle1.png" width="298" height="189" />', 1579536034),
(1, 6, 19, 'Texte_article_1', '\n<div id="HTMLBlock19" class="HTMLBlock">\nLorem ipsum dolor sit amet, consectetur adipiscing elit. Phasellus sed lacinia odio. Nulla vehicula velit maximus odio euismod, ac sodales erat condimentum.</div>', 1579536057),
(1, 7, 14, 'Ma zone', '<img border="0" class="ccm-image-block" alt="bannière" src="/concrete5.6.3.2/files/6814/2116/8707/banniere.png" width="938" height="339" />', 1579536113),
(1, 7, 15, 'Titre', '\n<div id="HTMLBlock15" class="HTMLBlock">\nLorem ipsum dolor sit amet, consectetur adipiscing</div>', 1579536114),
(1, 7, 16, 'Titre_article_1', '\n<div id="HTMLBlock16" class="HTMLBlock">\nPerfect Logic</div>', 1579536114),
(1, 7, 17, 'Sous_titre_article_1', '\n<div id="HTMLBlock17" class="HTMLBlock">\nAll you want your website do</div>', 1579536114),
(1, 7, 18, 'Image_article_1', '<img border="0" class="ccm-image-block" alt="" src="/concrete5.6.3.2/files/7614/2176/9617/ImgArticle1.png" width="298" height="189" />', 1579536114),
(1, 7, 19, 'Texte_article_1', '\n<div id="HTMLBlock19" class="HTMLBlock">\nLorem ipsum dolor sit amet, consectetur adipiscing elit. Phasellus sed lacinia odio. Nulla vehicula velit maximus odio euismod, ac sodales erat condimentum.</div>', 1579536114),
(1, 8, 14, 'Ma zone', '<img border="0" class="ccm-image-block" alt="bannière" src="/concrete5.6.3.2/files/6814/2116/8707/banniere.png" width="938" height="339" />', 1579536375),
(1, 8, 15, 'Titre', '\n<div id="HTMLBlock15" class="HTMLBlock">\nLorem ipsum dolor sit amet, consectetur adipiscing</div>', 1579536375),
(1, 8, 16, 'Titre_article_1', '\n<div id="HTMLBlock16" class="HTMLBlock">\nPerfect Logic</div>', 1579536375),
(1, 8, 17, 'Sous_titre_article_1', '\n<div id="HTMLBlock17" class="HTMLBlock">\nAll you want your website do</div>', 1579536375),
(1, 8, 18, 'Image_article_1', '<img border="0" class="ccm-image-block" alt="" src="/concrete5.6.3.2/files/7614/2176/9617/ImgArticle1.png" width="298" height="189" />', 1579536375),
(1, 8, 19, 'Texte_article_1', '\n<div id="HTMLBlock19" class="HTMLBlock">\nLorem ipsum dolor sit amet, consectetur adipiscing elit. Phasellus sed lacinia odio. Nulla vehicula velit maximus odio euismod, ac sodales erat condimentum.</div>', 1579536375),
(1, 8, 20, 'Titre_article_2', '\n<div id="HTMLBlock20" class="HTMLBlock">\nComplete Solution</div>', 1579536220),
(1, 8, 21, 'Sous_titre_article_2', '\n<div id="HTMLBlock21" class="HTMLBlock">\nA tool anything and everything you can think</div>', 1579536233),
(1, 8, 22, 'Image_article_2', '<img border="0" class="ccm-image-block" alt="" src="/concrete5.6.3.2/files/1814/2176/9849/ImgArticle2.png" width="298" height="193" />', 1579536259),
(1, 8, 23, 'Texte_article_2', '\n<div id="HTMLBlock23" class="HTMLBlock">\nLorem ipsum dolor sit amet, consectetur adipiscing elit. Phasellus sed lacinia odio. Nulla vehicula velit maximus odio euismod, ac sodales erat condimentum.</div>', 1579536276),
(1, 8, 24, 'Titre_article_3', '\n<div id="HTMLBlock24" class="HTMLBlock">\nUber Culture</div>', 1579536328),
(1, 8, 25, 'Sous_titre_article_3', '\n<div id="HTMLBlock25" class="HTMLBlock">\nFresh, Modern and ready to the future</div>', 1579536308),
(1, 8, 26, 'Image_article_3', '<img border="0" class="ccm-image-block" alt="" src="/concrete5.6.3.2/files/8714/2176/9948/ImgArticle3.png" width="298" height="193" />', 1579536357),
(1, 8, 27, 'Texte_article_3', '\n<div id="HTMLBlock27" class="HTMLBlock">\nLorem ipsum dolor sit amet, consectetur adipiscing elit. Phasellus sed lacinia odio. Nulla vehicula velit maximus odio euismod, ac sodales erat condimentum.</div>', 1579536371),
(1, 9, 14, 'Ma zone', '<img border="0" class="ccm-image-block" alt="bannière" src="/concrete5.6.3.2/files/6814/2116/8707/banniere.png" width="938" height="339" />', 1579536438),
(1, 9, 15, 'Titre', '\n<div id="HTMLBlock15" class="HTMLBlock">\nLorem ipsum dolor sit amet, consectetur adipiscing</div>', 1579536438),
(1, 9, 16, 'Titre_article_1', '\n<div id="HTMLBlock16" class="HTMLBlock">\nPerfect Logic</div>', 1579536438),
(1, 9, 17, 'Sous_titre_article_1', '\n<div id="HTMLBlock17" class="HTMLBlock">\nAll you want your website do</div>', 1579536438),
(1, 9, 18, 'Image_article_1', '<img border="0" class="ccm-image-block" alt="" src="/concrete5.6.3.2/files/7614/2176/9617/ImgArticle1.png" width="298" height="189" />', 1579536438),
(1, 9, 19, 'Texte_article_1', '\n<div id="HTMLBlock19" class="HTMLBlock">\nLorem ipsum dolor sit amet, consectetur adipiscing elit. Phasellus sed lacinia odio. Nulla vehicula velit maximus odio euismod, ac sodales erat condimentum.</div>', 1579536438),
(1, 9, 20, 'Titre_article_2', '\n<div id="HTMLBlock20" class="HTMLBlock">\nComplete Solution</div>', 1579536438),
(1, 9, 21, 'Sous_titre_article_2', '\n<div id="HTMLBlock21" class="HTMLBlock">\nA tool anything and everything you can think</div>', 1579536439),
(1, 9, 22, 'Image_article_2', '<img border="0" class="ccm-image-block" alt="" src="/concrete5.6.3.2/files/1814/2176/9849/ImgArticle2.png" width="298" height="193" />', 1579536439),
(1, 9, 23, 'Texte_article_2', '\n<div id="HTMLBlock23" class="HTMLBlock">\nLorem ipsum dolor sit amet, consectetur adipiscing elit. Phasellus sed lacinia odio. Nulla vehicula velit maximus odio euismod, ac sodales erat condimentum.</div>', 1579536439),
(1, 9, 24, 'Titre_article_3', '\n<div id="HTMLBlock24" class="HTMLBlock">\nUber Culture</div>', 1579536439),
(1, 9, 25, 'Sous_titre_article_3', '\n<div id="HTMLBlock25" class="HTMLBlock">\nFresh, Modern and ready to the future</div>', 1579536439),
(1, 9, 26, 'Image_article_3', '<img border="0" class="ccm-image-block" alt="" src="/concrete5.6.3.2/files/8714/2176/9948/ImgArticle3.png" width="298" height="193" />', 1579536439),
(1, 9, 27, 'Texte_article_3', '\n<div id="HTMLBlock27" class="HTMLBlock">\nLorem ipsum dolor sit amet, consectetur adipiscing elit. Phasellus sed lacinia odio. Nulla vehicula velit maximus odio euismod, ac sodales erat condimentum.</div>', 1579536439),
(1, 9, 28, 'Image_article_3', '<img border="0" class="ccm-image-block" alt="" src="/concrete5.6.3.2/files/8714/2176/9948/ImgArticle3.png" width="298" height="193" />', 1579536447),
(1, 10, 14, 'Ma zone', '<img border="0" class="ccm-image-block" alt="bannière" src="/concrete5.6.3.2/files/6814/2116/8707/banniere.png" width="938" height="339" />', 1579536495),
(1, 10, 15, 'Titre', '\n<div id="HTMLBlock15" class="HTMLBlock">\nLorem ipsum dolor sit amet, consectetur adipiscing</div>', 1579536495),
(1, 10, 16, 'Titre_article_1', '\n<div id="HTMLBlock16" class="HTMLBlock">\nPerfect Logic</div>', 1579536495),
(1, 10, 17, 'Sous_titre_article_1', '\n<div id="HTMLBlock17" class="HTMLBlock">\nAll you want your website do</div>', 1579536495),
(1, 10, 18, 'Image_article_1', '<img border="0" class="ccm-image-block" alt="" src="/concrete5.6.3.2/files/7614/2176/9617/ImgArticle1.png" width="298" height="189" />', 1579536495),
(1, 10, 20, 'Titre_article_2', '\n<div id="HTMLBlock20" class="HTMLBlock">\nComplete Solution</div>', 1579536495),
(1, 10, 21, 'Sous_titre_article_2', '\n<div id="HTMLBlock21" class="HTMLBlock">\nA tool anything and everything you can think</div>', 1579536495),
(1, 10, 22, 'Image_article_2', '<img border="0" class="ccm-image-block" alt="" src="/concrete5.6.3.2/files/1814/2176/9849/ImgArticle2.png" width="298" height="193" />', 1579536495),
(1, 10, 23, 'Texte_article_2', '\n<div id="HTMLBlock23" class="HTMLBlock">\nLorem ipsum dolor sit amet, consectetur adipiscing elit. Phasellus sed lacinia odio. Nulla vehicula velit maximus odio euismod, ac sodales erat condimentum.</div>', 1579536495),
(1, 10, 24, 'Titre_article_3', '\n<div id="HTMLBlock24" class="HTMLBlock">\nUber Culture</div>', 1579536495),
(1, 10, 25, 'Sous_titre_article_3', '\n<div id="HTMLBlock25" class="HTMLBlock">\nFresh, Modern and ready to the future</div>', 1579536495),
(1, 10, 27, 'Texte_article_3', '\n<div id="HTMLBlock27" class="HTMLBlock">\nLorem ipsum dolor sit amet, consectetur adipiscing elit. Phasellus sed lacinia odio. Nulla vehicula velit maximus odio euismod, ac sodales erat condimentum.</div>', 1579536495),
(1, 10, 28, 'Image_article_3', '<img border="0" class="ccm-image-block" alt="" src="/concrete5.6.3.2/files/8714/2176/9948/ImgArticle3.png" width="298" height="193" />', 1579536495),
(1, 10, 29, 'Texte_article_1', '\n<div id="HTMLBlock29" class="HTMLBlock">\nLorem ipsum dolor sit amet, consectetur adipiscing elit. Phasellus sed lacinia odio. Nulla vehicula velit maximus odio euismod, ac sodales erat condimentum.</div>', 1579536495),
(1, 11, 14, 'Ma zone', '<img border="0" class="ccm-image-block" alt="bannière" src="/concrete5.6.3.2/files/6814/2116/8707/banniere.png" width="938" height="339" />', 1579536593),
(1, 11, 15, 'Titre', '\n<div id="HTMLBlock15" class="HTMLBlock">\nLorem ipsum dolor sit amet, consectetur adipiscing</div>', 1579536593),
(1, 11, 16, 'Titre_article_1', '\n<div id="HTMLBlock16" class="HTMLBlock">\nPerfect Logic</div>', 1579536593),
(1, 11, 17, 'Sous_titre_article_1', '\n<div id="HTMLBlock17" class="HTMLBlock">\nAll you want your website do</div>', 1579536593),
(1, 11, 18, 'Image_article_1', '<img border="0" class="ccm-image-block" alt="" src="/concrete5.6.3.2/files/7614/2176/9617/ImgArticle1.png" width="298" height="189" />', 1579536593),
(1, 11, 20, 'Titre_article_2', '\n<div id="HTMLBlock20" class="HTMLBlock">\nComplete Solution</div>', 1579536593),
(1, 11, 21, 'Sous_titre_article_2', '\n<div id="HTMLBlock21" class="HTMLBlock">\nA tool anything and everything you can think</div>', 1579536593),
(1, 11, 22, 'Image_article_2', '<img border="0" class="ccm-image-block" alt="" src="/concrete5.6.3.2/files/1814/2176/9849/ImgArticle2.png" width="298" height="193" />', 1579536593),
(1, 11, 24, 'Titre_article_3', '\n<div id="HTMLBlock24" class="HTMLBlock">\nUber Culture</div>', 1579536593),
(1, 11, 25, 'Sous_titre_article_3', '\n<div id="HTMLBlock25" class="HTMLBlock">\nFresh, Modern and ready to the future</div>', 1579536593),
(1, 11, 27, 'Texte_article_3', '\n<div id="HTMLBlock27" class="HTMLBlock">\nLorem ipsum dolor sit amet, consectetur adipiscing elit. Phasellus sed lacinia odio. Nulla vehicula velit maximus odio euismod, ac sodales erat condimentum.</div>', 1579536593),
(1, 11, 28, 'Image_article_3', '<img border="0" class="ccm-image-block" alt="" src="/concrete5.6.3.2/files/8714/2176/9948/ImgArticle3.png" width="298" height="193" />', 1579536593),
(1, 11, 29, 'Texte_article_1', '\n<div id="HTMLBlock29" class="HTMLBlock">\nLorem ipsum dolor sit amet, consectetur adipiscing elit. Phasellus sed lacinia odio. Nulla vehicula velit maximus odio euismod, ac sodales erat condimentum.</div>', 1579536593),
(1, 11, 30, 'Texte_article_2', '\n<div id="HTMLBlock30" class="HTMLBlock">\nLorem ipsum dolor sit amet, consectetur adipiscing elit. Phasellus sed lacinia odio. Nulla vehicula velit maximus odio euismod, ac sodales erat condimentum.</div>', 1579536593),
(1, 11, 31, 'Texte_article_3', '\n<div id="HTMLBlock31" class="HTMLBlock">\nLorem ipsum dolor sit amet, consectetur adipiscing elit. Phasellus sed lacinia odio. Nulla vehicula velit maximus odio euismod, ac sodales erat condimentum.</div>', 1579536604),
(1, 11, 32, 'Sous_titre_article_1', '\n<div id="HTMLBlock32" class="HTMLBlock">\nAll you want your website do</div>', 1579536638),
(1, 11, 33, 'Sous_titre_article_2', '\n<div id="HTMLBlock33" class="HTMLBlock">\nA tool anything and everything you can think</div>', 1579536648),
(1, 11, 34, 'Sous_titre_article_3', '\n<div id="HTMLBlock34" class="HTMLBlock">\nFresh, Modern and ready to the future</div>', 1579536658),
(1, 11, 35, 'Titre', '\n<div id="HTMLBlock35" class="HTMLBlock">\nLorem ipsum dolor sit amet, consectetur adipiscing</div>', 1579536711),
(1, 12, 14, 'Ma zone', '<img border="0" class="ccm-image-block" alt="bannière" src="/concrete5.6.3.2/files/6814/2116/8707/banniere.png" width="938" height="339" />', 1579536942),
(1, 12, 16, 'Titre_article_1', '\n<div id="HTMLBlock16" class="HTMLBlock">\nPerfect Logic</div>', 1579536942),
(1, 12, 18, 'Image_article_1', '<img border="0" class="ccm-image-block" alt="" src="/concrete5.6.3.2/files/7614/2176/9617/ImgArticle1.png" width="298" height="189" />', 1579536942),
(1, 12, 20, 'Titre_article_2', '\n<div id="HTMLBlock20" class="HTMLBlock">\nComplete Solution</div>', 1579536942),
(1, 12, 22, 'Image_article_2', '<img border="0" class="ccm-image-block" alt="" src="/concrete5.6.3.2/files/1814/2176/9849/ImgArticle2.png" width="298" height="193" />', 1579536942),
(1, 12, 24, 'Titre_article_3', '\n<div id="HTMLBlock24" class="HTMLBlock">\nUber Culture</div>', 1579536942),
(1, 12, 28, 'Image_article_3', '<img border="0" class="ccm-image-block" alt="" src="/concrete5.6.3.2/files/8714/2176/9948/ImgArticle3.png" width="298" height="193" />', 1579536942),
(1, 12, 30, 'Texte_article_2', '\n<div id="HTMLBlock30" class="HTMLBlock">\nLorem ipsum dolor sit amet, consectetur adipiscing elit. Phasellus sed lacinia odio. Nulla vehicula velit maximus odio euismod, ac sodales erat condimentum.</div>', 1579536942),
(1, 12, 31, 'Texte_article_3', '\n<div id="HTMLBlock31" class="HTMLBlock">\nLorem ipsum dolor sit amet, consectetur adipiscing elit. Phasellus sed lacinia odio. Nulla vehicula velit maximus odio euismod, ac sodales erat condimentum.</div>', 1579536942),
(1, 12, 32, 'Sous_titre_article_1', '\n<div id="HTMLBlock32" class="HTMLBlock">\nAll you want your website do</div>', 1579536942),
(1, 12, 33, 'Sous_titre_article_2', '\n<div id="HTMLBlock33" class="HTMLBlock">\nA tool anything and everything you can think</div>', 1579536942),
(1, 12, 34, 'Sous_titre_article_3', '\n<div id="HTMLBlock34" class="HTMLBlock">\nFresh, Modern and ready to the future</div>', 1579536942),
(1, 12, 35, 'Titre', '\n<div id="HTMLBlock35" class="HTMLBlock">\nLorem ipsum dolor sit amet, consectetur adipiscing</div>', 1579536942),
(1, 12, 36, 'Texte_article_1', '\n<div id="HTMLBlock36" class="HTMLBlock">\nLorem ipsum dolor sit amet, consectetur adipiscing elit. Phasellus sed lacinia odio. Nulla vehicula velit maximus odio euismod, ac sodales erat condimentum.</div>', 1579536942),
(1, 13, 14, 'Ma zone', '<img border="0" class="ccm-image-block" alt="bannière" src="/concrete5.6.3.2/files/6814/2116/8707/banniere.png" width="938" height="339" />', 1579536982),
(1, 13, 16, 'Titre_article_1', '\n<div id="HTMLBlock16" class="HTMLBlock">\nPerfect Logic</div>', 1579536982),
(1, 13, 18, 'Image_article_1', '<img border="0" class="ccm-image-block" alt="" src="/concrete5.6.3.2/files/7614/2176/9617/ImgArticle1.png" width="298" height="189" />', 1579536982),
(1, 13, 20, 'Titre_article_2', '\n<div id="HTMLBlock20" class="HTMLBlock">\nComplete Solution</div>', 1579536982),
(1, 13, 22, 'Image_article_2', '<img border="0" class="ccm-image-block" alt="" src="/concrete5.6.3.2/files/1814/2176/9849/ImgArticle2.png" width="298" height="193" />', 1579536982),
(1, 13, 24, 'Titre_article_3', '\n<div id="HTMLBlock24" class="HTMLBlock">\nUber Culture</div>', 1579536982),
(1, 13, 28, 'Image_article_3', '<img border="0" class="ccm-image-block" alt="" src="/concrete5.6.3.2/files/8714/2176/9948/ImgArticle3.png" width="298" height="193" />', 1579536982),
(1, 13, 31, 'Texte_article_3', '\n<div id="HTMLBlock31" class="HTMLBlock">\nLorem ipsum dolor sit amet, consectetur adipiscing elit. Phasellus sed lacinia odio. Nulla vehicula velit maximus odio euismod, ac sodales erat condimentum.</div>', 1579536982),
(1, 13, 32, 'Sous_titre_article_1', '\n<div id="HTMLBlock32" class="HTMLBlock">\nAll you want your website do</div>', 1579536982),
(1, 13, 33, 'Sous_titre_article_2', '\n<div id="HTMLBlock33" class="HTMLBlock">\nA tool anything and everything you can think</div>', 1579536982),
(1, 13, 34, 'Sous_titre_article_3', '\n<div id="HTMLBlock34" class="HTMLBlock">\nFresh, Modern and ready to the future</div>', 1579536982),
(1, 13, 35, 'Titre', '\n<div id="HTMLBlock35" class="HTMLBlock">\nLorem ipsum dolor sit amet, consectetur adipiscing</div>', 1579536982),
(1, 13, 36, 'Texte_article_1', '\n<div id="HTMLBlock36" class="HTMLBlock">\nLorem ipsum dolor sit amet, consectetur adipiscing elit. Phasellus sed lacinia odio. Nulla vehicula velit maximus odio euismod, ac sodales erat condimentum.</div>', 1579536982),
(1, 13, 37, 'Texte_article_2', '\n<div id="HTMLBlock37" class="HTMLBlock">\nLorem ipsum dolor sit amet, consectetur adipiscing elit. Phasellus sed lacinia odio. Nulla vehicula velit maximus odio euismod, ac sodales erat condimentum.</div>', 1579536982),
(1, 13, 38, 'Texte_article_1', '\n<div id="HTMLBlock38" class="HTMLBlock">\nLorem ipsum dolor sit amet, consectetur adipiscing elit. Phasellus sed lacinia odio. Nulla vehicula velit maximus odio euismod, ac sodales erat condimentum.</div>', 1579536989),
(1, 14, 14, 'Ma zone', '<img border="0" class="ccm-image-block" alt="bannière" src="/concrete5.6.3.2/files/6814/2116/8707/banniere.png" width="938" height="339" />', 1579537390),
(1, 14, 16, 'Titre_article_1', '\n<div id="HTMLBlock16" class="HTMLBlock">\nPerfect Logic</div>', 1579537390),
(1, 14, 18, 'Image_article_1', '<img border="0" class="ccm-image-block" alt="" src="/concrete5.6.3.2/files/7614/2176/9617/ImgArticle1.png" width="298" height="189" />', 1579537390),
(1, 14, 20, 'Titre_article_2', '\n<div id="HTMLBlock20" class="HTMLBlock">\nComplete Solution</div>', 1579537390),
(1, 14, 22, 'Image_article_2', '<img border="0" class="ccm-image-block" alt="" src="/concrete5.6.3.2/files/1814/2176/9849/ImgArticle2.png" width="298" height="193" />', 1579537390),
(1, 14, 24, 'Titre_article_3', '\n<div id="HTMLBlock24" class="HTMLBlock">\nUber Culture</div>', 1579537390),
(1, 14, 28, 'Image_article_3', '<img border="0" class="ccm-image-block" alt="" src="/concrete5.6.3.2/files/8714/2176/9948/ImgArticle3.png" width="298" height="193" />', 1579537390),
(1, 14, 31, 'Texte_article_3', '\n<div id="HTMLBlock31" class="HTMLBlock">\nLorem ipsum dolor sit amet, consectetur adipiscing elit. Phasellus sed lacinia odio. Nulla vehicula velit maximus odio euismod, ac sodales erat condimentum.</div>', 1579537390),
(1, 14, 32, 'Sous_titre_article_1', '\n<div id="HTMLBlock32" class="HTMLBlock">\nAll you want your website do</div>', 1579537390),
(1, 14, 33, 'Sous_titre_article_2', '\n<div id="HTMLBlock33" class="HTMLBlock">\nA tool anything and everything you can think</div>', 1579537390),
(1, 14, 34, 'Sous_titre_article_3', '\n<div id="HTMLBlock34" class="HTMLBlock">\nFresh, Modern and ready to the future</div>', 1579537390),
(1, 14, 35, 'Titre', '\n<div id="HTMLBlock35" class="HTMLBlock">\nLorem ipsum dolor sit amet, consectetur adipiscing</div>', 1579537390),
(1, 14, 37, 'Texte_article_2', '\n<div id="HTMLBlock37" class="HTMLBlock">\nLorem ipsum dolor sit amet, consectetur adipiscing elit. Phasellus sed lacinia odio. Nulla vehicula velit maximus odio euismod, ac sodales erat condimentum.</div>', 1579537390),
(1, 14, 38, 'Texte_article_1', '\n<div id="HTMLBlock38" class="HTMLBlock">\nLorem ipsum dolor sit amet, consectetur adipiscing elit. Phasellus sed lacinia odio. Nulla vehicula velit maximus odio euismod, ac sodales erat condimentum.</div>', 1579537390),
(1, 14, 39, 'Titre_SocialMedia', '\n<div id="HTMLBlock39" class="HTMLBlock">\nSocial Connection</div>', 1579537355),
(1, 14, 40, 'Texte_SocialMedia', '\n<div id="HTMLBlock40" class="HTMLBlock">\nLorem ipsum dolor sit amet, consectetur adipiscing elit. Phasellus sed lacinia odio.</div>', 1579537372),
(1, 15, 14, 'Ma zone', '<img border="0" class="ccm-image-block" alt="bannière" src="/concrete5.6.3.2/files/6814/2116/8707/banniere.png" width="938" height="339" />', 1579537578),
(1, 15, 16, 'Titre_article_1', '\n<div id="HTMLBlock16" class="HTMLBlock">\nPerfect Logic</div>', 1579537578),
(1, 15, 18, 'Image_article_1', '<img border="0" class="ccm-image-block" alt="" src="/concrete5.6.3.2/files/7614/2176/9617/ImgArticle1.png" width="298" height="189" />', 1579537578),
(1, 15, 20, 'Titre_article_2', '\n<div id="HTMLBlock20" class="HTMLBlock">\nComplete Solution</div>', 1579537578),
(1, 15, 22, 'Image_article_2', '<img border="0" class="ccm-image-block" alt="" src="/concrete5.6.3.2/files/1814/2176/9849/ImgArticle2.png" width="298" height="193" />', 1579537578),
(1, 15, 24, 'Titre_article_3', '\n<div id="HTMLBlock24" class="HTMLBlock">\nUber Culture</div>', 1579537578),
(1, 15, 28, 'Image_article_3', '<img border="0" class="ccm-image-block" alt="" src="/concrete5.6.3.2/files/8714/2176/9948/ImgArticle3.png" width="298" height="193" />', 1579537578),
(1, 15, 31, 'Texte_article_3', '\n<div id="HTMLBlock31" class="HTMLBlock">\nLorem ipsum dolor sit amet, consectetur adipiscing elit. Phasellus sed lacinia odio. Nulla vehicula velit maximus odio euismod, ac sodales erat condimentum.</div>', 1579537578),
(1, 15, 32, 'Sous_titre_article_1', '\n<div id="HTMLBlock32" class="HTMLBlock">\nAll you want your website do</div>', 1579537578),
(1, 15, 33, 'Sous_titre_article_2', '\n<div id="HTMLBlock33" class="HTMLBlock">\nA tool anything and everything you can think</div>', 1579537578),
(1, 15, 34, 'Sous_titre_article_3', '\n<div id="HTMLBlock34" class="HTMLBlock">\nFresh, Modern and ready to the future</div>', 1579537578),
(1, 15, 35, 'Titre', '\n<div id="HTMLBlock35" class="HTMLBlock">\nLorem ipsum dolor sit amet, consectetur adipiscing</div>', 1579537578),
(1, 15, 37, 'Texte_article_2', '\n<div id="HTMLBlock37" class="HTMLBlock">\nLorem ipsum dolor sit amet, consectetur adipiscing elit. Phasellus sed lacinia odio. Nulla vehicula velit maximus odio euismod, ac sodales erat condimentum.</div>', 1579537578),
(1, 15, 38, 'Texte_article_1', '\n<div id="HTMLBlock38" class="HTMLBlock">\nLorem ipsum dolor sit amet, consectetur adipiscing elit. Phasellus sed lacinia odio. Nulla vehicula velit maximus odio euismod, ac sodales erat condimentum.</div>', 1579537578),
(1, 15, 39, 'Titre_SocialMedia', '\n<div id="HTMLBlock39" class="HTMLBlock">\nSocial Connection</div>', 1579537578),
(1, 15, 40, 'Texte_SocialMedia', '\n<div id="HTMLBlock40" class="HTMLBlock">\nLorem ipsum dolor sit amet, consectetur adipiscing elit. Phasellus sed lacinia odio.</div>', 1579537578),
(1, 15, 41, 'Titre_Newsletter', '\n<div id="HTMLBlock41" class="HTMLBlock">\nNewsletter</div>', 1579537557),
(1, 15, 42, 'Texte_Newsletter', '\n<div id="HTMLBlock42" class="HTMLBlock">\nEntre votre adresse email si vous souhaitez recevoir des news de notre entreprise</div>', 1579537569),
(1, 16, 14, 'Ma zone', '<img border="0" class="ccm-image-block" alt="bannière" src="/concrete5.6.3.2/files/6814/2116/8707/banniere.png" width="938" height="339" />', 1579537782),
(1, 16, 16, 'Titre_article_1', '\n<div id="HTMLBlock16" class="HTMLBlock">\nPerfect Logic</div>', 1579537782),
(1, 16, 18, 'Image_article_1', '<img border="0" class="ccm-image-block" alt="" src="/concrete5.6.3.2/files/7614/2176/9617/ImgArticle1.png" width="298" height="189" />', 1579537782),
(1, 16, 20, 'Titre_article_2', '\n<div id="HTMLBlock20" class="HTMLBlock">\nComplete Solution</div>', 1579537782),
(1, 16, 22, 'Image_article_2', '<img border="0" class="ccm-image-block" alt="" src="/concrete5.6.3.2/files/1814/2176/9849/ImgArticle2.png" width="298" height="193" />', 1579537782),
(1, 16, 24, 'Titre_article_3', '\n<div id="HTMLBlock24" class="HTMLBlock">\nUber Culture</div>', 1579537783),
(1, 16, 28, 'Image_article_3', '<img border="0" class="ccm-image-block" alt="" src="/concrete5.6.3.2/files/8714/2176/9948/ImgArticle3.png" width="298" height="193" />', 1579537783),
(1, 16, 31, 'Texte_article_3', '\n<div id="HTMLBlock31" class="HTMLBlock">\nLorem ipsum dolor sit amet, consectetur adipiscing elit. Phasellus sed lacinia odio. Nulla vehicula velit maximus odio euismod, ac sodales erat condimentum.</div>', 1579537783),
(1, 16, 32, 'Sous_titre_article_1', '\n<div id="HTMLBlock32" class="HTMLBlock">\nAll you want your website do</div>', 1579537782),
(1, 16, 33, 'Sous_titre_article_2', '\n<div id="HTMLBlock33" class="HTMLBlock">\nA tool anything and everything you can think</div>', 1579537782),
(1, 16, 34, 'Sous_titre_article_3', '\n<div id="HTMLBlock34" class="HTMLBlock">\nFresh, Modern and ready to the future</div>', 1579537783),
(1, 16, 35, 'Titre', '\n<div id="HTMLBlock35" class="HTMLBlock">\nLorem ipsum dolor sit amet, consectetur adipiscing</div>', 1579537782),
(1, 16, 37, 'Texte_article_2', '\n<div id="HTMLBlock37" class="HTMLBlock">\nLorem ipsum dolor sit amet, consectetur adipiscing elit. Phasellus sed lacinia odio. Nulla vehicula velit maximus odio euismod, ac sodales erat condimentum.</div>', 1579537782),
(1, 16, 38, 'Texte_article_1', '\n<div id="HTMLBlock38" class="HTMLBlock">\nLorem ipsum dolor sit amet, consectetur adipiscing elit. Phasellus sed lacinia odio. Nulla vehicula velit maximus odio euismod, ac sodales erat condimentum.</div>', 1579537782),
(1, 16, 39, 'Titre_SocialMedia', '\n<div id="HTMLBlock39" class="HTMLBlock">\nSocial Connection</div>', 1579537783),
(1, 16, 40, 'Texte_SocialMedia', '\n<div id="HTMLBlock40" class="HTMLBlock">\nLorem ipsum dolor sit amet, consectetur adipiscing elit. Phasellus sed lacinia odio.</div>', 1579537783),
(1, 16, 41, 'Titre_Newsletter', '\n<div id="HTMLBlock41" class="HTMLBlock">\nNewsletter</div>', 1579537783),
(1, 16, 42, 'Texte_Newsletter', '\n<div id="HTMLBlock42" class="HTMLBlock">\nEntre votre adresse email si vous souhaitez recevoir des news de notre entreprise</div>', 1579537783),
(1, 17, 14, 'Ma zone', '<img border="0" class="ccm-image-block" alt="bannière" src="/concrete5.6.3.2/files/6814/2116/8707/banniere.png" width="938" height="339" />', 1579537838),
(1, 17, 16, 'Titre_article_1', '\n<div id="HTMLBlock16" class="HTMLBlock">\nPerfect Logic</div>', 1579537838),
(1, 17, 18, 'Image_article_1', '<img border="0" class="ccm-image-block" alt="" src="/concrete5.6.3.2/files/7614/2176/9617/ImgArticle1.png" width="298" height="189" />', 1579537838),
(1, 17, 20, 'Titre_article_2', '\n<div id="HTMLBlock20" class="HTMLBlock">\nComplete Solution</div>', 1579537838),
(1, 17, 22, 'Image_article_2', '<img border="0" class="ccm-image-block" alt="" src="/concrete5.6.3.2/files/1814/2176/9849/ImgArticle2.png" width="298" height="193" />', 1579537838),
(1, 17, 24, 'Titre_article_3', '\n<div id="HTMLBlock24" class="HTMLBlock">\nUber Culture</div>', 1579537838),
(1, 17, 28, 'Image_article_3', '<img border="0" class="ccm-image-block" alt="" src="/concrete5.6.3.2/files/8714/2176/9948/ImgArticle3.png" width="298" height="193" />', 1579537838),
(1, 17, 31, 'Texte_article_3', '\n<div id="HTMLBlock31" class="HTMLBlock">\nLorem ipsum dolor sit amet, consectetur adipiscing elit. Phasellus sed lacinia odio. Nulla vehicula velit maximus odio euismod, ac sodales erat condimentum.</div>', 1579537838),
(1, 17, 32, 'Sous_titre_article_1', '\n<div id="HTMLBlock32" class="HTMLBlock">\nAll you want your website do</div>', 1579537838),
(1, 17, 33, 'Sous_titre_article_2', '\n<div id="HTMLBlock33" class="HTMLBlock">\nA tool anything and everything you can think</div>', 1579537838),
(1, 17, 34, 'Sous_titre_article_3', '\n<div id="HTMLBlock34" class="HTMLBlock">\nFresh, Modern and ready to the future</div>', 1579537838),
(1, 17, 35, 'Titre', '\n<div id="HTMLBlock35" class="HTMLBlock">\nLorem ipsum dolor sit amet, consectetur adipiscing</div>', 1579537838),
(1, 17, 37, 'Texte_article_2', '\n<div id="HTMLBlock37" class="HTMLBlock">\nLorem ipsum dolor sit amet, consectetur adipiscing elit. Phasellus sed lacinia odio. Nulla vehicula velit maximus odio euismod, ac sodales erat condimentum.</div>', 1579537838),
(1, 17, 38, 'Texte_article_1', '\n<div id="HTMLBlock38" class="HTMLBlock">\nLorem ipsum dolor sit amet, consectetur adipiscing elit. Phasellus sed lacinia odio. Nulla vehicula velit maximus odio euismod, ac sodales erat condimentum.</div>', 1579537838),
(1, 17, 39, 'Titre_SocialMedia', '\n<div id="HTMLBlock39" class="HTMLBlock">\nSocial Connection</div>', 1579537838),
(1, 17, 40, 'Texte_SocialMedia', '\n<div id="HTMLBlock40" class="HTMLBlock">\nLorem ipsum dolor sit amet, consectetur adipiscing elit. Phasellus sed lacinia odio.</div>', 1579537838),
(1, 17, 41, 'Titre_Newsletter', '\n<div id="HTMLBlock41" class="HTMLBlock">\nNewsletter</div>', 1579537838),
(1, 17, 42, 'Texte_Newsletter', '\n<div id="HTMLBlock42" class="HTMLBlock">\nEntre votre adresse email si vous souhaitez recevoir des news de notre entreprise</div>', 1579537838),
(1, 18, 14, 'Ma zone', '<img border="0" class="ccm-image-block" alt="bannière" src="/concrete5.6.3.2/files/6814/2116/8707/banniere.png" width="938" height="339" />', 1579538119),
(1, 18, 16, 'Titre_article_1', '\n<div id="HTMLBlock16" class="HTMLBlock">\nPerfect Logic</div>', 1579538119),
(1, 18, 18, 'Image_article_1', '<img border="0" class="ccm-image-block" alt="" src="/concrete5.6.3.2/files/7614/2176/9617/ImgArticle1.png" width="298" height="189" />', 1579538119),
(1, 18, 20, 'Titre_article_2', '\n<div id="HTMLBlock20" class="HTMLBlock">\nComplete Solution</div>', 1579538119),
(1, 18, 22, 'Image_article_2', '<img border="0" class="ccm-image-block" alt="" src="/concrete5.6.3.2/files/1814/2176/9849/ImgArticle2.png" width="298" height="193" />', 1579538119),
(1, 18, 24, 'Titre_article_3', '\n<div id="HTMLBlock24" class="HTMLBlock">\nUber Culture</div>', 1579538119),
(1, 18, 28, 'Image_article_3', '<img border="0" class="ccm-image-block" alt="" src="/concrete5.6.3.2/files/8714/2176/9948/ImgArticle3.png" width="298" height="193" />', 1579538119),
(1, 18, 31, 'Texte_article_3', '\n<div id="HTMLBlock31" class="HTMLBlock">\nLorem ipsum dolor sit amet, consectetur adipiscing elit. Phasellus sed lacinia odio. Nulla vehicula velit maximus odio euismod, ac sodales erat condimentum.</div>', 1579538119),
(1, 18, 32, 'Sous_titre_article_1', '\n<div id="HTMLBlock32" class="HTMLBlock">\nAll you want your website do</div>', 1579538119),
(1, 18, 33, 'Sous_titre_article_2', '\n<div id="HTMLBlock33" class="HTMLBlock">\nA tool anything and everything you can think</div>', 1579538119),
(1, 18, 34, 'Sous_titre_article_3', '\n<div id="HTMLBlock34" class="HTMLBlock">\nFresh, Modern and ready to the future</div>', 1579538119),
(1, 18, 35, 'Titre', '\n<div id="HTMLBlock35" class="HTMLBlock">\nLorem ipsum dolor sit amet, consectetur adipiscing</div>', 1579538119),
(1, 18, 37, 'Texte_article_2', '\n<div id="HTMLBlock37" class="HTMLBlock">\nLorem ipsum dolor sit amet, consectetur adipiscing elit. Phasellus sed lacinia odio. Nulla vehicula velit maximus odio euismod, ac sodales erat condimentum.</div>', 1579538119),
(1, 18, 38, 'Texte_article_1', '\n<div id="HTMLBlock38" class="HTMLBlock">\nLorem ipsum dolor sit amet, consectetur adipiscing elit. Phasellus sed lacinia odio. Nulla vehicula velit maximus odio euismod, ac sodales erat condimentum.</div>', 1579538119),
(1, 18, 39, 'Titre_SocialMedia', '\n<div id="HTMLBlock39" class="HTMLBlock">\nSocial Connection</div>', 1579538119),
(1, 18, 40, 'Texte_SocialMedia', '\n<div id="HTMLBlock40" class="HTMLBlock">\nLorem ipsum dolor sit amet, consectetur adipiscing elit. Phasellus sed lacinia odio.</div>', 1579538119),
(1, 18, 41, 'Titre_Newsletter', '\n<div id="HTMLBlock41" class="HTMLBlock">\nNewsletter</div>', 1579538119),
(1, 18, 44, 'Texte_Newsletter', '\n<div id="HTMLBlock44" class="HTMLBlock">\nEntrez votre adresse email si vous souhaitez recevoir des news de notre entreprise</div>', 1579538041),
(1, 18, 45, 'Titre_Contact', '\n<div id="HTMLBlock45" class="HTMLBlock">\nContact</div>', 1579538134),
(1, 19, 14, 'Ma zone', '<img border="0" class="ccm-image-block" alt="bannière" src="/concrete5.6.3.2/files/6814/2116/8707/banniere.png" width="938" height="339" />', 1579538424),
(1, 19, 16, 'Titre_article_1', '\n<div id="HTMLBlock16" class="HTMLBlock">\nPerfect Logic</div>', 1579538424),
(1, 19, 18, 'Image_article_1', '<img border="0" class="ccm-image-block" alt="" src="/concrete5.6.3.2/files/7614/2176/9617/ImgArticle1.png" width="298" height="189" />', 1579538424),
(1, 19, 20, 'Titre_article_2', '\n<div id="HTMLBlock20" class="HTMLBlock">\nComplete Solution</div>', 1579538424),
(1, 19, 22, 'Image_article_2', '<img border="0" class="ccm-image-block" alt="" src="/concrete5.6.3.2/files/1814/2176/9849/ImgArticle2.png" width="298" height="193" />', 1579538424),
(1, 19, 24, 'Titre_article_3', '\n<div id="HTMLBlock24" class="HTMLBlock">\nUber Culture</div>', 1579538424),
(1, 19, 28, 'Image_article_3', '<img border="0" class="ccm-image-block" alt="" src="/concrete5.6.3.2/files/8714/2176/9948/ImgArticle3.png" width="298" height="193" />', 1579538424),
(1, 19, 31, 'Texte_article_3', '\n<div id="HTMLBlock31" class="HTMLBlock">\nLorem ipsum dolor sit amet, consectetur adipiscing elit. Phasellus sed lacinia odio. Nulla vehicula velit maximus odio euismod, ac sodales erat condimentum.</div>', 1579538424),
(1, 19, 32, 'Sous_titre_article_1', '\n<div id="HTMLBlock32" class="HTMLBlock">\nAll you want your website do</div>', 1579538424),
(1, 19, 33, 'Sous_titre_article_2', '\n<div id="HTMLBlock33" class="HTMLBlock">\nA tool anything and everything you can think</div>', 1579538424),
(1, 19, 34, 'Sous_titre_article_3', '\n<div id="HTMLBlock34" class="HTMLBlock">\nFresh, Modern and ready to the future</div>', 1579538424),
(1, 19, 35, 'Titre', '\n<div id="HTMLBlock35" class="HTMLBlock">\nLorem ipsum dolor sit amet, consectetur adipiscing</div>', 1579538424),
(1, 19, 37, 'Texte_article_2', '\n<div id="HTMLBlock37" class="HTMLBlock">\nLorem ipsum dolor sit amet, consectetur adipiscing elit. Phasellus sed lacinia odio. Nulla vehicula velit maximus odio euismod, ac sodales erat condimentum.</div>', 1579538424),
(1, 19, 38, 'Texte_article_1', '\n<div id="HTMLBlock38" class="HTMLBlock">\nLorem ipsum dolor sit amet, consectetur adipiscing elit. Phasellus sed lacinia odio. Nulla vehicula velit maximus odio euismod, ac sodales erat condimentum.</div>', 1579538424),
(1, 19, 39, 'Titre_SocialMedia', '\n<div id="HTMLBlock39" class="HTMLBlock">\nSocial Connection</div>', 1579538424),
(1, 19, 40, 'Texte_SocialMedia', '\n<div id="HTMLBlock40" class="HTMLBlock">\nLorem ipsum dolor sit amet, consectetur adipiscing elit. Phasellus sed lacinia odio.</div>', 1579538424),
(1, 19, 41, 'Titre_Newsletter', '\n<div id="HTMLBlock41" class="HTMLBlock">\nNewsletter</div>', 1579538424),
(1, 19, 44, 'Texte_Newsletter', '\n<div id="HTMLBlock44" class="HTMLBlock">\nEntrez votre adresse email si vous souhaitez recevoir des news de notre entreprise</div>', 1579538425),
(1, 19, 45, 'Titre_Contact', '\n<div id="HTMLBlock45" class="HTMLBlock">\nContact</div>', 1579538425),
(1, 20, 14, 'Ma zone', '<img border="0" class="ccm-image-block" alt="bannière" src="/concrete5.6.3.2/files/6814/2116/8707/banniere.png" width="938" height="339" />', 1579538465),
(1, 20, 16, 'Titre_article_1', '\n<div id="HTMLBlock16" class="HTMLBlock">\nPerfect Logic</div>', 1579538465),
(1, 20, 18, 'Image_article_1', '<img border="0" class="ccm-image-block" alt="" src="/concrete5.6.3.2/files/7614/2176/9617/ImgArticle1.png" width="298" height="189" />', 1579538465),
(1, 20, 20, 'Titre_article_2', '\n<div id="HTMLBlock20" class="HTMLBlock">\nComplete Solution</div>', 1579538465),
(1, 20, 22, 'Image_article_2', '<img border="0" class="ccm-image-block" alt="" src="/concrete5.6.3.2/files/1814/2176/9849/ImgArticle2.png" width="298" height="193" />', 1579538465),
(1, 20, 24, 'Titre_article_3', '\n<div id="HTMLBlock24" class="HTMLBlock">\nUber Culture</div>', 1579538465),
(1, 20, 28, 'Image_article_3', '<img border="0" class="ccm-image-block" alt="" src="/concrete5.6.3.2/files/8714/2176/9948/ImgArticle3.png" width="298" height="193" />', 1579538465),
(1, 20, 31, 'Texte_article_3', '\n<div id="HTMLBlock31" class="HTMLBlock">\nLorem ipsum dolor sit amet, consectetur adipiscing elit. Phasellus sed lacinia odio. Nulla vehicula velit maximus odio euismod, ac sodales erat condimentum.</div>', 1579538465),
(1, 20, 32, 'Sous_titre_article_1', '\n<div id="HTMLBlock32" class="HTMLBlock">\nAll you want your website do</div>', 1579538465),
(1, 20, 33, 'Sous_titre_article_2', '\n<div id="HTMLBlock33" class="HTMLBlock">\nA tool anything and everything you can think</div>', 1579538465),
(1, 20, 34, 'Sous_titre_article_3', '\n<div id="HTMLBlock34" class="HTMLBlock">\nFresh, Modern and ready to the future</div>', 1579538465),
(1, 20, 35, 'Titre', '\n<div id="HTMLBlock35" class="HTMLBlock">\nLorem ipsum dolor sit amet, consectetur adipiscing</div>', 1579538465),
(1, 20, 37, 'Texte_article_2', '\n<div id="HTMLBlock37" class="HTMLBlock">\nLorem ipsum dolor sit amet, consectetur adipiscing elit. Phasellus sed lacinia odio. Nulla vehicula velit maximus odio euismod, ac sodales erat condimentum.</div>', 1579538465),
(1, 20, 38, 'Texte_article_1', '\n<div id="HTMLBlock38" class="HTMLBlock">\nLorem ipsum dolor sit amet, consectetur adipiscing elit. Phasellus sed lacinia odio. Nulla vehicula velit maximus odio euismod, ac sodales erat condimentum.</div>', 1579538465),
(1, 20, 39, 'Titre_SocialMedia', '\n<div id="HTMLBlock39" class="HTMLBlock">\nSocial Connection</div>', 1579538465),
(1, 20, 40, 'Texte_SocialMedia', '\n<div id="HTMLBlock40" class="HTMLBlock">\nLorem ipsum dolor sit amet, consectetur adipiscing elit. Phasellus sed lacinia odio.</div>', 1579538465),
(1, 20, 41, 'Titre_Newsletter', '\n<div id="HTMLBlock41" class="HTMLBlock">\nNewsletter</div>', 1579538465),
(1, 20, 44, 'Texte_Newsletter', '\n<div id="HTMLBlock44" class="HTMLBlock">\nEntrez votre adresse email si vous souhaitez recevoir des news de notre entreprise</div>', 1579538465),
(1, 20, 45, 'Titre_Contact', '\n<div id="HTMLBlock45" class="HTMLBlock">\nContact</div>', 1579538465),
(1, 21, 14, 'Ma zone', '<img border="0" class="ccm-image-block" alt="bannière" src="/concrete5.6.3.2/files/6814/2116/8707/banniere.png" width="938" height="339" />', 1579539207),
(1, 21, 16, 'Titre_article_1', '\n<div id="HTMLBlock16" class="HTMLBlock">\nPerfect Logic</div>', 1579539207),
(1, 21, 18, 'Image_article_1', '<img border="0" class="ccm-image-block" alt="" src="/concrete5.6.3.2/files/7614/2176/9617/ImgArticle1.png" width="298" height="189" />', 1579539207),
(1, 21, 20, 'Titre_article_2', '\n<div id="HTMLBlock20" class="HTMLBlock">\nComplete Solution</div>', 1579539207),
(1, 21, 22, 'Image_article_2', '<img border="0" class="ccm-image-block" alt="" src="/concrete5.6.3.2/files/1814/2176/9849/ImgArticle2.png" width="298" height="193" />', 1579539207),
(1, 21, 24, 'Titre_article_3', '\n<div id="HTMLBlock24" class="HTMLBlock">\nUber Culture</div>', 1579539207),
(1, 21, 28, 'Image_article_3', '<img border="0" class="ccm-image-block" alt="" src="/concrete5.6.3.2/files/8714/2176/9948/ImgArticle3.png" width="298" height="193" />', 1579539207),
(1, 21, 31, 'Texte_article_3', '\n<div id="HTMLBlock31" class="HTMLBlock">\nLorem ipsum dolor sit amet, consectetur adipiscing elit. Phasellus sed lacinia odio. Nulla vehicula velit maximus odio euismod, ac sodales erat condimentum.</div>', 1579539207),
(1, 21, 32, 'Sous_titre_article_1', '\n<div id="HTMLBlock32" class="HTMLBlock">\nAll you want your website do</div>', 1579539207),
(1, 21, 33, 'Sous_titre_article_2', '\n<div id="HTMLBlock33" class="HTMLBlock">\nA tool anything and everything you can think</div>', 1579539207),
(1, 21, 34, 'Sous_titre_article_3', '\n<div id="HTMLBlock34" class="HTMLBlock">\nFresh, Modern and ready to the future</div>', 1579539207),
(1, 21, 35, 'Titre', '\n<div id="HTMLBlock35" class="HTMLBlock">\nLorem ipsum dolor sit amet, consectetur adipiscing</div>', 1579539207),
(1, 21, 37, 'Texte_article_2', '\n<div id="HTMLBlock37" class="HTMLBlock">\nLorem ipsum dolor sit amet, consectetur adipiscing elit. Phasellus sed lacinia odio. Nulla vehicula velit maximus odio euismod, ac sodales erat condimentum.</div>', 1579539207),
(1, 21, 38, 'Texte_article_1', '\n<div id="HTMLBlock38" class="HTMLBlock">\nLorem ipsum dolor sit amet, consectetur adipiscing elit. Phasellus sed lacinia odio. Nulla vehicula velit maximus odio euismod, ac sodales erat condimentum.</div>', 1579539207),
(1, 21, 39, 'Titre_SocialMedia', '\n<div id="HTMLBlock39" class="HTMLBlock">\nSocial Connection</div>', 1579539207),
(1, 21, 40, 'Texte_SocialMedia', '\n<div id="HTMLBlock40" class="HTMLBlock">\nLorem ipsum dolor sit amet, consectetur adipiscing elit. Phasellus sed lacinia odio.</div>', 1579539207),
(1, 21, 41, 'Titre_Newsletter', '\n<div id="HTMLBlock41" class="HTMLBlock">\nNewsletter</div>', 1579539207),
(1, 21, 44, 'Texte_Newsletter', '\n<div id="HTMLBlock44" class="HTMLBlock">\nEntrez votre adresse email si vous souhaitez recevoir des news de notre entreprise</div>', 1579539207),
(1, 21, 45, 'Titre_Contact', '\n<div id="HTMLBlock45" class="HTMLBlock">\nContact</div>', 1579539207),
(1, 21, 48, 'Titre_News', '\n<div id="HTMLBlock48" class="HTMLBlock">\nNews Updates</div>', 1579539021),
(1, 21, 49, 'image_Contact_1', '<img border="0" class="ccm-image-block" alt="" src="/concrete5.6.3.2/files/8414/2177/2642/firefox.png" width="58" height="62" />', 1579539052),
(1, 21, 50, 'Texte_Contact_1', '\n<div id="HTMLBlock50" class="HTMLBlock">\nLorem ipsum dolor sit amet, consectetur adipiscing elit. Phasellus sed lacinia odio.</div>', 1579539090),
(1, 21, 51, 'image_Contact_2', '<img border="0" class="ccm-image-block" alt="" src="/concrete5.6.3.2/files/3814/2177/2718/news1.png" width="58" height="62" />', 1579539128),
(1, 21, 52, 'Texte_Contact_2', '\n<div id="HTMLBlock52" class="HTMLBlock">\nLorem ipsum dolor sit amet, consectetur adipiscing elit. Phasellus sed lacinia odio.</div>', 1579539140),
(1, 21, 53, 'image_Contact_3', '<img border="0" class="ccm-image-block" alt="" src="/concrete5.6.3.2/files/7714/2177/2753/news2.png" width="56" height="61" />', 1579539162),
(1, 21, 54, 'Texte_Contact_3', '\n<div id="HTMLBlock54" class="HTMLBlock">\nLorem ipsum dolor sit amet, consectetur adipiscing elit. Phasellus sed lacinia odio.</div>', 1579539174),
(1, 22, 14, 'Ma zone', '<img border="0" class="ccm-image-block" alt="bannière" src="/concrete5.6.3.2/files/6814/2116/8707/banniere.png" width="938" height="339" />', 1579539635),
(1, 22, 16, 'Titre_article_1', '\n<div id="HTMLBlock16" class="HTMLBlock">\nPerfect Logic</div>', 1579539635),
(1, 22, 18, 'Image_article_1', '<img border="0" class="ccm-image-block" alt="" src="/concrete5.6.3.2/files/7614/2176/9617/ImgArticle1.png" width="298" height="189" />', 1579539635),
(1, 22, 20, 'Titre_article_2', '\n<div id="HTMLBlock20" class="HTMLBlock">\nComplete Solution</div>', 1579539635),
(1, 22, 22, 'Image_article_2', '<img border="0" class="ccm-image-block" alt="" src="/concrete5.6.3.2/files/1814/2176/9849/ImgArticle2.png" width="298" height="193" />', 1579539635),
(1, 22, 24, 'Titre_article_3', '\n<div id="HTMLBlock24" class="HTMLBlock">\nUber Culture</div>', 1579539635),
(1, 22, 28, 'Image_article_3', '<img border="0" class="ccm-image-block" alt="" src="/concrete5.6.3.2/files/8714/2176/9948/ImgArticle3.png" width="298" height="193" />', 1579539635),
(1, 22, 31, 'Texte_article_3', '\n<div id="HTMLBlock31" class="HTMLBlock">\nLorem ipsum dolor sit amet, consectetur adipiscing elit. Phasellus sed lacinia odio. Nulla vehicula velit maximus odio euismod, ac sodales erat condimentum.</div>', 1579539635),
(1, 22, 32, 'Sous_titre_article_1', '\n<div id="HTMLBlock32" class="HTMLBlock">\nAll you want your website do</div>', 1579539635),
(1, 22, 33, 'Sous_titre_article_2', '\n<div id="HTMLBlock33" class="HTMLBlock">\nA tool anything and everything you can think</div>', 1579539635),
(1, 22, 34, 'Sous_titre_article_3', '\n<div id="HTMLBlock34" class="HTMLBlock">\nFresh, Modern and ready to the future</div>', 1579539635),
(1, 22, 35, 'Titre', '\n<div id="HTMLBlock35" class="HTMLBlock">\nLorem ipsum dolor sit amet, consectetur adipiscing</div>', 1579539635),
(1, 22, 37, 'Texte_article_2', '\n<div id="HTMLBlock37" class="HTMLBlock">\nLorem ipsum dolor sit amet, consectetur adipiscing elit. Phasellus sed lacinia odio. Nulla vehicula velit maximus odio euismod, ac sodales erat condimentum.</div>', 1579539635),
(1, 22, 38, 'Texte_article_1', '\n<div id="HTMLBlock38" class="HTMLBlock">\nLorem ipsum dolor sit amet, consectetur adipiscing elit. Phasellus sed lacinia odio. Nulla vehicula velit maximus odio euismod, ac sodales erat condimentum.</div>', 1579539635),
(1, 22, 39, 'Titre_SocialMedia', '\n<div id="HTMLBlock39" class="HTMLBlock">\nSocial Connection</div>', 1579539635),
(1, 22, 40, 'Texte_SocialMedia', '\n<div id="HTMLBlock40" class="HTMLBlock">\nLorem ipsum dolor sit amet, consectetur adipiscing elit. Phasellus sed lacinia odio.</div>', 1579539635),
(1, 22, 41, 'Titre_Newsletter', '\n<div id="HTMLBlock41" class="HTMLBlock">\nNewsletter</div>', 1579539635),
(1, 22, 44, 'Texte_Newsletter', '\n<div id="HTMLBlock44" class="HTMLBlock">\nEntrez votre adresse email si vous souhaitez recevoir des news de notre entreprise</div>', 1579539636),
(1, 22, 45, 'Titre_Contact', '\n<div id="HTMLBlock45" class="HTMLBlock">\nContact</div>', 1579539636),
(1, 22, 48, 'Titre_News', '\n<div id="HTMLBlock48" class="HTMLBlock">\nNews Updates</div>', 1579539636),
(1, 22, 49, 'image_Contact_1', '<img border="0" class="ccm-image-block" alt="" src="/concrete5.6.3.2/files/8414/2177/2642/firefox.png" width="58" height="62" />', 1579539636),
(1, 22, 50, 'Texte_Contact_1', '\n<div id="HTMLBlock50" class="HTMLBlock">\nLorem ipsum dolor sit amet, consectetur adipiscing elit. Phasellus sed lacinia odio.</div>', 1579539636),
(1, 22, 51, 'image_Contact_2', '<img border="0" class="ccm-image-block" alt="" src="/concrete5.6.3.2/files/3814/2177/2718/news1.png" width="58" height="62" />', 1579539636),
(1, 22, 52, 'Texte_Contact_2', '\n<div id="HTMLBlock52" class="HTMLBlock">\nLorem ipsum dolor sit amet, consectetur adipiscing elit. Phasellus sed lacinia odio.</div>', 1579539636);
INSERT INTO `CollectionVersionBlocksOutputCache` (`cID`, `cvID`, `bID`, `arHandle`, `btCachedBlockOutput`, `btCachedBlockOutputExpires`) VALUES
(1, 22, 53, 'image_Contact_3', '<img border="0" class="ccm-image-block" alt="" src="/concrete5.6.3.2/files/7714/2177/2753/news2.png" width="56" height="61" />', 1579539636),
(1, 22, 54, 'Texte_Contact_3', '\n<div id="HTMLBlock54" class="HTMLBlock">\nLorem ipsum dolor sit amet, consectetur adipiscing elit. Phasellus sed lacinia odio.</div>', 1579539636),
(1, 23, 14, 'Ma zone', '<img border="0" class="ccm-image-block" alt="bannière" src="/concrete5.6.3.2/files/6814/2116/8707/banniere.png" width="938" height="339" />', 1582553734),
(1, 23, 16, 'Titre_article_1', '\n<div id="HTMLBlock16" class="HTMLBlock">\nPerfect Logic</div>', 1582553734),
(1, 23, 18, 'Image_article_1', '<img border="0" class="ccm-image-block" alt="" src="/concrete5.6.3.2/files/7614/2176/9617/ImgArticle1.png" width="298" height="189" />', 1582553734),
(1, 23, 20, 'Titre_article_2', '\n<div id="HTMLBlock20" class="HTMLBlock">\nComplete Solution</div>', 1582553734),
(1, 23, 22, 'Image_article_2', '<img border="0" class="ccm-image-block" alt="" src="/concrete5.6.3.2/files/1814/2176/9849/ImgArticle2.png" width="298" height="193" />', 1582553734),
(1, 23, 24, 'Titre_article_3', '\n<div id="HTMLBlock24" class="HTMLBlock">\nUber Culture</div>', 1582553734),
(1, 23, 28, 'Image_article_3', '<img border="0" class="ccm-image-block" alt="" src="/concrete5.6.3.2/files/8714/2176/9948/ImgArticle3.png" width="298" height="193" />', 1582553734),
(1, 23, 31, 'Texte_article_3', '\n<div id="HTMLBlock31" class="HTMLBlock">\nLorem ipsum dolor sit amet, consectetur adipiscing elit. Phasellus sed lacinia odio. Nulla vehicula velit maximus odio euismod, ac sodales erat condimentum.</div>', 1582553734),
(1, 23, 32, 'Sous_titre_article_1', '\n<div id="HTMLBlock32" class="HTMLBlock">\nAll you want your website do</div>', 1582553734),
(1, 23, 33, 'Sous_titre_article_2', '\n<div id="HTMLBlock33" class="HTMLBlock">\nA tool anything and everything you can think</div>', 1582553734),
(1, 23, 34, 'Sous_titre_article_3', '\n<div id="HTMLBlock34" class="HTMLBlock">\nFresh, Modern and ready to the future</div>', 1582553734),
(1, 23, 35, 'Titre', '\n<div id="HTMLBlock35" class="HTMLBlock">\nLorem ipsum dolor sit amet, consectetur adipiscing</div>', 1582553734),
(1, 23, 37, 'Texte_article_2', '\n<div id="HTMLBlock37" class="HTMLBlock">\nLorem ipsum dolor sit amet, consectetur adipiscing elit. Phasellus sed lacinia odio. Nulla vehicula velit maximus odio euismod, ac sodales erat condimentum.</div>', 1582553734),
(1, 23, 38, 'Texte_article_1', '\n<div id="HTMLBlock38" class="HTMLBlock">\nLorem ipsum dolor sit amet, consectetur adipiscing elit. Phasellus sed lacinia odio. Nulla vehicula velit maximus odio euismod, ac sodales erat condimentum.</div>', 1582553734),
(1, 23, 39, 'Titre_SocialMedia', '\n<div id="HTMLBlock39" class="HTMLBlock">\nSocial Connection</div>', 1582553734),
(1, 23, 40, 'Texte_SocialMedia', '\n<div id="HTMLBlock40" class="HTMLBlock">\nLorem ipsum dolor sit amet, consectetur adipiscing elit. Phasellus sed lacinia odio.</div>', 1582553734),
(1, 23, 41, 'Titre_Newsletter', '\n<div id="HTMLBlock41" class="HTMLBlock">\nNewsletter</div>', 1582553734),
(1, 23, 44, 'Texte_Newsletter', '\n<div id="HTMLBlock44" class="HTMLBlock">\nEntrez votre adresse email si vous souhaitez recevoir des news de notre entreprise</div>', 1582553734),
(1, 23, 45, 'Titre_Contact', '\n<div id="HTMLBlock45" class="HTMLBlock">\nContact</div>', 1582553734),
(1, 23, 48, 'Titre_News', '\n<div id="HTMLBlock48" class="HTMLBlock">\nNews Updates</div>', 1582553734),
(1, 24, 14, 'Ma zone', '<img border="0" class="ccm-image-block" alt="bannière" src="/concrete5.6.3.2/files/6814/2116/8707/banniere.png" width="938" height="339" />', 1582553808),
(1, 24, 16, 'Titre_article_1', '\n<div id="HTMLBlock16" class="HTMLBlock">\nPerfect Logic</div>', 1582553808),
(1, 24, 18, 'Image_article_1', '<img border="0" class="ccm-image-block" alt="" src="/concrete5.6.3.2/files/7614/2176/9617/ImgArticle1.png" width="298" height="189" />', 1582553808),
(1, 24, 20, 'Titre_article_2', '\n<div id="HTMLBlock20" class="HTMLBlock">\nComplete Solution</div>', 1582553808),
(1, 24, 22, 'Image_article_2', '<img border="0" class="ccm-image-block" alt="" src="/concrete5.6.3.2/files/1814/2176/9849/ImgArticle2.png" width="298" height="193" />', 1582553808),
(1, 24, 24, 'Titre_article_3', '\n<div id="HTMLBlock24" class="HTMLBlock">\nUber Culture</div>', 1582553808),
(1, 24, 28, 'Image_article_3', '<img border="0" class="ccm-image-block" alt="" src="/concrete5.6.3.2/files/8714/2176/9948/ImgArticle3.png" width="298" height="193" />', 1582553808),
(1, 24, 31, 'Texte_article_3', '\n<div id="HTMLBlock31" class="HTMLBlock">\nLorem ipsum dolor sit amet, consectetur adipiscing elit. Phasellus sed lacinia odio. Nulla vehicula velit maximus odio euismod, ac sodales erat condimentum.</div>', 1582553809),
(1, 24, 32, 'Sous_titre_article_1', '\n<div id="HTMLBlock32" class="HTMLBlock">\nAll you want your website do</div>', 1582553808),
(1, 24, 33, 'Sous_titre_article_2', '\n<div id="HTMLBlock33" class="HTMLBlock">\nA tool anything and everything you can think</div>', 1582553808),
(1, 24, 34, 'Sous_titre_article_3', '\n<div id="HTMLBlock34" class="HTMLBlock">\nFresh, Modern and ready to the future</div>', 1582553808),
(1, 24, 35, 'Titre', '\n<div id="HTMLBlock35" class="HTMLBlock">\nLorem ipsum dolor sit amet, consectetur adipiscing</div>', 1582553808),
(1, 24, 37, 'Texte_article_2', '\n<div id="HTMLBlock37" class="HTMLBlock">\nLorem ipsum dolor sit amet, consectetur adipiscing elit. Phasellus sed lacinia odio. Nulla vehicula velit maximus odio euismod, ac sodales erat condimentum.</div>', 1582553808),
(1, 24, 38, 'Texte_article_1', '\n<div id="HTMLBlock38" class="HTMLBlock">\nLorem ipsum dolor sit amet, consectetur adipiscing elit. Phasellus sed lacinia odio. Nulla vehicula velit maximus odio euismod, ac sodales erat condimentum.</div>', 1582553808),
(1, 24, 39, 'Titre_SocialMedia', '\n<div id="HTMLBlock39" class="HTMLBlock">\nSocial Connection</div>', 1582553809),
(1, 24, 40, 'Texte_SocialMedia', '\n<div id="HTMLBlock40" class="HTMLBlock">\nLorem ipsum dolor sit amet, consectetur adipiscing elit. Phasellus sed lacinia odio.</div>', 1582553809),
(1, 24, 41, 'Titre_Newsletter', '\n<div id="HTMLBlock41" class="HTMLBlock">\nNewsletter</div>', 1582553809),
(1, 24, 44, 'Texte_Newsletter', '\n<div id="HTMLBlock44" class="HTMLBlock">\nEntrez votre adresse email si vous souhaitez recevoir des news de notre entreprise</div>', 1582553809),
(1, 24, 45, 'Titre_Contact', '\n<div id="HTMLBlock45" class="HTMLBlock">\nContact</div>', 1582553809),
(1, 24, 48, 'Titre_News', '\n<div id="HTMLBlock48" class="HTMLBlock">\nNews Updates</div>', 1582553809),
(1, 24, 50, 'Texte_Contact_1', '\n<div id="HTMLBlock50" class="HTMLBlock">\nLorem ipsum dolor sit amet, consectetur adipiscing elit. Phasellus sed lacinia odio.</div>', 1582554543),
(1, 24, 52, 'Texte_Contact_2', '\n<div id="HTMLBlock52" class="HTMLBlock">\nLorem ipsum dolor sit amet, consectetur adipiscing elit. Phasellus sed lacinia odio.</div>', 1582554543),
(1, 24, 54, 'Texte_Contact_3', '\n<div id="HTMLBlock54" class="HTMLBlock">\nLorem ipsum dolor sit amet, consectetur adipiscing elit. Phasellus sed lacinia odio.</div>', 1582554543),
(1, 25, 14, 'Ma zone', '<img border="0" class="ccm-image-block" alt="bannière" src="/concrete5.6.3.2/files/6814/2116/8707/banniere.png" width="938" height="339" />', 1582555800),
(1, 25, 16, 'Titre_article_1', '\n<div id="HTMLBlock16" class="HTMLBlock">\nPerfect Logic</div>', 1582555800),
(1, 25, 18, 'Image_article_1', '<img border="0" class="ccm-image-block" alt="" src="/concrete5.6.3.2/files/7614/2176/9617/ImgArticle1.png" width="298" height="189" />', 1582555800),
(1, 25, 20, 'Titre_article_2', '\n<div id="HTMLBlock20" class="HTMLBlock">\nComplete Solution</div>', 1582555800),
(1, 25, 22, 'Image_article_2', '<img border="0" class="ccm-image-block" alt="" src="/concrete5.6.3.2/files/1814/2176/9849/ImgArticle2.png" width="298" height="193" />', 1582555800),
(1, 25, 24, 'Titre_article_3', '\n<div id="HTMLBlock24" class="HTMLBlock">\nUber Culture</div>', 1582555800),
(1, 25, 28, 'Image_article_3', '<img border="0" class="ccm-image-block" alt="" src="/concrete5.6.3.2/files/8714/2176/9948/ImgArticle3.png" width="298" height="193" />', 1582555800),
(1, 25, 31, 'Texte_article_3', '\n<div id="HTMLBlock31" class="HTMLBlock">\nLorem ipsum dolor sit amet, consectetur adipiscing elit. Phasellus sed lacinia odio. Nulla vehicula velit maximus odio euismod, ac sodales erat condimentum.</div>', 1582555800),
(1, 25, 32, 'Sous_titre_article_1', '\n<div id="HTMLBlock32" class="HTMLBlock">\nAll you want your website do</div>', 1582555800),
(1, 25, 33, 'Sous_titre_article_2', '\n<div id="HTMLBlock33" class="HTMLBlock">\nA tool anything and everything you can think</div>', 1582555800),
(1, 25, 34, 'Sous_titre_article_3', '\n<div id="HTMLBlock34" class="HTMLBlock">\nFresh, Modern and ready to the future</div>', 1582555800),
(1, 25, 35, 'Titre', '\n<div id="HTMLBlock35" class="HTMLBlock">\nLorem ipsum dolor sit amet, consectetur adipiscing</div>', 1582555800),
(1, 25, 37, 'Texte_article_2', '\n<div id="HTMLBlock37" class="HTMLBlock">\nLorem ipsum dolor sit amet, consectetur adipiscing elit. Phasellus sed lacinia odio. Nulla vehicula velit maximus odio euismod, ac sodales erat condimentum.</div>', 1582555800),
(1, 25, 38, 'Texte_article_1', '\n<div id="HTMLBlock38" class="HTMLBlock">\nLorem ipsum dolor sit amet, consectetur adipiscing elit. Phasellus sed lacinia odio. Nulla vehicula velit maximus odio euismod, ac sodales erat condimentum.</div>', 1582555800),
(1, 25, 39, 'Titre_SocialMedia', '\n<div id="HTMLBlock39" class="HTMLBlock">\nSocial Connection</div>', 1582555800),
(1, 25, 40, 'Texte_SocialMedia', '\n<div id="HTMLBlock40" class="HTMLBlock">\nLorem ipsum dolor sit amet, consectetur adipiscing elit. Phasellus sed lacinia odio.</div>', 1582555800),
(1, 25, 41, 'Titre_Newsletter', '\n<div id="HTMLBlock41" class="HTMLBlock">\nNewsletter</div>', 1582555800),
(1, 25, 44, 'Texte_Newsletter', '\n<div id="HTMLBlock44" class="HTMLBlock">\nEntrez votre adresse email si vous souhaitez recevoir des news de notre entreprise</div>', 1582555801),
(1, 25, 45, 'Titre_Contact', '\n<div id="HTMLBlock45" class="HTMLBlock">\nContact</div>', 1582555801),
(1, 25, 48, 'Titre_News', '\n<div id="HTMLBlock48" class="HTMLBlock">\nNews Updates</div>', 1582555801),
(1, 25, 50, 'Texte_Contact_1', '\n<div id="HTMLBlock50" class="HTMLBlock">\nLorem ipsum dolor sit amet, consectetur adipiscing elit. Phasellus sed lacinia odio.</div>', 1582555801),
(1, 25, 52, 'Texte_Contact_2', '\n<div id="HTMLBlock52" class="HTMLBlock">\nLorem ipsum dolor sit amet, consectetur adipiscing elit. Phasellus sed lacinia odio.</div>', 1582555801),
(1, 25, 54, 'Texte_Contact_3 : Layout 1 : Cell 1', '\n<div id="HTMLBlock54" class="HTMLBlock">\nLorem ipsum dolor sit amet, consectetur adipiscing elit. Phasellus sed lacinia odio.</div>', 1582555801),
(1, 26, 14, 'Ma zone', '<img border="0" class="ccm-image-block" alt="bannière" src="/concrete5.6.3.2/files/6814/2116/8707/banniere.png" width="938" height="339" />', 1582558454),
(1, 26, 16, 'Titre_article_1', '\n<div id="HTMLBlock16" class="HTMLBlock">\nPerfect Logic</div>', 1582558454),
(1, 26, 18, 'Image_article_1', '<img border="0" class="ccm-image-block" alt="" src="/concrete5.6.3.2/files/7614/2176/9617/ImgArticle1.png" width="298" height="189" />', 1582558454),
(1, 26, 20, 'Titre_article_2', '\n<div id="HTMLBlock20" class="HTMLBlock">\nComplete Solution</div>', 1582558454),
(1, 26, 22, 'Image_article_2', '<img border="0" class="ccm-image-block" alt="" src="/concrete5.6.3.2/files/1814/2176/9849/ImgArticle2.png" width="298" height="193" />', 1582558455),
(1, 26, 24, 'Titre_article_3', '\n<div id="HTMLBlock24" class="HTMLBlock">\nUber Culture</div>', 1582558455),
(1, 26, 28, 'Image_article_3', '<img border="0" class="ccm-image-block" alt="" src="/concrete5.6.3.2/files/8714/2176/9948/ImgArticle3.png" width="298" height="193" />', 1582558455),
(1, 26, 31, 'Texte_article_3', '\n<div id="HTMLBlock31" class="HTMLBlock">\nLorem ipsum dolor sit amet, consectetur adipiscing elit. Phasellus sed lacinia odio. Nulla vehicula velit maximus odio euismod, ac sodales erat condimentum.</div>', 1582558455),
(1, 26, 32, 'Sous_titre_article_1', '\n<div id="HTMLBlock32" class="HTMLBlock">\nAll you want your website do</div>', 1582558454),
(1, 26, 33, 'Sous_titre_article_2', '\n<div id="HTMLBlock33" class="HTMLBlock">\nA tool anything and everything you can think</div>', 1582558454),
(1, 26, 34, 'Sous_titre_article_3', '\n<div id="HTMLBlock34" class="HTMLBlock">\nFresh, Modern and ready to the future</div>', 1582558455),
(1, 26, 35, 'Titre', '\n<div id="HTMLBlock35" class="HTMLBlock">\nLorem ipsum dolor sit amet, consectetur adipiscing</div>', 1582558454),
(1, 26, 37, 'Texte_article_2', '\n<div id="HTMLBlock37" class="HTMLBlock">\nLorem ipsum dolor sit amet, consectetur adipiscing elit. Phasellus sed lacinia odio. Nulla vehicula velit maximus odio euismod, ac sodales erat condimentum.</div>', 1582558455),
(1, 26, 38, 'Texte_article_1', '\n<div id="HTMLBlock38" class="HTMLBlock">\nLorem ipsum dolor sit amet, consectetur adipiscing elit. Phasellus sed lacinia odio. Nulla vehicula velit maximus odio euismod, ac sodales erat condimentum.</div>', 1582558454),
(1, 26, 39, 'Titre_SocialMedia', '\n<div id="HTMLBlock39" class="HTMLBlock">\nSocial Connection</div>', 1582558455),
(1, 26, 40, 'Texte_SocialMedia', '\n<div id="HTMLBlock40" class="HTMLBlock">\nLorem ipsum dolor sit amet, consectetur adipiscing elit. Phasellus sed lacinia odio.</div>', 1582558455),
(1, 26, 41, 'Titre_Newsletter', '\n<div id="HTMLBlock41" class="HTMLBlock">\nNewsletter</div>', 1582558455),
(1, 26, 44, 'Texte_Newsletter', '\n<div id="HTMLBlock44" class="HTMLBlock">\nEntrez votre adresse email si vous souhaitez recevoir des news de notre entreprise</div>', 1582558455),
(1, 26, 45, 'Titre_Contact', '\n<div id="HTMLBlock45" class="HTMLBlock">\nContact</div>', 1582558455),
(1, 26, 48, 'Titre_News', '\n<div id="HTMLBlock48" class="HTMLBlock">\nNews Updates</div>', 1582558455),
(1, 27, 14, 'Ma zone', '<img border="0" class="ccm-image-block" alt="bannière" src="/concrete5.6.3.2/files/6814/2116/8707/banniere.png" width="938" height="339" />', 1582558491),
(1, 27, 16, 'Titre_article_1', '\n<div id="HTMLBlock16" class="HTMLBlock">\nPerfect Logic</div>', 1582558492),
(1, 27, 18, 'Image_article_1', '<img border="0" class="ccm-image-block" alt="" src="/concrete5.6.3.2/files/7614/2176/9617/ImgArticle1.png" width="298" height="189" />', 1582558492),
(1, 27, 20, 'Titre_article_2', '\n<div id="HTMLBlock20" class="HTMLBlock">\nComplete Solution</div>', 1582558492),
(1, 27, 22, 'Image_article_2', '<img border="0" class="ccm-image-block" alt="" src="/concrete5.6.3.2/files/1814/2176/9849/ImgArticle2.png" width="298" height="193" />', 1582558492),
(1, 27, 24, 'Titre_article_3', '\n<div id="HTMLBlock24" class="HTMLBlock">\nUber Culture</div>', 1582558492),
(1, 27, 28, 'Image_article_3', '<img border="0" class="ccm-image-block" alt="" src="/concrete5.6.3.2/files/8714/2176/9948/ImgArticle3.png" width="298" height="193" />', 1582558492),
(1, 27, 31, 'Texte_article_3', '\n<div id="HTMLBlock31" class="HTMLBlock">\nLorem ipsum dolor sit amet, consectetur adipiscing elit. Phasellus sed lacinia odio. Nulla vehicula velit maximus odio euismod, ac sodales erat condimentum.</div>', 1582558492),
(1, 27, 32, 'Sous_titre_article_1', '\n<div id="HTMLBlock32" class="HTMLBlock">\nAll you want your website do</div>', 1582558492),
(1, 27, 33, 'Sous_titre_article_2', '\n<div id="HTMLBlock33" class="HTMLBlock">\nA tool anything and everything you can think</div>', 1582558492),
(1, 27, 34, 'Sous_titre_article_3', '\n<div id="HTMLBlock34" class="HTMLBlock">\nFresh, Modern and ready to the future</div>', 1582558492),
(1, 27, 35, 'Titre', '\n<div id="HTMLBlock35" class="HTMLBlock">\nLorem ipsum dolor sit amet, consectetur adipiscing</div>', 1582558492),
(1, 27, 37, 'Texte_article_2', '\n<div id="HTMLBlock37" class="HTMLBlock">\nLorem ipsum dolor sit amet, consectetur adipiscing elit. Phasellus sed lacinia odio. Nulla vehicula velit maximus odio euismod, ac sodales erat condimentum.</div>', 1582558492),
(1, 27, 38, 'Texte_article_1', '\n<div id="HTMLBlock38" class="HTMLBlock">\nLorem ipsum dolor sit amet, consectetur adipiscing elit. Phasellus sed lacinia odio. Nulla vehicula velit maximus odio euismod, ac sodales erat condimentum.</div>', 1582558492),
(1, 27, 39, 'Titre_SocialMedia', '\n<div id="HTMLBlock39" class="HTMLBlock">\nSocial Connection</div>', 1582558492),
(1, 27, 40, 'Texte_SocialMedia', '\n<div id="HTMLBlock40" class="HTMLBlock">\nLorem ipsum dolor sit amet, consectetur adipiscing elit. Phasellus sed lacinia odio.</div>', 1582558492),
(1, 27, 41, 'Titre_Newsletter', '\n<div id="HTMLBlock41" class="HTMLBlock">\nNewsletter</div>', 1582558492),
(1, 27, 44, 'Texte_Newsletter', '\n<div id="HTMLBlock44" class="HTMLBlock">\nEntrez votre adresse email si vous souhaitez recevoir des news de notre entreprise</div>', 1582558492),
(1, 27, 45, 'Titre_Contact', '\n<div id="HTMLBlock45" class="HTMLBlock">\nContact</div>', 1582558492),
(1, 27, 48, 'Titre_News', '\n<div id="HTMLBlock48" class="HTMLBlock">\nNews Updates</div>', 1582558492),
(1, 28, 14, 'Ma zone', '<img border="0" class="ccm-image-block" alt="bannière" src="/concrete5.6.3.2/files/6814/2116/8707/banniere.png" width="938" height="339" />', 1582558524),
(1, 28, 16, 'Titre_article_1', '\n<div id="HTMLBlock16" class="HTMLBlock">\nPerfect Logic</div>', 1582558524),
(1, 28, 18, 'Image_article_1', '<img border="0" class="ccm-image-block" alt="" src="/concrete5.6.3.2/files/7614/2176/9617/ImgArticle1.png" width="298" height="189" />', 1582558524),
(1, 28, 20, 'Titre_article_2', '\n<div id="HTMLBlock20" class="HTMLBlock">\nComplete Solution</div>', 1582558524),
(1, 28, 22, 'Image_article_2', '<img border="0" class="ccm-image-block" alt="" src="/concrete5.6.3.2/files/1814/2176/9849/ImgArticle2.png" width="298" height="193" />', 1582558524),
(1, 28, 24, 'Titre_article_3', '\n<div id="HTMLBlock24" class="HTMLBlock">\nUber Culture</div>', 1582558524),
(1, 28, 28, 'Image_article_3', '<img border="0" class="ccm-image-block" alt="" src="/concrete5.6.3.2/files/8714/2176/9948/ImgArticle3.png" width="298" height="193" />', 1582558524),
(1, 28, 31, 'Texte_article_3', '\n<div id="HTMLBlock31" class="HTMLBlock">\nLorem ipsum dolor sit amet, consectetur adipiscing elit. Phasellus sed lacinia odio. Nulla vehicula velit maximus odio euismod, ac sodales erat condimentum.</div>', 1582558524),
(1, 28, 32, 'Sous_titre_article_1', '\n<div id="HTMLBlock32" class="HTMLBlock">\nAll you want your website do</div>', 1582558524),
(1, 28, 33, 'Sous_titre_article_2', '\n<div id="HTMLBlock33" class="HTMLBlock">\nA tool anything and everything you can think</div>', 1582558524),
(1, 28, 34, 'Sous_titre_article_3', '\n<div id="HTMLBlock34" class="HTMLBlock">\nFresh, Modern and ready to the future</div>', 1582558524),
(1, 28, 35, 'Titre', '\n<div id="HTMLBlock35" class="HTMLBlock">\nLorem ipsum dolor sit amet, consectetur adipiscing</div>', 1582558524),
(1, 28, 37, 'Texte_article_2', '\n<div id="HTMLBlock37" class="HTMLBlock">\nLorem ipsum dolor sit amet, consectetur adipiscing elit. Phasellus sed lacinia odio. Nulla vehicula velit maximus odio euismod, ac sodales erat condimentum.</div>', 1582558524),
(1, 28, 38, 'Texte_article_1', '\n<div id="HTMLBlock38" class="HTMLBlock">\nLorem ipsum dolor sit amet, consectetur adipiscing elit. Phasellus sed lacinia odio. Nulla vehicula velit maximus odio euismod, ac sodales erat condimentum.</div>', 1582558524),
(1, 28, 39, 'Titre_SocialMedia', '\n<div id="HTMLBlock39" class="HTMLBlock">\nSocial Connection</div>', 1582558524),
(1, 28, 40, 'Texte_SocialMedia', '\n<div id="HTMLBlock40" class="HTMLBlock">\nLorem ipsum dolor sit amet, consectetur adipiscing elit. Phasellus sed lacinia odio.</div>', 1582558524),
(1, 28, 41, 'Titre_Newsletter', '\n<div id="HTMLBlock41" class="HTMLBlock">\nNewsletter</div>', 1582558524),
(1, 28, 44, 'Texte_Newsletter', '\n<div id="HTMLBlock44" class="HTMLBlock">\nEntrez votre adresse email si vous souhaitez recevoir des news de notre entreprise</div>', 1582558524),
(1, 28, 45, 'Titre_Contact', '\n<div id="HTMLBlock45" class="HTMLBlock">\nContact</div>', 1582558524),
(1, 28, 48, 'Titre_News', '\n<div id="HTMLBlock48" class="HTMLBlock">\nNews Updates</div>', 1582558524),
(1, 29, 14, 'Ma zone', '<img border="0" class="ccm-image-block" alt="bannière" src="/concrete5.6.3.2/files/6814/2116/8707/banniere.png" width="938" height="339" />', 1582558557),
(1, 29, 16, 'Titre_article_1', '\n<div id="HTMLBlock16" class="HTMLBlock">\nPerfect Logic</div>', 1582558557),
(1, 29, 18, 'Image_article_1', '<img border="0" class="ccm-image-block" alt="" src="/concrete5.6.3.2/files/7614/2176/9617/ImgArticle1.png" width="298" height="189" />', 1582558557),
(1, 29, 20, 'Titre_article_2', '\n<div id="HTMLBlock20" class="HTMLBlock">\nComplete Solution</div>', 1582558557),
(1, 29, 22, 'Image_article_2', '<img border="0" class="ccm-image-block" alt="" src="/concrete5.6.3.2/files/1814/2176/9849/ImgArticle2.png" width="298" height="193" />', 1582558557),
(1, 29, 24, 'Titre_article_3', '\n<div id="HTMLBlock24" class="HTMLBlock">\nUber Culture</div>', 1582558557),
(1, 29, 28, 'Image_article_3', '<img border="0" class="ccm-image-block" alt="" src="/concrete5.6.3.2/files/8714/2176/9948/ImgArticle3.png" width="298" height="193" />', 1582558557),
(1, 29, 31, 'Texte_article_3', '\n<div id="HTMLBlock31" class="HTMLBlock">\nLorem ipsum dolor sit amet, consectetur adipiscing elit. Phasellus sed lacinia odio. Nulla vehicula velit maximus odio euismod, ac sodales erat condimentum.</div>', 1582558557),
(1, 29, 32, 'Sous_titre_article_1', '\n<div id="HTMLBlock32" class="HTMLBlock">\nAll you want your website do</div>', 1582558557),
(1, 29, 33, 'Sous_titre_article_2', '\n<div id="HTMLBlock33" class="HTMLBlock">\nA tool anything and everything you can think</div>', 1582558557),
(1, 29, 34, 'Sous_titre_article_3', '\n<div id="HTMLBlock34" class="HTMLBlock">\nFresh, Modern and ready to the future</div>', 1582558557),
(1, 29, 35, 'Titre', '\n<div id="HTMLBlock35" class="HTMLBlock">\nLorem ipsum dolor sit amet, consectetur adipiscing</div>', 1582558557),
(1, 29, 37, 'Texte_article_2', '\n<div id="HTMLBlock37" class="HTMLBlock">\nLorem ipsum dolor sit amet, consectetur adipiscing elit. Phasellus sed lacinia odio. Nulla vehicula velit maximus odio euismod, ac sodales erat condimentum.</div>', 1582558557),
(1, 29, 38, 'Texte_article_1', '\n<div id="HTMLBlock38" class="HTMLBlock">\nLorem ipsum dolor sit amet, consectetur adipiscing elit. Phasellus sed lacinia odio. Nulla vehicula velit maximus odio euismod, ac sodales erat condimentum.</div>', 1582558557),
(1, 29, 39, 'Titre_SocialMedia', '\n<div id="HTMLBlock39" class="HTMLBlock">\nSocial Connection</div>', 1582558557),
(1, 29, 40, 'Texte_SocialMedia', '\n<div id="HTMLBlock40" class="HTMLBlock">\nLorem ipsum dolor sit amet, consectetur adipiscing elit. Phasellus sed lacinia odio.</div>', 1582558557),
(1, 29, 41, 'Titre_Newsletter', '\n<div id="HTMLBlock41" class="HTMLBlock">\nNewsletter</div>', 1582558557),
(1, 29, 44, 'Texte_Newsletter', '\n<div id="HTMLBlock44" class="HTMLBlock">\nEntrez votre adresse email si vous souhaitez recevoir des news de notre entreprise</div>', 1582558557),
(1, 29, 45, 'Titre_Contact', '\n<div id="HTMLBlock45" class="HTMLBlock">\nContact</div>', 1582558557),
(1, 29, 48, 'Titre_News', '\n<div id="HTMLBlock48" class="HTMLBlock">\nNews Updates</div>', 1582558557),
(1, 30, 14, 'Ma zone', '<img border="0" class="ccm-image-block" alt="bannière" src="/concrete5.6.3.2/files/6814/2116/8707/banniere.png" width="938" height="339" />', 1582558973),
(1, 30, 16, 'Titre_article_1', '\n<div id="HTMLBlock16" class="HTMLBlock">\nPerfect Logic</div>', 1582558973),
(1, 30, 18, 'Image_article_1', '<img border="0" class="ccm-image-block" alt="" src="/concrete5.6.3.2/files/7614/2176/9617/ImgArticle1.png" width="298" height="189" />', 1582558973),
(1, 30, 20, 'Titre_article_2', '\n<div id="HTMLBlock20" class="HTMLBlock">\nComplete Solution</div>', 1582558973),
(1, 30, 22, 'Image_article_2', '<img border="0" class="ccm-image-block" alt="" src="/concrete5.6.3.2/files/1814/2176/9849/ImgArticle2.png" width="298" height="193" />', 1582558973),
(1, 30, 24, 'Titre_article_3', '\n<div id="HTMLBlock24" class="HTMLBlock">\nUber Culture</div>', 1582558973),
(1, 30, 28, 'Image_article_3', '<img border="0" class="ccm-image-block" alt="" src="/concrete5.6.3.2/files/8714/2176/9948/ImgArticle3.png" width="298" height="193" />', 1582558973),
(1, 30, 31, 'Texte_article_3', '\n<div id="HTMLBlock31" class="HTMLBlock">\nLorem ipsum dolor sit amet, consectetur adipiscing elit. Phasellus sed lacinia odio. Nulla vehicula velit maximus odio euismod, ac sodales erat condimentum.</div>', 1582558974),
(1, 30, 32, 'Sous_titre_article_1', '\n<div id="HTMLBlock32" class="HTMLBlock">\nAll you want your website do</div>', 1582558973),
(1, 30, 33, 'Sous_titre_article_2', '\n<div id="HTMLBlock33" class="HTMLBlock">\nA tool anything and everything you can think</div>', 1582558973),
(1, 30, 34, 'Sous_titre_article_3', '\n<div id="HTMLBlock34" class="HTMLBlock">\nFresh, Modern and ready to the future</div>', 1582558973),
(1, 30, 35, 'Titre', '\n<div id="HTMLBlock35" class="HTMLBlock">\nLorem ipsum dolor sit amet, consectetur adipiscing</div>', 1582558973),
(1, 30, 37, 'Texte_article_2', '\n<div id="HTMLBlock37" class="HTMLBlock">\nLorem ipsum dolor sit amet, consectetur adipiscing elit. Phasellus sed lacinia odio. Nulla vehicula velit maximus odio euismod, ac sodales erat condimentum.</div>', 1582558973),
(1, 30, 38, 'Texte_article_1', '\n<div id="HTMLBlock38" class="HTMLBlock">\nLorem ipsum dolor sit amet, consectetur adipiscing elit. Phasellus sed lacinia odio. Nulla vehicula velit maximus odio euismod, ac sodales erat condimentum.</div>', 1582558973),
(1, 30, 39, 'Titre_SocialMedia', '\n<div id="HTMLBlock39" class="HTMLBlock">\nSocial Connection</div>', 1582558974),
(1, 30, 40, 'Texte_SocialMedia', '\n<div id="HTMLBlock40" class="HTMLBlock">\nLorem ipsum dolor sit amet, consectetur adipiscing elit. Phasellus sed lacinia odio.</div>', 1582558974),
(1, 30, 41, 'Titre_Newsletter', '\n<div id="HTMLBlock41" class="HTMLBlock">\nNewsletter</div>', 1582558974),
(1, 30, 44, 'Texte_Newsletter', '\n<div id="HTMLBlock44" class="HTMLBlock">\nEntrez votre adresse email si vous souhaitez recevoir des news de notre entreprise</div>', 1582558974),
(1, 30, 45, 'Titre_Contact', '\n<div id="HTMLBlock45" class="HTMLBlock">\nContact</div>', 1582558974),
(1, 30, 48, 'Titre_News', '\n<div id="HTMLBlock48" class="HTMLBlock">\nNews Updates</div>', 1582558974),
(1, 30, 67, 'logo1', '<a href="#"><img border="0" class="ccm-image-block" alt="" src="/concrete5.6.3.2/files/8714/2479/2461/LogoRss.png" width="50" height="49" /></a>', 1582559008),
(1, 30, 68, 'logo2', '<a href="#"><img border="0" class="ccm-image-block" alt="" src="/concrete5.6.3.2/files/7714/2479/2459/LogoFb.png" width="50" height="50" /></a>', 1582558932),
(1, 31, 35, 'Titre', '\n<div id="HTMLBlock35" class="HTMLBlock">\nLorem ipsum dolor sit amet, consectetur adipiscing</div>', 1582559778),
(1, 31, 39, 'Titre_SocialMedia', '\n<div id="HTMLBlock39" class="HTMLBlock">\nSocial Connection</div>', 1582559778),
(1, 31, 40, 'Texte_SocialMedia', '\n<div id="HTMLBlock40" class="HTMLBlock">\nLorem ipsum dolor sit amet, consectetur adipiscing elit. Phasellus sed lacinia odio.</div>', 1582559778),
(1, 31, 41, 'Titre_Newsletter', '\n<div id="HTMLBlock41" class="HTMLBlock">\nNewsletter</div>', 1582559778),
(1, 31, 44, 'Texte_Newsletter', '\n<div id="HTMLBlock44" class="HTMLBlock">\nEntrez votre adresse email si vous souhaitez recevoir des news de notre entreprise</div>', 1582559778),
(1, 31, 45, 'Titre_Contact', '\n<div id="HTMLBlock45" class="HTMLBlock">\nContact</div>', 1582559778),
(1, 31, 48, 'Titre_News', '\n<div id="HTMLBlock48" class="HTMLBlock">\nNews Updates</div>', 1582559778),
(1, 31, 69, 'banniere', '\n<script type="text/javascript">\n//<![CDATA[\nvar ccmSlideShowHelper69 = {\n\n	bID:69,\n	imgNum:0,\n	\n	init:function(){\n		this.displayWrap=$(''#ccm-SlideshowBlock-display''+this.bID); \n		if(this.imgInfos.length==0){\n			//alert(''There are no images in this slideshow'');\n			return false;\n		}\n		var maxHeight=0;\n		for(var i=0;i<this.imgInfos.length;i++){\n			this.addImg(i);\n			if(maxHeight==0 || this.imgInfos[i].imgHeight > maxHeight)\n				maxHeight=this.imgInfos[i].imgHeight;\n		}\n		this.displayWrap.css(''height'',maxHeight);\n\n		\n		//center images\n		for(var i=0;i<this.imgInfos.length;i++){ \n			if( this.imgInfos[i].imgHeight < maxHeight){\n				var t=((maxHeight - this.imgInfos[i].imgHeight)/2);\n				this.imgEls[i].css(''top'',t);\n			}\n		}\n		this.nextImg();\n	}, \n	nextImg:function(){ \n		if(this.imgNum>=this.imgInfos.length) this.imgNum=0;  \n		this.imgEls[this.imgNum].css(''opacity'',0);\n		this.imgEls[this.imgNum].css(''display'',''block'');\n		this.imgEls[this.imgNum].animate({opacity:1},\n			this.imgInfos[this.imgNum].fadeDuration*1000,'''',function(){ccmSlideShowHelper69.preparefadeOut()});\n		var prevNum=this.imgNum-1;\n		if(prevNum<0) prevNum=this.imgInfos.length-1;\n		if(this.imgInfos.length==1) return;\n		this.imgEls[prevNum].animate({opacity:0},this.imgInfos[this.imgNum].fadeDuration*800,function(){this.style.zIndex=1;});			\n	},\n	preparefadeOut:function(){\n		if(this.imgInfos.length==1) return;\n		var milisecDuration=parseInt(this.imgInfos[this.imgNum].duration)*1000;\n		this.imgEls[this.imgNum].css(''z-index'',2);\n		setTimeout(''ccmSlideShowHelper''+69+''.nextImg();'',milisecDuration);\n		this.imgNum++;\n	},\n	maxHeight:0,\n	imgEls:[],\n	addImg:function(num){\n		var el=document.createElement(''div'');\n		el.id="slideImgWrap"+num;\n		el.className="slideImgWrap"; \n		if(this.imgInfos[num].fullFilePath.length>0)\n			 imgURL=this.imgInfos[num].fullFilePath;\n		else imgURL=''/concrete5.6.3.2/files/''+this.imgInfos[num].fileName; \n		//el.innerHTML=''<img src="''+imgURL+''" >'';\n		el.innerHTML=''<div style="height:''+this.imgInfos[num].imgHeight+''px; background:url(\\''''+escape(imgURL)+''\\'') center no-repeat">&nbsp;</div>'';\n		//alert(imgURL);\n		if(this.imgInfos[num].url.length>0) {\n			//el.linkURL=this.imgInfos[num].url;\n			var clickEvent=''onclick="return ccmSlideShowHelper69.imgClick( this.href  );"'';\n			el.innerHTML=''<a href="''+this.imgInfos[num].url+''" ''+clickEvent+'' >''+el.innerHTML+''</a>'';			\n		}\n		el.style.display=''none'';\n		this.displayWrap.append(el);\n		var jqEl=$(el);\n		this.imgEls.push(jqEl);\n	},\n	imgClick:function(linkURL){\n		//override for custom behavior\n	},\n	imgInfos:[\n				{\n				fileName:"diap.png",\n				fullFilePath:"/concrete5.6.3.2/files/8314/2479/3640/diap.png",\n				duration:5,\n				fadeDuration:2,		\n				url:"",\n				groupSet:1,\n				imgHeight:335			}\n		,			{\n				fileName:"diap2.png",\n				fullFilePath:"/concrete5.6.3.2/files/1114/2479/3967/diap2.png",\n				duration:5,\n				fadeDuration:2,		\n				url:"",\n				groupSet:2,\n				imgHeight:335			}\n		,			{\n				fileName:"diap3.png",\n				fullFilePath:"/concrete5.6.3.2/files/6114/2479/3969/diap3.png",\n				duration:5,\n				fadeDuration:2,		\n				url:"",\n				groupSet:3,\n				imgHeight:335			}\n			]\n}\n$(function(){ccmSlideShowHelper69.init();}); \n//]]>\n</script>\n\n<div id="ccm-SlideshowBlock-display69" style="height:335px" class="ccm-SlideshowBlock-display">\n<div id="ccm-SlideshowBlock-heightSetter69" class="ccm-SlideshowBlock-heightSetter"></div>\n<div class="ccm-SlideshowBlock-clear" ></div>\n</div>\n', 1582560395),
(1, 32, 35, 'Titre', '\n<div id="HTMLBlock35" class="HTMLBlock">\nLorem ipsum dolor sit amet, consectetur adipiscing</div>', 1582560706),
(1, 32, 69, 'banniere', '\n<script type="text/javascript">\n//<![CDATA[\nvar ccmSlideShowHelper69 = {\n\n	bID:69,\n	imgNum:0,\n	\n	init:function(){\n		this.displayWrap=$(''#ccm-SlideshowBlock-display''+this.bID); \n		if(this.imgInfos.length==0){\n			//alert(''There are no images in this slideshow'');\n			return false;\n		}\n		var maxHeight=0;\n		for(var i=0;i<this.imgInfos.length;i++){\n			this.addImg(i);\n			if(maxHeight==0 || this.imgInfos[i].imgHeight > maxHeight)\n				maxHeight=this.imgInfos[i].imgHeight;\n		}\n		this.displayWrap.css(''height'',maxHeight);\n\n		\n		//center images\n		for(var i=0;i<this.imgInfos.length;i++){ \n			if( this.imgInfos[i].imgHeight < maxHeight){\n				var t=((maxHeight - this.imgInfos[i].imgHeight)/2);\n				this.imgEls[i].css(''top'',t);\n			}\n		}\n		this.nextImg();\n	}, \n	nextImg:function(){ \n		if(this.imgNum>=this.imgInfos.length) this.imgNum=0;  \n		this.imgEls[this.imgNum].css(''opacity'',0);\n		this.imgEls[this.imgNum].css(''display'',''block'');\n		this.imgEls[this.imgNum].animate({opacity:1},\n			this.imgInfos[this.imgNum].fadeDuration*1000,'''',function(){ccmSlideShowHelper69.preparefadeOut()});\n		var prevNum=this.imgNum-1;\n		if(prevNum<0) prevNum=this.imgInfos.length-1;\n		if(this.imgInfos.length==1) return;\n		this.imgEls[prevNum].animate({opacity:0},this.imgInfos[this.imgNum].fadeDuration*800,function(){this.style.zIndex=1;});			\n	},\n	preparefadeOut:function(){\n		if(this.imgInfos.length==1) return;\n		var milisecDuration=parseInt(this.imgInfos[this.imgNum].duration)*1000;\n		this.imgEls[this.imgNum].css(''z-index'',2);\n		setTimeout(''ccmSlideShowHelper''+69+''.nextImg();'',milisecDuration);\n		this.imgNum++;\n	},\n	maxHeight:0,\n	imgEls:[],\n	addImg:function(num){\n		var el=document.createElement(''div'');\n		el.id="slideImgWrap"+num;\n		el.className="slideImgWrap"; \n		if(this.imgInfos[num].fullFilePath.length>0)\n			 imgURL=this.imgInfos[num].fullFilePath;\n		else imgURL=''/concrete5.6.3.2/files/''+this.imgInfos[num].fileName; \n		//el.innerHTML=''<img src="''+imgURL+''" >'';\n		el.innerHTML=''<div style="height:''+this.imgInfos[num].imgHeight+''px; background:url(\\''''+escape(imgURL)+''\\'') center no-repeat">&nbsp;</div>'';\n		//alert(imgURL);\n		if(this.imgInfos[num].url.length>0) {\n			//el.linkURL=this.imgInfos[num].url;\n			var clickEvent=''onclick="return ccmSlideShowHelper69.imgClick( this.href  );"'';\n			el.innerHTML=''<a href="''+this.imgInfos[num].url+''" ''+clickEvent+'' >''+el.innerHTML+''</a>'';			\n		}\n		el.style.display=''none'';\n		this.displayWrap.append(el);\n		var jqEl=$(el);\n		this.imgEls.push(jqEl);\n	},\n	imgClick:function(linkURL){\n		//override for custom behavior\n	},\n	imgInfos:[\n				{\n				fileName:"diap.png",\n				fullFilePath:"/concrete5.6.3.2/files/8314/2479/3640/diap.png",\n				duration:5,\n				fadeDuration:2,		\n				url:"",\n				groupSet:1,\n				imgHeight:335			}\n		,			{\n				fileName:"diap2.png",\n				fullFilePath:"/concrete5.6.3.2/files/1114/2479/3967/diap2.png",\n				duration:5,\n				fadeDuration:2,		\n				url:"",\n				groupSet:2,\n				imgHeight:335			}\n		,			{\n				fileName:"diap3.png",\n				fullFilePath:"/concrete5.6.3.2/files/6114/2479/3969/diap3.png",\n				duration:5,\n				fadeDuration:2,		\n				url:"",\n				groupSet:3,\n				imgHeight:335			}\n			]\n}\n$(function(){ccmSlideShowHelper69.init();}); \n//]]>\n</script>\n\n<div id="ccm-SlideshowBlock-display69" style="height:335px" class="ccm-SlideshowBlock-display">\n<div id="ccm-SlideshowBlock-heightSetter69" class="ccm-SlideshowBlock-heightSetter"></div>\n<div class="ccm-SlideshowBlock-clear" ></div>\n</div>\n', 1582560706),
(1, 32, 70, 'col1', '\n<div id="HTMLBlock70" class="HTMLBlock">\n<h2>Perfect Logic</h2></div>', 1582560543),
(1, 32, 71, 'col1', '\n<div id="HTMLBlock71" class="HTMLBlock">\n<p>All you want your website do</p></div>', 1582560573),
(1, 32, 72, 'col1', '<img border="0" class="ccm-image-block" alt="" src="/concrete5.6.3.2/files/7614/2176/9617/ImgArticle1.png" width="298" height="189" />', 1582560621),
(1, 32, 73, 'col1', '\n<div id="HTMLBlock73" class="HTMLBlock">\nLorem ipsum dolor sit amet, consectetur adipiscing elit. Phasellus sed lacinia odio. Nulla vehicula velit maximus odio euismod, ac sodales erat condimentum.</div>', 1582560668),
(1, 33, 35, 'Titre', '\n<div id="HTMLBlock35" class="HTMLBlock">\nLorem ipsum dolor sit amet, consectetur adipiscing</div>', 1582560996),
(1, 33, 69, 'banniere', '\n<script type="text/javascript">\n//<![CDATA[\nvar ccmSlideShowHelper69 = {\n\n	bID:69,\n	imgNum:0,\n	\n	init:function(){\n		this.displayWrap=$(''#ccm-SlideshowBlock-display''+this.bID); \n		if(this.imgInfos.length==0){\n			//alert(''There are no images in this slideshow'');\n			return false;\n		}\n		var maxHeight=0;\n		for(var i=0;i<this.imgInfos.length;i++){\n			this.addImg(i);\n			if(maxHeight==0 || this.imgInfos[i].imgHeight > maxHeight)\n				maxHeight=this.imgInfos[i].imgHeight;\n		}\n		this.displayWrap.css(''height'',maxHeight);\n\n		\n		//center images\n		for(var i=0;i<this.imgInfos.length;i++){ \n			if( this.imgInfos[i].imgHeight < maxHeight){\n				var t=((maxHeight - this.imgInfos[i].imgHeight)/2);\n				this.imgEls[i].css(''top'',t);\n			}\n		}\n		this.nextImg();\n	}, \n	nextImg:function(){ \n		if(this.imgNum>=this.imgInfos.length) this.imgNum=0;  \n		this.imgEls[this.imgNum].css(''opacity'',0);\n		this.imgEls[this.imgNum].css(''display'',''block'');\n		this.imgEls[this.imgNum].animate({opacity:1},\n			this.imgInfos[this.imgNum].fadeDuration*1000,'''',function(){ccmSlideShowHelper69.preparefadeOut()});\n		var prevNum=this.imgNum-1;\n		if(prevNum<0) prevNum=this.imgInfos.length-1;\n		if(this.imgInfos.length==1) return;\n		this.imgEls[prevNum].animate({opacity:0},this.imgInfos[this.imgNum].fadeDuration*800,function(){this.style.zIndex=1;});			\n	},\n	preparefadeOut:function(){\n		if(this.imgInfos.length==1) return;\n		var milisecDuration=parseInt(this.imgInfos[this.imgNum].duration)*1000;\n		this.imgEls[this.imgNum].css(''z-index'',2);\n		setTimeout(''ccmSlideShowHelper''+69+''.nextImg();'',milisecDuration);\n		this.imgNum++;\n	},\n	maxHeight:0,\n	imgEls:[],\n	addImg:function(num){\n		var el=document.createElement(''div'');\n		el.id="slideImgWrap"+num;\n		el.className="slideImgWrap"; \n		if(this.imgInfos[num].fullFilePath.length>0)\n			 imgURL=this.imgInfos[num].fullFilePath;\n		else imgURL=''/concrete5.6.3.2/files/''+this.imgInfos[num].fileName; \n		//el.innerHTML=''<img src="''+imgURL+''" >'';\n		el.innerHTML=''<div style="height:''+this.imgInfos[num].imgHeight+''px; background:url(\\''''+escape(imgURL)+''\\'') center no-repeat">&nbsp;</div>'';\n		//alert(imgURL);\n		if(this.imgInfos[num].url.length>0) {\n			//el.linkURL=this.imgInfos[num].url;\n			var clickEvent=''onclick="return ccmSlideShowHelper69.imgClick( this.href  );"'';\n			el.innerHTML=''<a href="''+this.imgInfos[num].url+''" ''+clickEvent+'' >''+el.innerHTML+''</a>'';			\n		}\n		el.style.display=''none'';\n		this.displayWrap.append(el);\n		var jqEl=$(el);\n		this.imgEls.push(jqEl);\n	},\n	imgClick:function(linkURL){\n		//override for custom behavior\n	},\n	imgInfos:[\n				{\n				fileName:"diap.png",\n				fullFilePath:"/concrete5.6.3.2/files/8314/2479/3640/diap.png",\n				duration:5,\n				fadeDuration:2,		\n				url:"",\n				groupSet:1,\n				imgHeight:335			}\n		,			{\n				fileName:"diap2.png",\n				fullFilePath:"/concrete5.6.3.2/files/1114/2479/3967/diap2.png",\n				duration:5,\n				fadeDuration:2,		\n				url:"",\n				groupSet:2,\n				imgHeight:335			}\n		,			{\n				fileName:"diap3.png",\n				fullFilePath:"/concrete5.6.3.2/files/6114/2479/3969/diap3.png",\n				duration:5,\n				fadeDuration:2,		\n				url:"",\n				groupSet:3,\n				imgHeight:335			}\n			]\n}\n$(function(){ccmSlideShowHelper69.init();}); \n//]]>\n</script>\n\n<div id="ccm-SlideshowBlock-display69" style="height:335px" class="ccm-SlideshowBlock-display">\n<div id="ccm-SlideshowBlock-heightSetter69" class="ccm-SlideshowBlock-heightSetter"></div>\n<div class="ccm-SlideshowBlock-clear" ></div>\n</div>\n', 1582560996),
(1, 33, 70, 'col1', '\n<div id="HTMLBlock70" class="HTMLBlock">\n<h2>Perfect Logic</h2></div>', 1582560996),
(1, 33, 71, 'col1', '\n<div id="HTMLBlock71" class="HTMLBlock">\n<p>All you want your website do</p></div>', 1582560996),
(1, 33, 72, 'col1', '<img border="0" class="ccm-image-block" alt="" src="/concrete5.6.3.2/files/7614/2176/9617/ImgArticle1.png" width="298" height="189" />', 1582560996),
(1, 33, 74, 'col2', '\n<div id="HTMLBlock74" class="HTMLBlock">\n<h2>Complete Solution</h2></div>', 1582560817),
(1, 33, 75, 'col2', '\n<div id="HTMLBlock75" class="HTMLBlock">\nA tool anything and everything you can think</div>', 1582560831),
(1, 33, 76, 'col2', '<img border="0" class="ccm-image-block" alt="" src="/concrete5.6.3.2/files/1814/2176/9849/ImgArticle2.png" width="298" height="193" />', 1582560849),
(1, 33, 77, 'col2', '\n<div id="HTMLBlock77" class="HTMLBlock">\nLorem ipsum dolor sit amet, consectetur adipiscing elit. Phasellus sed lacinia odio. Nulla vehicula velit maximus odio euismod, ac sodales erat condimentum.</div>', 1582560869),
(1, 33, 78, 'col3', '\n<div id="HTMLBlock78" class="HTMLBlock">\n<h2>Uber Culture</h2></div>', 1582560891),
(1, 33, 79, 'col3', '\n<div id="HTMLBlock79" class="HTMLBlock">\nFresh, Modern and ready to the future</div>', 1582560906),
(1, 33, 80, 'col3', '<img border="0" class="ccm-image-block" alt="" src="/concrete5.6.3.2/files/8714/2176/9948/ImgArticle3.png" width="298" height="193" />', 1582560926),
(1, 33, 81, 'col3', '\n<div id="HTMLBlock81" class="HTMLBlock">\n<p>Lorem ipsum dolor sit amet, consectetur adipiscing elit. Phasellus sed lacinia odio. Nulla vehicula velit maximus odio euismod, ac sodales erat condimentum.</p></div>', 1582560957),
(1, 33, 82, 'col1', '\n<div id="HTMLBlock82" class="HTMLBlock">\n<p>Lorem ipsum dolor sit amet, consectetur adipiscing elit. Phasellus sed lacinia odio. Nulla vehicula velit maximus odio euismod, ac sodales erat condimentum.</p></div>', 1582560981),
(1, 34, 35, 'Titre', '\n<div id="HTMLBlock35" class="HTMLBlock">\nLorem ipsum dolor sit amet, consectetur adipiscing</div>', 1582561070),
(1, 34, 69, 'banniere', '\n<script type="text/javascript">\n//<![CDATA[\nvar ccmSlideShowHelper69 = {\n\n	bID:69,\n	imgNum:0,\n	\n	init:function(){\n		this.displayWrap=$(''#ccm-SlideshowBlock-display''+this.bID); \n		if(this.imgInfos.length==0){\n			//alert(''There are no images in this slideshow'');\n			return false;\n		}\n		var maxHeight=0;\n		for(var i=0;i<this.imgInfos.length;i++){\n			this.addImg(i);\n			if(maxHeight==0 || this.imgInfos[i].imgHeight > maxHeight)\n				maxHeight=this.imgInfos[i].imgHeight;\n		}\n		this.displayWrap.css(''height'',maxHeight);\n\n		\n		//center images\n		for(var i=0;i<this.imgInfos.length;i++){ \n			if( this.imgInfos[i].imgHeight < maxHeight){\n				var t=((maxHeight - this.imgInfos[i].imgHeight)/2);\n				this.imgEls[i].css(''top'',t);\n			}\n		}\n		this.nextImg();\n	}, \n	nextImg:function(){ \n		if(this.imgNum>=this.imgInfos.length) this.imgNum=0;  \n		this.imgEls[this.imgNum].css(''opacity'',0);\n		this.imgEls[this.imgNum].css(''display'',''block'');\n		this.imgEls[this.imgNum].animate({opacity:1},\n			this.imgInfos[this.imgNum].fadeDuration*1000,'''',function(){ccmSlideShowHelper69.preparefadeOut()});\n		var prevNum=this.imgNum-1;\n		if(prevNum<0) prevNum=this.imgInfos.length-1;\n		if(this.imgInfos.length==1) return;\n		this.imgEls[prevNum].animate({opacity:0},this.imgInfos[this.imgNum].fadeDuration*800,function(){this.style.zIndex=1;});			\n	},\n	preparefadeOut:function(){\n		if(this.imgInfos.length==1) return;\n		var milisecDuration=parseInt(this.imgInfos[this.imgNum].duration)*1000;\n		this.imgEls[this.imgNum].css(''z-index'',2);\n		setTimeout(''ccmSlideShowHelper''+69+''.nextImg();'',milisecDuration);\n		this.imgNum++;\n	},\n	maxHeight:0,\n	imgEls:[],\n	addImg:function(num){\n		var el=document.createElement(''div'');\n		el.id="slideImgWrap"+num;\n		el.className="slideImgWrap"; \n		if(this.imgInfos[num].fullFilePath.length>0)\n			 imgURL=this.imgInfos[num].fullFilePath;\n		else imgURL=''/concrete5.6.3.2/files/''+this.imgInfos[num].fileName; \n		//el.innerHTML=''<img src="''+imgURL+''" >'';\n		el.innerHTML=''<div style="height:''+this.imgInfos[num].imgHeight+''px; background:url(\\''''+escape(imgURL)+''\\'') center no-repeat">&nbsp;</div>'';\n		//alert(imgURL);\n		if(this.imgInfos[num].url.length>0) {\n			//el.linkURL=this.imgInfos[num].url;\n			var clickEvent=''onclick="return ccmSlideShowHelper69.imgClick( this.href  );"'';\n			el.innerHTML=''<a href="''+this.imgInfos[num].url+''" ''+clickEvent+'' >''+el.innerHTML+''</a>'';			\n		}\n		el.style.display=''none'';\n		this.displayWrap.append(el);\n		var jqEl=$(el);\n		this.imgEls.push(jqEl);\n	},\n	imgClick:function(linkURL){\n		//override for custom behavior\n	},\n	imgInfos:[\n				{\n				fileName:"diap.png",\n				fullFilePath:"/concrete5.6.3.2/files/8314/2479/3640/diap.png",\n				duration:5,\n				fadeDuration:2,		\n				url:"",\n				groupSet:1,\n				imgHeight:335			}\n		,			{\n				fileName:"diap2.png",\n				fullFilePath:"/concrete5.6.3.2/files/1114/2479/3967/diap2.png",\n				duration:5,\n				fadeDuration:2,		\n				url:"",\n				groupSet:2,\n				imgHeight:335			}\n		,			{\n				fileName:"diap3.png",\n				fullFilePath:"/concrete5.6.3.2/files/6114/2479/3969/diap3.png",\n				duration:5,\n				fadeDuration:2,		\n				url:"",\n				groupSet:3,\n				imgHeight:335			}\n			]\n}\n$(function(){ccmSlideShowHelper69.init();}); \n//]]>\n</script>\n\n<div id="ccm-SlideshowBlock-display69" style="height:335px" class="ccm-SlideshowBlock-display">\n<div id="ccm-SlideshowBlock-heightSetter69" class="ccm-SlideshowBlock-heightSetter"></div>\n<div class="ccm-SlideshowBlock-clear" ></div>\n</div>\n', 1582561070),
(1, 34, 70, 'col1', '\n<div id="HTMLBlock70" class="HTMLBlock">\n<h2>Perfect Logic</h2></div>', 1582561070),
(1, 34, 71, 'col1', '\n<div id="HTMLBlock71" class="HTMLBlock">\n<p>All you want your website do</p></div>', 1582561070),
(1, 34, 72, 'col1', '<img border="0" class="ccm-image-block" alt="" src="/concrete5.6.3.2/files/7614/2176/9617/ImgArticle1.png" width="298" height="189" />', 1582561070),
(1, 34, 74, 'col2', '\n<div id="HTMLBlock74" class="HTMLBlock">\n<h2>Complete Solution</h2></div>', 1582561070),
(1, 34, 75, 'col2', '\n<div id="HTMLBlock75" class="HTMLBlock">\nA tool anything and everything you can think</div>', 1582561070),
(1, 34, 76, 'col2', '<img border="0" class="ccm-image-block" alt="" src="/concrete5.6.3.2/files/1814/2176/9849/ImgArticle2.png" width="298" height="193" />', 1582561070),
(1, 34, 77, 'col2', '\n<div id="HTMLBlock77" class="HTMLBlock">\nLorem ipsum dolor sit amet, consectetur adipiscing elit. Phasellus sed lacinia odio. Nulla vehicula velit maximus odio euismod, ac sodales erat condimentum.</div>', 1582561070),
(1, 34, 78, 'col3', '\n<div id="HTMLBlock78" class="HTMLBlock">\n<h2>Uber Culture</h2></div>', 1582561070),
(1, 34, 79, 'col3', '\n<div id="HTMLBlock79" class="HTMLBlock">\nFresh, Modern and ready to the future</div>', 1582561070),
(1, 34, 80, 'col3', '<img border="0" class="ccm-image-block" alt="" src="/concrete5.6.3.2/files/8714/2176/9948/ImgArticle3.png" width="298" height="193" />', 1582561070),
(1, 34, 81, 'col3', '\n<div id="HTMLBlock81" class="HTMLBlock">\n<p>Lorem ipsum dolor sit amet, consectetur adipiscing elit. Phasellus sed lacinia odio. Nulla vehicula velit maximus odio euismod, ac sodales erat condimentum.</p></div>', 1582561070),
(1, 34, 83, 'col1', '\n<div id="HTMLBlock83" class="HTMLBlock">\n<p>Lorem ipsum dolor sit amet, consectetur adipiscing elit. Phasellus sed lacinia odio. Nulla vehicula velit maximus odio euismod, ac sodales erat condimentum.</p></div>', 1582561052),
(1, 34, 84, 'col2', '\n<div id="HTMLBlock84" class="HTMLBlock">\nLorem ipsum dolor sit amet, consectetur adipiscing elit. Phasellus sed lacinia odio. Nulla vehicula velit maximus odio euismod, ac sodales erat condimentum.</div>', 1582561083),
(1, 34, 85, 'col3', '\n<div id="HTMLBlock85" class="HTMLBlock">\n<p>Lorem ipsum dolor sit amet, consectetur adipiscing elit. Phasellus sed lacinia odio. Nulla vehicula velit maximus odio euismod, ac sodales erat condimentum.</p></div>', 1582561090),
(1, 34, 86, 'col2', '<img border="0" class="ccm-image-block" alt="" src="/concrete5.6.3.2/files/1814/2176/9849/ImgArticle2.png" width="298" height="193" />', 1582561112),
(1, 34, 87, 'col3', '<img border="0" class="ccm-image-block" alt="" src="/concrete5.6.3.2/files/8714/2176/9948/ImgArticle3.png" width="298" height="193" />', 1582561124),
(1, 34, 88, 'col2', '\n<div id="HTMLBlock88" class="HTMLBlock">\nA tool anything and everything you can think</div>', 1582561136),
(1, 34, 89, 'col3', '\n<div id="HTMLBlock89" class="HTMLBlock">\nFresh, Modern and ready to the future</div>', 1582561147),
(1, 35, 35, 'Titre', '\n<div id="HTMLBlock35" class="HTMLBlock">\nLorem ipsum dolor sit amet, consectetur adipiscing</div>', 1582561784);
INSERT INTO `CollectionVersionBlocksOutputCache` (`cID`, `cvID`, `bID`, `arHandle`, `btCachedBlockOutput`, `btCachedBlockOutputExpires`) VALUES
(1, 35, 69, 'banniere', '\n<script type="text/javascript">\n//<![CDATA[\nvar ccmSlideShowHelper69 = {\n\n	bID:69,\n	imgNum:0,\n	\n	init:function(){\n		this.displayWrap=$(''#ccm-SlideshowBlock-display''+this.bID); \n		if(this.imgInfos.length==0){\n			//alert(''There are no images in this slideshow'');\n			return false;\n		}\n		var maxHeight=0;\n		for(var i=0;i<this.imgInfos.length;i++){\n			this.addImg(i);\n			if(maxHeight==0 || this.imgInfos[i].imgHeight > maxHeight)\n				maxHeight=this.imgInfos[i].imgHeight;\n		}\n		this.displayWrap.css(''height'',maxHeight);\n\n		\n		//center images\n		for(var i=0;i<this.imgInfos.length;i++){ \n			if( this.imgInfos[i].imgHeight < maxHeight){\n				var t=((maxHeight - this.imgInfos[i].imgHeight)/2);\n				this.imgEls[i].css(''top'',t);\n			}\n		}\n		this.nextImg();\n	}, \n	nextImg:function(){ \n		if(this.imgNum>=this.imgInfos.length) this.imgNum=0;  \n		this.imgEls[this.imgNum].css(''opacity'',0);\n		this.imgEls[this.imgNum].css(''display'',''block'');\n		this.imgEls[this.imgNum].animate({opacity:1},\n			this.imgInfos[this.imgNum].fadeDuration*1000,'''',function(){ccmSlideShowHelper69.preparefadeOut()});\n		var prevNum=this.imgNum-1;\n		if(prevNum<0) prevNum=this.imgInfos.length-1;\n		if(this.imgInfos.length==1) return;\n		this.imgEls[prevNum].animate({opacity:0},this.imgInfos[this.imgNum].fadeDuration*800,function(){this.style.zIndex=1;});			\n	},\n	preparefadeOut:function(){\n		if(this.imgInfos.length==1) return;\n		var milisecDuration=parseInt(this.imgInfos[this.imgNum].duration)*1000;\n		this.imgEls[this.imgNum].css(''z-index'',2);\n		setTimeout(''ccmSlideShowHelper''+69+''.nextImg();'',milisecDuration);\n		this.imgNum++;\n	},\n	maxHeight:0,\n	imgEls:[],\n	addImg:function(num){\n		var el=document.createElement(''div'');\n		el.id="slideImgWrap"+num;\n		el.className="slideImgWrap"; \n		if(this.imgInfos[num].fullFilePath.length>0)\n			 imgURL=this.imgInfos[num].fullFilePath;\n		else imgURL=''/concrete5.6.3.2/files/''+this.imgInfos[num].fileName; \n		//el.innerHTML=''<img src="''+imgURL+''" >'';\n		el.innerHTML=''<div style="height:''+this.imgInfos[num].imgHeight+''px; background:url(\\''''+escape(imgURL)+''\\'') center no-repeat">&nbsp;</div>'';\n		//alert(imgURL);\n		if(this.imgInfos[num].url.length>0) {\n			//el.linkURL=this.imgInfos[num].url;\n			var clickEvent=''onclick="return ccmSlideShowHelper69.imgClick( this.href  );"'';\n			el.innerHTML=''<a href="''+this.imgInfos[num].url+''" ''+clickEvent+'' >''+el.innerHTML+''</a>'';			\n		}\n		el.style.display=''none'';\n		this.displayWrap.append(el);\n		var jqEl=$(el);\n		this.imgEls.push(jqEl);\n	},\n	imgClick:function(linkURL){\n		//override for custom behavior\n	},\n	imgInfos:[\n				{\n				fileName:"diap.png",\n				fullFilePath:"/concrete5.6.3.2/files/8314/2479/3640/diap.png",\n				duration:5,\n				fadeDuration:2,		\n				url:"",\n				groupSet:1,\n				imgHeight:335			}\n		,			{\n				fileName:"diap2.png",\n				fullFilePath:"/concrete5.6.3.2/files/1114/2479/3967/diap2.png",\n				duration:5,\n				fadeDuration:2,		\n				url:"",\n				groupSet:2,\n				imgHeight:335			}\n		,			{\n				fileName:"diap3.png",\n				fullFilePath:"/concrete5.6.3.2/files/6114/2479/3969/diap3.png",\n				duration:5,\n				fadeDuration:2,		\n				url:"",\n				groupSet:3,\n				imgHeight:335			}\n			]\n}\n$(function(){ccmSlideShowHelper69.init();}); \n//]]>\n</script>\n\n<div id="ccm-SlideshowBlock-display69" style="height:335px" class="ccm-SlideshowBlock-display">\n<div id="ccm-SlideshowBlock-heightSetter69" class="ccm-SlideshowBlock-heightSetter"></div>\n<div class="ccm-SlideshowBlock-clear" ></div>\n</div>\n', 1582561784),
(1, 35, 70, 'col1', '\n<div id="HTMLBlock70" class="HTMLBlock">\n<h2>Perfect Logic</h2></div>', 1582561784),
(1, 35, 71, 'col1', '\n<div id="HTMLBlock71" class="HTMLBlock">\n<p>All you want your website do</p></div>', 1582561784),
(1, 35, 72, 'col1', '<img border="0" class="ccm-image-block" alt="" src="/concrete5.6.3.2/files/7614/2176/9617/ImgArticle1.png" width="298" height="189" />', 1582561784),
(1, 35, 74, 'col2', '\n<div id="HTMLBlock74" class="HTMLBlock">\n<h2>Complete Solution</h2></div>', 1582561784),
(1, 35, 78, 'col3', '\n<div id="HTMLBlock78" class="HTMLBlock">\n<h2>Uber Culture</h2></div>', 1582561784),
(1, 35, 83, 'col1', '\n<div id="HTMLBlock83" class="HTMLBlock">\n<p>Lorem ipsum dolor sit amet, consectetur adipiscing elit. Phasellus sed lacinia odio. Nulla vehicula velit maximus odio euismod, ac sodales erat condimentum.</p></div>', 1582561784),
(1, 35, 84, 'col2', '\n<div id="HTMLBlock84" class="HTMLBlock">\nLorem ipsum dolor sit amet, consectetur adipiscing elit. Phasellus sed lacinia odio. Nulla vehicula velit maximus odio euismod, ac sodales erat condimentum.</div>', 1582561784),
(1, 35, 85, 'col3', '\n<div id="HTMLBlock85" class="HTMLBlock">\n<p>Lorem ipsum dolor sit amet, consectetur adipiscing elit. Phasellus sed lacinia odio. Nulla vehicula velit maximus odio euismod, ac sodales erat condimentum.</p></div>', 1582561784),
(1, 35, 86, 'col2', '<img border="0" class="ccm-image-block" alt="" src="/concrete5.6.3.2/files/1814/2176/9849/ImgArticle2.png" width="298" height="193" />', 1582561784),
(1, 35, 87, 'col3', '<img border="0" class="ccm-image-block" alt="" src="/concrete5.6.3.2/files/8714/2176/9948/ImgArticle3.png" width="298" height="193" />', 1582561784),
(1, 35, 88, 'col2', '\n<div id="HTMLBlock88" class="HTMLBlock">\nA tool anything and everything you can think</div>', 1582561784),
(1, 35, 89, 'col3', '\n<div id="HTMLBlock89" class="HTMLBlock">\nFresh, Modern and ready to the future</div>', 1582561784),
(1, 35, 90, 'social', '\n<div id="HTMLBlock90" class="HTMLBlock">\n<h2>Social Connection</h2>\r\n<hr align="center"> </hr></div>', 1582561426),
(1, 35, 90, 'social : Layout 1 : Cell 1', '\n<div id="HTMLBlock90" class="HTMLBlock">\n<h2>Social Connection</h2>\r\n<hr align="center"> </hr></div>', 1582561785),
(1, 35, 91, 'social', '\n<div id="HTMLBlock91" class="HTMLBlock">\n<p>Lorem ipsum dolor sit amet, consectetur adipiscing elit. Phasellus sed lacinia odio.</p></div>', 1582561473),
(1, 35, 91, 'social : Layout 1 : Cell 1', '\n<div id="HTMLBlock91" class="HTMLBlock">\n<p>Lorem ipsum dolor sit amet, consectetur adipiscing elit. Phasellus sed lacinia odio.</p></div>', 1582561785),
(1, 35, 92, 'social', '\n<div id="HTMLBlock92" class="HTMLBlock">\n<img src="<?php echo $this->getThemePath(); ?>/assets/img/LogoRss.png"><img src="<?php echo $this->getThemePath(); ?>/assets/img/LogoFb.png"><img src="<?php echo $this->getThemePath(); ?>/assets/img/LogoIn.png"><img src="<?php echo $this->getThemePath(); ?>/assets/img/LogoYt.png"><img src="<?php echo $this->getThemePath(); ?>/assets/img/LogoTw.png"></div>', 1582561520),
(1, 35, 93, 'social : Layout 2 : Cell 1', '<img border="0" class="ccm-image-block" alt="" src="/concrete5.6.3.2/files/8714/2479/2461/LogoRss.png" width="50" height="49" />', 1582561818),
(1, 35, 94, 'social : Layout 2 : Cell 2', '<img border="0" class="ccm-image-block" alt="" src="/concrete5.6.3.2/files/7714/2479/2459/LogoFb.png" width="50" height="50" />', 1582561833),
(1, 35, 95, 'social : Layout 2 : Cell 3', '<img border="0" class="ccm-image-block" alt="" src="/concrete5.6.3.2/files/7314/2479/2460/LogoIn.png" width="50" height="50" />', 1582561849),
(1, 35, 96, 'social : Layout 2 : Cell 4', '<img border="0" class="ccm-image-block" alt="" src="/concrete5.6.3.2/files/3314/2479/2463/LogoYt.png" width="50" height="50" />', 1582561863),
(1, 35, 97, 'social : Layout 2 : Cell 5', '<img border="0" class="ccm-image-block" alt="" src="/concrete5.6.3.2/files/1014/2479/2462/LogoTw.png" width="50" height="50" />', 1582561876),
(1, 35, 98, 'social', '\n<div id="HTMLBlock98" class="HTMLBlock">\n <h2><b>Newsletter</b></h2>\r\n <hr align="center" size="1"></hr></div>', 1582561943),
(1, 35, 99, 'social', '\n<div id="HTMLBlock99" class="HTMLBlock">\n<p> Entrez votre adresse email si vous souhaitez recevoir des news de notre entreprise</p></div>', 1582562164),
(1, 36, 35, 'Titre', '\n<div id="HTMLBlock35" class="HTMLBlock">\nLorem ipsum dolor sit amet, consectetur adipiscing</div>', 1582562270),
(1, 36, 69, 'banniere', '\n<script type="text/javascript">\n//<![CDATA[\nvar ccmSlideShowHelper69 = {\n\n	bID:69,\n	imgNum:0,\n	\n	init:function(){\n		this.displayWrap=$(''#ccm-SlideshowBlock-display''+this.bID); \n		if(this.imgInfos.length==0){\n			//alert(''There are no images in this slideshow'');\n			return false;\n		}\n		var maxHeight=0;\n		for(var i=0;i<this.imgInfos.length;i++){\n			this.addImg(i);\n			if(maxHeight==0 || this.imgInfos[i].imgHeight > maxHeight)\n				maxHeight=this.imgInfos[i].imgHeight;\n		}\n		this.displayWrap.css(''height'',maxHeight);\n\n		\n		//center images\n		for(var i=0;i<this.imgInfos.length;i++){ \n			if( this.imgInfos[i].imgHeight < maxHeight){\n				var t=((maxHeight - this.imgInfos[i].imgHeight)/2);\n				this.imgEls[i].css(''top'',t);\n			}\n		}\n		this.nextImg();\n	}, \n	nextImg:function(){ \n		if(this.imgNum>=this.imgInfos.length) this.imgNum=0;  \n		this.imgEls[this.imgNum].css(''opacity'',0);\n		this.imgEls[this.imgNum].css(''display'',''block'');\n		this.imgEls[this.imgNum].animate({opacity:1},\n			this.imgInfos[this.imgNum].fadeDuration*1000,'''',function(){ccmSlideShowHelper69.preparefadeOut()});\n		var prevNum=this.imgNum-1;\n		if(prevNum<0) prevNum=this.imgInfos.length-1;\n		if(this.imgInfos.length==1) return;\n		this.imgEls[prevNum].animate({opacity:0},this.imgInfos[this.imgNum].fadeDuration*800,function(){this.style.zIndex=1;});			\n	},\n	preparefadeOut:function(){\n		if(this.imgInfos.length==1) return;\n		var milisecDuration=parseInt(this.imgInfos[this.imgNum].duration)*1000;\n		this.imgEls[this.imgNum].css(''z-index'',2);\n		setTimeout(''ccmSlideShowHelper''+69+''.nextImg();'',milisecDuration);\n		this.imgNum++;\n	},\n	maxHeight:0,\n	imgEls:[],\n	addImg:function(num){\n		var el=document.createElement(''div'');\n		el.id="slideImgWrap"+num;\n		el.className="slideImgWrap"; \n		if(this.imgInfos[num].fullFilePath.length>0)\n			 imgURL=this.imgInfos[num].fullFilePath;\n		else imgURL=''/concrete5.6.3.2/files/''+this.imgInfos[num].fileName; \n		//el.innerHTML=''<img src="''+imgURL+''" >'';\n		el.innerHTML=''<div style="height:''+this.imgInfos[num].imgHeight+''px; background:url(\\''''+escape(imgURL)+''\\'') center no-repeat">&nbsp;</div>'';\n		//alert(imgURL);\n		if(this.imgInfos[num].url.length>0) {\n			//el.linkURL=this.imgInfos[num].url;\n			var clickEvent=''onclick="return ccmSlideShowHelper69.imgClick( this.href  );"'';\n			el.innerHTML=''<a href="''+this.imgInfos[num].url+''" ''+clickEvent+'' >''+el.innerHTML+''</a>'';			\n		}\n		el.style.display=''none'';\n		this.displayWrap.append(el);\n		var jqEl=$(el);\n		this.imgEls.push(jqEl);\n	},\n	imgClick:function(linkURL){\n		//override for custom behavior\n	},\n	imgInfos:[\n				{\n				fileName:"diap.png",\n				fullFilePath:"/concrete5.6.3.2/files/8314/2479/3640/diap.png",\n				duration:5,\n				fadeDuration:2,		\n				url:"",\n				groupSet:1,\n				imgHeight:335			}\n		,			{\n				fileName:"diap2.png",\n				fullFilePath:"/concrete5.6.3.2/files/1114/2479/3967/diap2.png",\n				duration:5,\n				fadeDuration:2,		\n				url:"",\n				groupSet:2,\n				imgHeight:335			}\n		,			{\n				fileName:"diap3.png",\n				fullFilePath:"/concrete5.6.3.2/files/6114/2479/3969/diap3.png",\n				duration:5,\n				fadeDuration:2,		\n				url:"",\n				groupSet:3,\n				imgHeight:335			}\n			]\n}\n$(function(){ccmSlideShowHelper69.init();}); \n//]]>\n</script>\n\n<div id="ccm-SlideshowBlock-display69" style="height:335px" class="ccm-SlideshowBlock-display">\n<div id="ccm-SlideshowBlock-heightSetter69" class="ccm-SlideshowBlock-heightSetter"></div>\n<div class="ccm-SlideshowBlock-clear" ></div>\n</div>\n', 1582562270),
(1, 36, 70, 'col1', '\n<div id="HTMLBlock70" class="HTMLBlock">\n<h2>Perfect Logic</h2></div>', 1582562270),
(1, 36, 71, 'col1', '\n<div id="HTMLBlock71" class="HTMLBlock">\n<p>All you want your website do</p></div>', 1582562270),
(1, 36, 72, 'col1', '<img border="0" class="ccm-image-block" alt="" src="/concrete5.6.3.2/files/7614/2176/9617/ImgArticle1.png" width="298" height="189" />', 1582562270),
(1, 36, 74, 'col2', '\n<div id="HTMLBlock74" class="HTMLBlock">\n<h2>Complete Solution</h2></div>', 1582562270),
(1, 36, 78, 'col3', '\n<div id="HTMLBlock78" class="HTMLBlock">\n<h2>Uber Culture</h2></div>', 1582562270),
(1, 36, 83, 'col1', '\n<div id="HTMLBlock83" class="HTMLBlock">\n<p>Lorem ipsum dolor sit amet, consectetur adipiscing elit. Phasellus sed lacinia odio. Nulla vehicula velit maximus odio euismod, ac sodales erat condimentum.</p></div>', 1582562270),
(1, 36, 84, 'col2', '\n<div id="HTMLBlock84" class="HTMLBlock">\nLorem ipsum dolor sit amet, consectetur adipiscing elit. Phasellus sed lacinia odio. Nulla vehicula velit maximus odio euismod, ac sodales erat condimentum.</div>', 1582562270),
(1, 36, 85, 'col3', '\n<div id="HTMLBlock85" class="HTMLBlock">\n<p>Lorem ipsum dolor sit amet, consectetur adipiscing elit. Phasellus sed lacinia odio. Nulla vehicula velit maximus odio euismod, ac sodales erat condimentum.</p></div>', 1582562270),
(1, 36, 86, 'col2', '<img border="0" class="ccm-image-block" alt="" src="/concrete5.6.3.2/files/1814/2176/9849/ImgArticle2.png" width="298" height="193" />', 1582562270),
(1, 36, 87, 'col3', '<img border="0" class="ccm-image-block" alt="" src="/concrete5.6.3.2/files/8714/2176/9948/ImgArticle3.png" width="298" height="193" />', 1582562270),
(1, 36, 88, 'col2', '\n<div id="HTMLBlock88" class="HTMLBlock">\nA tool anything and everything you can think</div>', 1582562270),
(1, 36, 89, 'col3', '\n<div id="HTMLBlock89" class="HTMLBlock">\nFresh, Modern and ready to the future</div>', 1582562270),
(1, 36, 90, 'social : Layout 1 : Cell 1', '\n<div id="HTMLBlock90" class="HTMLBlock">\n<h2>Social Connection</h2>\r\n<hr align="center"> </hr></div>', 1582562271),
(1, 36, 91, 'social : Layout 1 : Cell 1', '\n<div id="HTMLBlock91" class="HTMLBlock">\n<p>Lorem ipsum dolor sit amet, consectetur adipiscing elit. Phasellus sed lacinia odio.</p></div>', 1582562271),
(1, 36, 93, 'social : Layout 2 : Cell 1', '<img border="0" class="ccm-image-block" alt="" src="/concrete5.6.3.2/files/8714/2479/2461/LogoRss.png" width="50" height="49" />', 1582562271),
(1, 36, 94, 'social : Layout 2 : Cell 2', '<img border="0" class="ccm-image-block" alt="" src="/concrete5.6.3.2/files/7714/2479/2459/LogoFb.png" width="50" height="50" />', 1582562271),
(1, 36, 95, 'social : Layout 2 : Cell 3', '<img border="0" class="ccm-image-block" alt="" src="/concrete5.6.3.2/files/7314/2479/2460/LogoIn.png" width="50" height="50" />', 1582562271),
(1, 36, 96, 'social : Layout 2 : Cell 4', '<img border="0" class="ccm-image-block" alt="" src="/concrete5.6.3.2/files/3314/2479/2463/LogoYt.png" width="50" height="50" />', 1582562271),
(1, 36, 97, 'social : Layout 2 : Cell 5', '<img border="0" class="ccm-image-block" alt="" src="/concrete5.6.3.2/files/1014/2479/2462/LogoTw.png" width="50" height="50" />', 1582562271),
(1, 36, 98, 'social', '\n<div id="HTMLBlock98" class="HTMLBlock">\n <h2><b>Newsletter</b></h2>\r\n <hr align="center" size="1"></hr></div>', 1582562271),
(1, 36, 99, 'social', '\n<div id="HTMLBlock99" class="HTMLBlock">\n<p> Entrez votre adresse email si vous souhaitez recevoir des news de notre entreprise</p></div>', 1582562271),
(1, 36, 101, 'social : Layout 1 : Cell 1', '\n<div id="HTMLBlock101" class="HTMLBlock">\n<h2>Social Connection</h2>\r\n<hr align="center"> </hr></div>', 1582562338),
(1, 36, 102, 'social', '\n<div id="HTMLBlock102" class="HTMLBlock">\n <h2><b>Newsletter</b></h2>\r\n <hr align="center" size="1"></hr></div>', 1582562382),
(1, 36, 103, 'social : Layout 1 : Cell 1', '\n<div id="HTMLBlock103" class="HTMLBlock">\n<p>Lorem ipsum dolor sit amet, consectetur adipiscing elit. Phasellus sed lacinia odio.</p></div>', 1582562405),
(1, 36, 104, 'social : Layout 2 : Cell 1', '<img border="0" class="ccm-image-block" alt="" src="/concrete5.6.3.2/files/cache/cb5d03155b4d331b3c07d4099a8c6e3a_f10.png"  width="30" height="29" />', 1582562505),
(1, 37, 35, 'Titre', '\n<div id="HTMLBlock35" class="HTMLBlock">\nLorem ipsum dolor sit amet, consectetur adipiscing</div>', 1582562559),
(1, 37, 69, 'banniere', '\n<script type="text/javascript">\n//<![CDATA[\nvar ccmSlideShowHelper69 = {\n\n	bID:69,\n	imgNum:0,\n	\n	init:function(){\n		this.displayWrap=$(''#ccm-SlideshowBlock-display''+this.bID); \n		if(this.imgInfos.length==0){\n			//alert(''There are no images in this slideshow'');\n			return false;\n		}\n		var maxHeight=0;\n		for(var i=0;i<this.imgInfos.length;i++){\n			this.addImg(i);\n			if(maxHeight==0 || this.imgInfos[i].imgHeight > maxHeight)\n				maxHeight=this.imgInfos[i].imgHeight;\n		}\n		this.displayWrap.css(''height'',maxHeight);\n\n		\n		//center images\n		for(var i=0;i<this.imgInfos.length;i++){ \n			if( this.imgInfos[i].imgHeight < maxHeight){\n				var t=((maxHeight - this.imgInfos[i].imgHeight)/2);\n				this.imgEls[i].css(''top'',t);\n			}\n		}\n		this.nextImg();\n	}, \n	nextImg:function(){ \n		if(this.imgNum>=this.imgInfos.length) this.imgNum=0;  \n		this.imgEls[this.imgNum].css(''opacity'',0);\n		this.imgEls[this.imgNum].css(''display'',''block'');\n		this.imgEls[this.imgNum].animate({opacity:1},\n			this.imgInfos[this.imgNum].fadeDuration*1000,'''',function(){ccmSlideShowHelper69.preparefadeOut()});\n		var prevNum=this.imgNum-1;\n		if(prevNum<0) prevNum=this.imgInfos.length-1;\n		if(this.imgInfos.length==1) return;\n		this.imgEls[prevNum].animate({opacity:0},this.imgInfos[this.imgNum].fadeDuration*800,function(){this.style.zIndex=1;});			\n	},\n	preparefadeOut:function(){\n		if(this.imgInfos.length==1) return;\n		var milisecDuration=parseInt(this.imgInfos[this.imgNum].duration)*1000;\n		this.imgEls[this.imgNum].css(''z-index'',2);\n		setTimeout(''ccmSlideShowHelper''+69+''.nextImg();'',milisecDuration);\n		this.imgNum++;\n	},\n	maxHeight:0,\n	imgEls:[],\n	addImg:function(num){\n		var el=document.createElement(''div'');\n		el.id="slideImgWrap"+num;\n		el.className="slideImgWrap"; \n		if(this.imgInfos[num].fullFilePath.length>0)\n			 imgURL=this.imgInfos[num].fullFilePath;\n		else imgURL=''/concrete5.6.3.2/files/''+this.imgInfos[num].fileName; \n		//el.innerHTML=''<img src="''+imgURL+''" >'';\n		el.innerHTML=''<div style="height:''+this.imgInfos[num].imgHeight+''px; background:url(\\''''+escape(imgURL)+''\\'') center no-repeat">&nbsp;</div>'';\n		//alert(imgURL);\n		if(this.imgInfos[num].url.length>0) {\n			//el.linkURL=this.imgInfos[num].url;\n			var clickEvent=''onclick="return ccmSlideShowHelper69.imgClick( this.href  );"'';\n			el.innerHTML=''<a href="''+this.imgInfos[num].url+''" ''+clickEvent+'' >''+el.innerHTML+''</a>'';			\n		}\n		el.style.display=''none'';\n		this.displayWrap.append(el);\n		var jqEl=$(el);\n		this.imgEls.push(jqEl);\n	},\n	imgClick:function(linkURL){\n		//override for custom behavior\n	},\n	imgInfos:[\n				{\n				fileName:"diap.png",\n				fullFilePath:"/concrete5.6.3.2/files/8314/2479/3640/diap.png",\n				duration:5,\n				fadeDuration:2,		\n				url:"",\n				groupSet:1,\n				imgHeight:335			}\n		,			{\n				fileName:"diap2.png",\n				fullFilePath:"/concrete5.6.3.2/files/1114/2479/3967/diap2.png",\n				duration:5,\n				fadeDuration:2,		\n				url:"",\n				groupSet:2,\n				imgHeight:335			}\n		,			{\n				fileName:"diap3.png",\n				fullFilePath:"/concrete5.6.3.2/files/6114/2479/3969/diap3.png",\n				duration:5,\n				fadeDuration:2,		\n				url:"",\n				groupSet:3,\n				imgHeight:335			}\n			]\n}\n$(function(){ccmSlideShowHelper69.init();}); \n//]]>\n</script>\n\n<div id="ccm-SlideshowBlock-display69" style="height:335px" class="ccm-SlideshowBlock-display">\n<div id="ccm-SlideshowBlock-heightSetter69" class="ccm-SlideshowBlock-heightSetter"></div>\n<div class="ccm-SlideshowBlock-clear" ></div>\n</div>\n', 1582562559),
(1, 37, 70, 'col1', '\n<div id="HTMLBlock70" class="HTMLBlock">\n<h2>Perfect Logic</h2></div>', 1582562559),
(1, 37, 71, 'col1', '\n<div id="HTMLBlock71" class="HTMLBlock">\n<p>All you want your website do</p></div>', 1582562559),
(1, 37, 72, 'col1', '<img border="0" class="ccm-image-block" alt="" src="/concrete5.6.3.2/files/7614/2176/9617/ImgArticle1.png" width="298" height="189" />', 1582562559),
(1, 37, 74, 'col2', '\n<div id="HTMLBlock74" class="HTMLBlock">\n<h2>Complete Solution</h2></div>', 1582562559),
(1, 37, 78, 'col3', '\n<div id="HTMLBlock78" class="HTMLBlock">\n<h2>Uber Culture</h2></div>', 1582562559),
(1, 37, 83, 'col1', '\n<div id="HTMLBlock83" class="HTMLBlock">\n<p>Lorem ipsum dolor sit amet, consectetur adipiscing elit. Phasellus sed lacinia odio. Nulla vehicula velit maximus odio euismod, ac sodales erat condimentum.</p></div>', 1582562559),
(1, 37, 84, 'col2', '\n<div id="HTMLBlock84" class="HTMLBlock">\nLorem ipsum dolor sit amet, consectetur adipiscing elit. Phasellus sed lacinia odio. Nulla vehicula velit maximus odio euismod, ac sodales erat condimentum.</div>', 1582562559),
(1, 37, 85, 'col3', '\n<div id="HTMLBlock85" class="HTMLBlock">\n<p>Lorem ipsum dolor sit amet, consectetur adipiscing elit. Phasellus sed lacinia odio. Nulla vehicula velit maximus odio euismod, ac sodales erat condimentum.</p></div>', 1582562559),
(1, 37, 86, 'col2', '<img border="0" class="ccm-image-block" alt="" src="/concrete5.6.3.2/files/1814/2176/9849/ImgArticle2.png" width="298" height="193" />', 1582562559),
(1, 37, 87, 'col3', '<img border="0" class="ccm-image-block" alt="" src="/concrete5.6.3.2/files/8714/2176/9948/ImgArticle3.png" width="298" height="193" />', 1582562559),
(1, 37, 88, 'col2', '\n<div id="HTMLBlock88" class="HTMLBlock">\nA tool anything and everything you can think</div>', 1582562559),
(1, 37, 89, 'col3', '\n<div id="HTMLBlock89" class="HTMLBlock">\nFresh, Modern and ready to the future</div>', 1582562559),
(1, 37, 94, 'social : Layout 2 : Cell 2', '<img border="0" class="ccm-image-block" alt="" src="/concrete5.6.3.2/files/7714/2479/2459/LogoFb.png" width="50" height="50" />', 1582562559),
(1, 37, 95, 'social : Layout 2 : Cell 3', '<img border="0" class="ccm-image-block" alt="" src="/concrete5.6.3.2/files/7314/2479/2460/LogoIn.png" width="50" height="50" />', 1582562560),
(1, 37, 96, 'social : Layout 2 : Cell 4', '<img border="0" class="ccm-image-block" alt="" src="/concrete5.6.3.2/files/3314/2479/2463/LogoYt.png" width="50" height="50" />', 1582562560),
(1, 37, 97, 'social : Layout 2 : Cell 5', '<img border="0" class="ccm-image-block" alt="" src="/concrete5.6.3.2/files/1014/2479/2462/LogoTw.png" width="50" height="50" />', 1582562560),
(1, 37, 99, 'social', '\n<div id="HTMLBlock99" class="HTMLBlock">\n<p> Entrez votre adresse email si vous souhaitez recevoir des news de notre entreprise</p></div>', 1582562560),
(1, 37, 101, 'social : Layout 1 : Cell 1', '\n<div id="HTMLBlock101" class="HTMLBlock">\n<h2>Social Connection</h2>\r\n<hr align="center"> </hr></div>', 1582562559),
(1, 37, 102, 'social', '\n<div id="HTMLBlock102" class="HTMLBlock">\n <h2><b>Newsletter</b></h2>\r\n <hr align="center" size="1"></hr></div>', 1582562560),
(1, 37, 103, 'social : Layout 1 : Cell 1', '\n<div id="HTMLBlock103" class="HTMLBlock">\n<p>Lorem ipsum dolor sit amet, consectetur adipiscing elit. Phasellus sed lacinia odio.</p></div>', 1582562559),
(1, 37, 104, 'social : Layout 2 : Cell 1', '<img border="0" class="ccm-image-block" alt="" src="/concrete5.6.3.2/files/cache/cb5d03155b4d331b3c07d4099a8c6e3a_f10.png"  width="30" height="29" />', 1582562559),
(1, 38, 35, 'Titre', '\n<div id="HTMLBlock35" class="HTMLBlock">\nLorem ipsum dolor sit amet, consectetur adipiscing</div>', 1582562792),
(1, 38, 69, 'banniere', '\n<script type="text/javascript">\n//<![CDATA[\nvar ccmSlideShowHelper69 = {\n\n	bID:69,\n	imgNum:0,\n	\n	init:function(){\n		this.displayWrap=$(''#ccm-SlideshowBlock-display''+this.bID); \n		if(this.imgInfos.length==0){\n			//alert(''There are no images in this slideshow'');\n			return false;\n		}\n		var maxHeight=0;\n		for(var i=0;i<this.imgInfos.length;i++){\n			this.addImg(i);\n			if(maxHeight==0 || this.imgInfos[i].imgHeight > maxHeight)\n				maxHeight=this.imgInfos[i].imgHeight;\n		}\n		this.displayWrap.css(''height'',maxHeight);\n\n		\n		//center images\n		for(var i=0;i<this.imgInfos.length;i++){ \n			if( this.imgInfos[i].imgHeight < maxHeight){\n				var t=((maxHeight - this.imgInfos[i].imgHeight)/2);\n				this.imgEls[i].css(''top'',t);\n			}\n		}\n		this.nextImg();\n	}, \n	nextImg:function(){ \n		if(this.imgNum>=this.imgInfos.length) this.imgNum=0;  \n		this.imgEls[this.imgNum].css(''opacity'',0);\n		this.imgEls[this.imgNum].css(''display'',''block'');\n		this.imgEls[this.imgNum].animate({opacity:1},\n			this.imgInfos[this.imgNum].fadeDuration*1000,'''',function(){ccmSlideShowHelper69.preparefadeOut()});\n		var prevNum=this.imgNum-1;\n		if(prevNum<0) prevNum=this.imgInfos.length-1;\n		if(this.imgInfos.length==1) return;\n		this.imgEls[prevNum].animate({opacity:0},this.imgInfos[this.imgNum].fadeDuration*800,function(){this.style.zIndex=1;});			\n	},\n	preparefadeOut:function(){\n		if(this.imgInfos.length==1) return;\n		var milisecDuration=parseInt(this.imgInfos[this.imgNum].duration)*1000;\n		this.imgEls[this.imgNum].css(''z-index'',2);\n		setTimeout(''ccmSlideShowHelper''+69+''.nextImg();'',milisecDuration);\n		this.imgNum++;\n	},\n	maxHeight:0,\n	imgEls:[],\n	addImg:function(num){\n		var el=document.createElement(''div'');\n		el.id="slideImgWrap"+num;\n		el.className="slideImgWrap"; \n		if(this.imgInfos[num].fullFilePath.length>0)\n			 imgURL=this.imgInfos[num].fullFilePath;\n		else imgURL=''/concrete5.6.3.2/files/''+this.imgInfos[num].fileName; \n		//el.innerHTML=''<img src="''+imgURL+''" >'';\n		el.innerHTML=''<div style="height:''+this.imgInfos[num].imgHeight+''px; background:url(\\''''+escape(imgURL)+''\\'') center no-repeat">&nbsp;</div>'';\n		//alert(imgURL);\n		if(this.imgInfos[num].url.length>0) {\n			//el.linkURL=this.imgInfos[num].url;\n			var clickEvent=''onclick="return ccmSlideShowHelper69.imgClick( this.href  );"'';\n			el.innerHTML=''<a href="''+this.imgInfos[num].url+''" ''+clickEvent+'' >''+el.innerHTML+''</a>'';			\n		}\n		el.style.display=''none'';\n		this.displayWrap.append(el);\n		var jqEl=$(el);\n		this.imgEls.push(jqEl);\n	},\n	imgClick:function(linkURL){\n		//override for custom behavior\n	},\n	imgInfos:[\n				{\n				fileName:"diap.png",\n				fullFilePath:"/concrete5.6.3.2/files/8314/2479/3640/diap.png",\n				duration:5,\n				fadeDuration:2,		\n				url:"",\n				groupSet:1,\n				imgHeight:335			}\n		,			{\n				fileName:"diap2.png",\n				fullFilePath:"/concrete5.6.3.2/files/1114/2479/3967/diap2.png",\n				duration:5,\n				fadeDuration:2,		\n				url:"",\n				groupSet:2,\n				imgHeight:335			}\n		,			{\n				fileName:"diap3.png",\n				fullFilePath:"/concrete5.6.3.2/files/6114/2479/3969/diap3.png",\n				duration:5,\n				fadeDuration:2,		\n				url:"",\n				groupSet:3,\n				imgHeight:335			}\n			]\n}\n$(function(){ccmSlideShowHelper69.init();}); \n//]]>\n</script>\n\n<div id="ccm-SlideshowBlock-display69" style="height:335px" class="ccm-SlideshowBlock-display">\n<div id="ccm-SlideshowBlock-heightSetter69" class="ccm-SlideshowBlock-heightSetter"></div>\n<div class="ccm-SlideshowBlock-clear" ></div>\n</div>\n', 1582562792),
(1, 38, 70, 'col1', '\n<div id="HTMLBlock70" class="HTMLBlock">\n<h2>Perfect Logic</h2></div>', 1582562792),
(1, 38, 71, 'col1', '\n<div id="HTMLBlock71" class="HTMLBlock">\n<p>All you want your website do</p></div>', 1582562792),
(1, 38, 72, 'col1', '<img border="0" class="ccm-image-block" alt="" src="/concrete5.6.3.2/files/7614/2176/9617/ImgArticle1.png" width="298" height="189" />', 1582562792),
(1, 38, 74, 'col2', '\n<div id="HTMLBlock74" class="HTMLBlock">\n<h2>Complete Solution</h2></div>', 1582562792),
(1, 38, 78, 'col3', '\n<div id="HTMLBlock78" class="HTMLBlock">\n<h2>Uber Culture</h2></div>', 1582562792),
(1, 38, 83, 'col1', '\n<div id="HTMLBlock83" class="HTMLBlock">\n<p>Lorem ipsum dolor sit amet, consectetur adipiscing elit. Phasellus sed lacinia odio. Nulla vehicula velit maximus odio euismod, ac sodales erat condimentum.</p></div>', 1582562792),
(1, 38, 84, 'col2', '\n<div id="HTMLBlock84" class="HTMLBlock">\nLorem ipsum dolor sit amet, consectetur adipiscing elit. Phasellus sed lacinia odio. Nulla vehicula velit maximus odio euismod, ac sodales erat condimentum.</div>', 1582562792),
(1, 38, 85, 'col3', '\n<div id="HTMLBlock85" class="HTMLBlock">\n<p>Lorem ipsum dolor sit amet, consectetur adipiscing elit. Phasellus sed lacinia odio. Nulla vehicula velit maximus odio euismod, ac sodales erat condimentum.</p></div>', 1582562792),
(1, 38, 86, 'col2', '<img border="0" class="ccm-image-block" alt="" src="/concrete5.6.3.2/files/1814/2176/9849/ImgArticle2.png" width="298" height="193" />', 1582562792),
(1, 38, 87, 'col3', '<img border="0" class="ccm-image-block" alt="" src="/concrete5.6.3.2/files/8714/2176/9948/ImgArticle3.png" width="298" height="193" />', 1582562792),
(1, 38, 88, 'col2', '\n<div id="HTMLBlock88" class="HTMLBlock">\nA tool anything and everything you can think</div>', 1582562792),
(1, 38, 89, 'col3', '\n<div id="HTMLBlock89" class="HTMLBlock">\nFresh, Modern and ready to the future</div>', 1582562792),
(1, 38, 94, 'social : Layout 2 : Cell 2', '<img border="0" class="ccm-image-block" alt="" src="/concrete5.6.3.2/files/7714/2479/2459/LogoFb.png" width="50" height="50" />', 1582562792),
(1, 38, 95, 'social : Layout 2 : Cell 3', '<img border="0" class="ccm-image-block" alt="" src="/concrete5.6.3.2/files/7314/2479/2460/LogoIn.png" width="50" height="50" />', 1582562792),
(1, 38, 96, 'social : Layout 2 : Cell 4', '<img border="0" class="ccm-image-block" alt="" src="/concrete5.6.3.2/files/3314/2479/2463/LogoYt.png" width="50" height="50" />', 1582562792),
(1, 38, 97, 'social : Layout 2 : Cell 5', '<img border="0" class="ccm-image-block" alt="" src="/concrete5.6.3.2/files/1014/2479/2462/LogoTw.png" width="50" height="50" />', 1582562793),
(1, 38, 99, 'social', '\n<div id="HTMLBlock99" class="HTMLBlock">\n<p> Entrez votre adresse email si vous souhaitez recevoir des news de notre entreprise</p></div>', 1582562793),
(1, 38, 101, 'social : Layout 1 : Cell 1', '\n<div id="HTMLBlock101" class="HTMLBlock">\n<h2>Social Connection</h2>\r\n<hr align="center"> </hr></div>', 1582562792),
(1, 38, 102, 'social', '\n<div id="HTMLBlock102" class="HTMLBlock">\n <h2><b>Newsletter</b></h2>\r\n <hr align="center" size="1"></hr></div>', 1582562793),
(1, 38, 103, 'social : Layout 1 : Cell 1', '\n<div id="HTMLBlock103" class="HTMLBlock">\n<p>Lorem ipsum dolor sit amet, consectetur adipiscing elit. Phasellus sed lacinia odio.</p></div>', 1582562792),
(1, 38, 104, 'social : Layout 2 : Cell 1', '<img border="0" class="ccm-image-block" alt="" src="/concrete5.6.3.2/files/cache/cb5d03155b4d331b3c07d4099a8c6e3a_f10.png"  width="30" height="29" />', 1582562792),
(1, 38, 105, 'contact', '\n<div id="HTMLBlock105" class="HTMLBlock">\n<h2>Contact</h2>\r\n<hr align="center"> </hr></div>', 1582562671),
(1, 39, 35, 'Titre', '\n<div id="HTMLBlock35" class="HTMLBlock">\nLorem ipsum dolor sit amet, consectetur adipiscing</div>', 1582562826),
(1, 39, 69, 'banniere', '\n<script type="text/javascript">\n//<![CDATA[\nvar ccmSlideShowHelper69 = {\n\n	bID:69,\n	imgNum:0,\n	\n	init:function(){\n		this.displayWrap=$(''#ccm-SlideshowBlock-display''+this.bID); \n		if(this.imgInfos.length==0){\n			//alert(''There are no images in this slideshow'');\n			return false;\n		}\n		var maxHeight=0;\n		for(var i=0;i<this.imgInfos.length;i++){\n			this.addImg(i);\n			if(maxHeight==0 || this.imgInfos[i].imgHeight > maxHeight)\n				maxHeight=this.imgInfos[i].imgHeight;\n		}\n		this.displayWrap.css(''height'',maxHeight);\n\n		\n		//center images\n		for(var i=0;i<this.imgInfos.length;i++){ \n			if( this.imgInfos[i].imgHeight < maxHeight){\n				var t=((maxHeight - this.imgInfos[i].imgHeight)/2);\n				this.imgEls[i].css(''top'',t);\n			}\n		}\n		this.nextImg();\n	}, \n	nextImg:function(){ \n		if(this.imgNum>=this.imgInfos.length) this.imgNum=0;  \n		this.imgEls[this.imgNum].css(''opacity'',0);\n		this.imgEls[this.imgNum].css(''display'',''block'');\n		this.imgEls[this.imgNum].animate({opacity:1},\n			this.imgInfos[this.imgNum].fadeDuration*1000,'''',function(){ccmSlideShowHelper69.preparefadeOut()});\n		var prevNum=this.imgNum-1;\n		if(prevNum<0) prevNum=this.imgInfos.length-1;\n		if(this.imgInfos.length==1) return;\n		this.imgEls[prevNum].animate({opacity:0},this.imgInfos[this.imgNum].fadeDuration*800,function(){this.style.zIndex=1;});			\n	},\n	preparefadeOut:function(){\n		if(this.imgInfos.length==1) return;\n		var milisecDuration=parseInt(this.imgInfos[this.imgNum].duration)*1000;\n		this.imgEls[this.imgNum].css(''z-index'',2);\n		setTimeout(''ccmSlideShowHelper''+69+''.nextImg();'',milisecDuration);\n		this.imgNum++;\n	},\n	maxHeight:0,\n	imgEls:[],\n	addImg:function(num){\n		var el=document.createElement(''div'');\n		el.id="slideImgWrap"+num;\n		el.className="slideImgWrap"; \n		if(this.imgInfos[num].fullFilePath.length>0)\n			 imgURL=this.imgInfos[num].fullFilePath;\n		else imgURL=''/concrete5.6.3.2/files/''+this.imgInfos[num].fileName; \n		//el.innerHTML=''<img src="''+imgURL+''" >'';\n		el.innerHTML=''<div style="height:''+this.imgInfos[num].imgHeight+''px; background:url(\\''''+escape(imgURL)+''\\'') center no-repeat">&nbsp;</div>'';\n		//alert(imgURL);\n		if(this.imgInfos[num].url.length>0) {\n			//el.linkURL=this.imgInfos[num].url;\n			var clickEvent=''onclick="return ccmSlideShowHelper69.imgClick( this.href  );"'';\n			el.innerHTML=''<a href="''+this.imgInfos[num].url+''" ''+clickEvent+'' >''+el.innerHTML+''</a>'';			\n		}\n		el.style.display=''none'';\n		this.displayWrap.append(el);\n		var jqEl=$(el);\n		this.imgEls.push(jqEl);\n	},\n	imgClick:function(linkURL){\n		//override for custom behavior\n	},\n	imgInfos:[\n				{\n				fileName:"diap.png",\n				fullFilePath:"/concrete5.6.3.2/files/8314/2479/3640/diap.png",\n				duration:5,\n				fadeDuration:2,		\n				url:"",\n				groupSet:1,\n				imgHeight:335			}\n		,			{\n				fileName:"diap2.png",\n				fullFilePath:"/concrete5.6.3.2/files/1114/2479/3967/diap2.png",\n				duration:5,\n				fadeDuration:2,		\n				url:"",\n				groupSet:2,\n				imgHeight:335			}\n		,			{\n				fileName:"diap3.png",\n				fullFilePath:"/concrete5.6.3.2/files/6114/2479/3969/diap3.png",\n				duration:5,\n				fadeDuration:2,		\n				url:"",\n				groupSet:3,\n				imgHeight:335			}\n			]\n}\n$(function(){ccmSlideShowHelper69.init();}); \n//]]>\n</script>\n\n<div id="ccm-SlideshowBlock-display69" style="height:335px" class="ccm-SlideshowBlock-display">\n<div id="ccm-SlideshowBlock-heightSetter69" class="ccm-SlideshowBlock-heightSetter"></div>\n<div class="ccm-SlideshowBlock-clear" ></div>\n</div>\n', 1582562826),
(1, 39, 70, 'col1', '\n<div id="HTMLBlock70" class="HTMLBlock">\n<h2>Perfect Logic</h2></div>', 1582562826),
(1, 39, 71, 'col1', '\n<div id="HTMLBlock71" class="HTMLBlock">\n<p>All you want your website do</p></div>', 1582562826),
(1, 39, 72, 'col1', '<img border="0" class="ccm-image-block" alt="" src="/concrete5.6.3.2/files/7614/2176/9617/ImgArticle1.png" width="298" height="189" />', 1582562826),
(1, 39, 74, 'col2', '\n<div id="HTMLBlock74" class="HTMLBlock">\n<h2>Complete Solution</h2></div>', 1582562826),
(1, 39, 78, 'col3', '\n<div id="HTMLBlock78" class="HTMLBlock">\n<h2>Uber Culture</h2></div>', 1582562826),
(1, 39, 83, 'col1', '\n<div id="HTMLBlock83" class="HTMLBlock">\n<p>Lorem ipsum dolor sit amet, consectetur adipiscing elit. Phasellus sed lacinia odio. Nulla vehicula velit maximus odio euismod, ac sodales erat condimentum.</p></div>', 1582562826),
(1, 39, 84, 'col2', '\n<div id="HTMLBlock84" class="HTMLBlock">\nLorem ipsum dolor sit amet, consectetur adipiscing elit. Phasellus sed lacinia odio. Nulla vehicula velit maximus odio euismod, ac sodales erat condimentum.</div>', 1582562826),
(1, 39, 85, 'col3', '\n<div id="HTMLBlock85" class="HTMLBlock">\n<p>Lorem ipsum dolor sit amet, consectetur adipiscing elit. Phasellus sed lacinia odio. Nulla vehicula velit maximus odio euismod, ac sodales erat condimentum.</p></div>', 1582562826),
(1, 39, 86, 'col2', '<img border="0" class="ccm-image-block" alt="" src="/concrete5.6.3.2/files/1814/2176/9849/ImgArticle2.png" width="298" height="193" />', 1582562826),
(1, 39, 87, 'col3', '<img border="0" class="ccm-image-block" alt="" src="/concrete5.6.3.2/files/8714/2176/9948/ImgArticle3.png" width="298" height="193" />', 1582562826),
(1, 39, 88, 'col2', '\n<div id="HTMLBlock88" class="HTMLBlock">\nA tool anything and everything you can think</div>', 1582562826),
(1, 39, 89, 'col3', '\n<div id="HTMLBlock89" class="HTMLBlock">\nFresh, Modern and ready to the future</div>', 1582562826),
(1, 39, 94, 'social : Layout 2 : Cell 2', '<img border="0" class="ccm-image-block" alt="" src="/concrete5.6.3.2/files/7714/2479/2459/LogoFb.png" width="50" height="50" />', 1582562827),
(1, 39, 95, 'social : Layout 2 : Cell 3', '<img border="0" class="ccm-image-block" alt="" src="/concrete5.6.3.2/files/7314/2479/2460/LogoIn.png" width="50" height="50" />', 1582562827),
(1, 39, 96, 'social : Layout 2 : Cell 4', '<img border="0" class="ccm-image-block" alt="" src="/concrete5.6.3.2/files/3314/2479/2463/LogoYt.png" width="50" height="50" />', 1582562827),
(1, 39, 97, 'social : Layout 2 : Cell 5', '<img border="0" class="ccm-image-block" alt="" src="/concrete5.6.3.2/files/1014/2479/2462/LogoTw.png" width="50" height="50" />', 1582562827),
(1, 39, 99, 'social', '\n<div id="HTMLBlock99" class="HTMLBlock">\n<p> Entrez votre adresse email si vous souhaitez recevoir des news de notre entreprise</p></div>', 1582562827),
(1, 39, 101, 'social : Layout 1 : Cell 1', '\n<div id="HTMLBlock101" class="HTMLBlock">\n<h2>Social Connection</h2>\r\n<hr align="center"> </hr></div>', 1582562826),
(1, 39, 102, 'social', '\n<div id="HTMLBlock102" class="HTMLBlock">\n <h2><b>Newsletter</b></h2>\r\n <hr align="center" size="1"></hr></div>', 1582562827),
(1, 39, 103, 'social : Layout 1 : Cell 1', '\n<div id="HTMLBlock103" class="HTMLBlock">\n<p>Lorem ipsum dolor sit amet, consectetur adipiscing elit. Phasellus sed lacinia odio.</p></div>', 1582562826),
(1, 39, 104, 'social : Layout 2 : Cell 1', '<img border="0" class="ccm-image-block" alt="" src="/concrete5.6.3.2/files/cache/cb5d03155b4d331b3c07d4099a8c6e3a_f10.png"  width="30" height="29" />', 1582562827),
(1, 39, 105, 'contact', '\n<div id="HTMLBlock105" class="HTMLBlock">\n<h2>Contact</h2>\r\n<hr align="center"> </hr></div>', 1582562827),
(1, 40, 35, 'Titre', '\n<div id="HTMLBlock35" class="HTMLBlock">\nLorem ipsum dolor sit amet, consectetur adipiscing</div>', 1582562865),
(1, 40, 69, 'banniere', '\n<script type="text/javascript">\n//<![CDATA[\nvar ccmSlideShowHelper69 = {\n\n	bID:69,\n	imgNum:0,\n	\n	init:function(){\n		this.displayWrap=$(''#ccm-SlideshowBlock-display''+this.bID); \n		if(this.imgInfos.length==0){\n			//alert(''There are no images in this slideshow'');\n			return false;\n		}\n		var maxHeight=0;\n		for(var i=0;i<this.imgInfos.length;i++){\n			this.addImg(i);\n			if(maxHeight==0 || this.imgInfos[i].imgHeight > maxHeight)\n				maxHeight=this.imgInfos[i].imgHeight;\n		}\n		this.displayWrap.css(''height'',maxHeight);\n\n		\n		//center images\n		for(var i=0;i<this.imgInfos.length;i++){ \n			if( this.imgInfos[i].imgHeight < maxHeight){\n				var t=((maxHeight - this.imgInfos[i].imgHeight)/2);\n				this.imgEls[i].css(''top'',t);\n			}\n		}\n		this.nextImg();\n	}, \n	nextImg:function(){ \n		if(this.imgNum>=this.imgInfos.length) this.imgNum=0;  \n		this.imgEls[this.imgNum].css(''opacity'',0);\n		this.imgEls[this.imgNum].css(''display'',''block'');\n		this.imgEls[this.imgNum].animate({opacity:1},\n			this.imgInfos[this.imgNum].fadeDuration*1000,'''',function(){ccmSlideShowHelper69.preparefadeOut()});\n		var prevNum=this.imgNum-1;\n		if(prevNum<0) prevNum=this.imgInfos.length-1;\n		if(this.imgInfos.length==1) return;\n		this.imgEls[prevNum].animate({opacity:0},this.imgInfos[this.imgNum].fadeDuration*800,function(){this.style.zIndex=1;});			\n	},\n	preparefadeOut:function(){\n		if(this.imgInfos.length==1) return;\n		var milisecDuration=parseInt(this.imgInfos[this.imgNum].duration)*1000;\n		this.imgEls[this.imgNum].css(''z-index'',2);\n		setTimeout(''ccmSlideShowHelper''+69+''.nextImg();'',milisecDuration);\n		this.imgNum++;\n	},\n	maxHeight:0,\n	imgEls:[],\n	addImg:function(num){\n		var el=document.createElement(''div'');\n		el.id="slideImgWrap"+num;\n		el.className="slideImgWrap"; \n		if(this.imgInfos[num].fullFilePath.length>0)\n			 imgURL=this.imgInfos[num].fullFilePath;\n		else imgURL=''/concrete5.6.3.2/files/''+this.imgInfos[num].fileName; \n		//el.innerHTML=''<img src="''+imgURL+''" >'';\n		el.innerHTML=''<div style="height:''+this.imgInfos[num].imgHeight+''px; background:url(\\''''+escape(imgURL)+''\\'') center no-repeat">&nbsp;</div>'';\n		//alert(imgURL);\n		if(this.imgInfos[num].url.length>0) {\n			//el.linkURL=this.imgInfos[num].url;\n			var clickEvent=''onclick="return ccmSlideShowHelper69.imgClick( this.href  );"'';\n			el.innerHTML=''<a href="''+this.imgInfos[num].url+''" ''+clickEvent+'' >''+el.innerHTML+''</a>'';			\n		}\n		el.style.display=''none'';\n		this.displayWrap.append(el);\n		var jqEl=$(el);\n		this.imgEls.push(jqEl);\n	},\n	imgClick:function(linkURL){\n		//override for custom behavior\n	},\n	imgInfos:[\n				{\n				fileName:"diap.png",\n				fullFilePath:"/concrete5.6.3.2/files/8314/2479/3640/diap.png",\n				duration:5,\n				fadeDuration:2,		\n				url:"",\n				groupSet:1,\n				imgHeight:335			}\n		,			{\n				fileName:"diap2.png",\n				fullFilePath:"/concrete5.6.3.2/files/1114/2479/3967/diap2.png",\n				duration:5,\n				fadeDuration:2,		\n				url:"",\n				groupSet:2,\n				imgHeight:335			}\n		,			{\n				fileName:"diap3.png",\n				fullFilePath:"/concrete5.6.3.2/files/6114/2479/3969/diap3.png",\n				duration:5,\n				fadeDuration:2,		\n				url:"",\n				groupSet:3,\n				imgHeight:335			}\n			]\n}\n$(function(){ccmSlideShowHelper69.init();}); \n//]]>\n</script>\n\n<div id="ccm-SlideshowBlock-display69" style="height:335px" class="ccm-SlideshowBlock-display">\n<div id="ccm-SlideshowBlock-heightSetter69" class="ccm-SlideshowBlock-heightSetter"></div>\n<div class="ccm-SlideshowBlock-clear" ></div>\n</div>\n', 1582562865),
(1, 40, 70, 'col1', '\n<div id="HTMLBlock70" class="HTMLBlock">\n<h2>Perfect Logic</h2></div>', 1582562865),
(1, 40, 71, 'col1', '\n<div id="HTMLBlock71" class="HTMLBlock">\n<p>All you want your website do</p></div>', 1582562865),
(1, 40, 72, 'col1', '<img border="0" class="ccm-image-block" alt="" src="/concrete5.6.3.2/files/7614/2176/9617/ImgArticle1.png" width="298" height="189" />', 1582562865),
(1, 40, 74, 'col2', '\n<div id="HTMLBlock74" class="HTMLBlock">\n<h2>Complete Solution</h2></div>', 1582562865),
(1, 40, 78, 'col3', '\n<div id="HTMLBlock78" class="HTMLBlock">\n<h2>Uber Culture</h2></div>', 1582562865),
(1, 40, 83, 'col1', '\n<div id="HTMLBlock83" class="HTMLBlock">\n<p>Lorem ipsum dolor sit amet, consectetur adipiscing elit. Phasellus sed lacinia odio. Nulla vehicula velit maximus odio euismod, ac sodales erat condimentum.</p></div>', 1582562865),
(1, 40, 84, 'col2', '\n<div id="HTMLBlock84" class="HTMLBlock">\nLorem ipsum dolor sit amet, consectetur adipiscing elit. Phasellus sed lacinia odio. Nulla vehicula velit maximus odio euismod, ac sodales erat condimentum.</div>', 1582562865),
(1, 40, 85, 'col3', '\n<div id="HTMLBlock85" class="HTMLBlock">\n<p>Lorem ipsum dolor sit amet, consectetur adipiscing elit. Phasellus sed lacinia odio. Nulla vehicula velit maximus odio euismod, ac sodales erat condimentum.</p></div>', 1582562865),
(1, 40, 86, 'col2', '<img border="0" class="ccm-image-block" alt="" src="/concrete5.6.3.2/files/1814/2176/9849/ImgArticle2.png" width="298" height="193" />', 1582562865),
(1, 40, 87, 'col3', '<img border="0" class="ccm-image-block" alt="" src="/concrete5.6.3.2/files/8714/2176/9948/ImgArticle3.png" width="298" height="193" />', 1582562865),
(1, 40, 88, 'col2', '\n<div id="HTMLBlock88" class="HTMLBlock">\nA tool anything and everything you can think</div>', 1582562865),
(1, 40, 89, 'col3', '\n<div id="HTMLBlock89" class="HTMLBlock">\nFresh, Modern and ready to the future</div>', 1582562865),
(1, 40, 94, 'social : Layout 2 : Cell 2', '<img border="0" class="ccm-image-block" alt="" src="/concrete5.6.3.2/files/7714/2479/2459/LogoFb.png" width="50" height="50" />', 1582562866),
(1, 40, 95, 'social : Layout 2 : Cell 3', '<img border="0" class="ccm-image-block" alt="" src="/concrete5.6.3.2/files/7314/2479/2460/LogoIn.png" width="50" height="50" />', 1582562866),
(1, 40, 96, 'social : Layout 2 : Cell 4', '<img border="0" class="ccm-image-block" alt="" src="/concrete5.6.3.2/files/3314/2479/2463/LogoYt.png" width="50" height="50" />', 1582562866),
(1, 40, 97, 'social : Layout 2 : Cell 5', '<img border="0" class="ccm-image-block" alt="" src="/concrete5.6.3.2/files/1014/2479/2462/LogoTw.png" width="50" height="50" />', 1582562866),
(1, 40, 99, 'social', '\n<div id="HTMLBlock99" class="HTMLBlock">\n<p> Entrez votre adresse email si vous souhaitez recevoir des news de notre entreprise</p></div>', 1582562866),
(1, 40, 101, 'social : Layout 1 : Cell 1', '\n<div id="HTMLBlock101" class="HTMLBlock">\n<h2>Social Connection</h2>\r\n<hr align="center"> </hr></div>', 1582562866),
(1, 40, 102, 'social', '\n<div id="HTMLBlock102" class="HTMLBlock">\n <h2><b>Newsletter</b></h2>\r\n <hr align="center" size="1"></hr></div>', 1582562866),
(1, 40, 103, 'social : Layout 1 : Cell 1', '\n<div id="HTMLBlock103" class="HTMLBlock">\n<p>Lorem ipsum dolor sit amet, consectetur adipiscing elit. Phasellus sed lacinia odio.</p></div>', 1582562866),
(1, 40, 104, 'social : Layout 2 : Cell 1', '<img border="0" class="ccm-image-block" alt="" src="/concrete5.6.3.2/files/cache/cb5d03155b4d331b3c07d4099a8c6e3a_f10.png"  width="30" height="29" />', 1582562866),
(1, 40, 105, 'contact', '\n<div id="HTMLBlock105" class="HTMLBlock">\n<h2>Contact</h2>\r\n<hr align="center"> </hr></div>', 1582562866),
(1, 40, 108, 'actualite', '\n<div id="HTMLBlock108" class="HTMLBlock">\n <h2>News Updates</h2>\r\n<hr align="center"> </hr></div>', 1582563926),
(1, 41, 35, 'Titre', '\n<div id="HTMLBlock35" class="HTMLBlock">\nLorem ipsum dolor sit amet, consectetur adipiscing</div>', 1582564460),
(1, 41, 69, 'banniere', '\n<script type="text/javascript">\n//<![CDATA[\nvar ccmSlideShowHelper69 = {\n\n	bID:69,\n	imgNum:0,\n	\n	init:function(){\n		this.displayWrap=$(''#ccm-SlideshowBlock-display''+this.bID); \n		if(this.imgInfos.length==0){\n			//alert(''There are no images in this slideshow'');\n			return false;\n		}\n		var maxHeight=0;\n		for(var i=0;i<this.imgInfos.length;i++){\n			this.addImg(i);\n			if(maxHeight==0 || this.imgInfos[i].imgHeight > maxHeight)\n				maxHeight=this.imgInfos[i].imgHeight;\n		}\n		this.displayWrap.css(''height'',maxHeight);\n\n		\n		//center images\n		for(var i=0;i<this.imgInfos.length;i++){ \n			if( this.imgInfos[i].imgHeight < maxHeight){\n				var t=((maxHeight - this.imgInfos[i].imgHeight)/2);\n				this.imgEls[i].css(''top'',t);\n			}\n		}\n		this.nextImg();\n	}, \n	nextImg:function(){ \n		if(this.imgNum>=this.imgInfos.length) this.imgNum=0;  \n		this.imgEls[this.imgNum].css(''opacity'',0);\n		this.imgEls[this.imgNum].css(''display'',''block'');\n		this.imgEls[this.imgNum].animate({opacity:1},\n			this.imgInfos[this.imgNum].fadeDuration*1000,'''',function(){ccmSlideShowHelper69.preparefadeOut()});\n		var prevNum=this.imgNum-1;\n		if(prevNum<0) prevNum=this.imgInfos.length-1;\n		if(this.imgInfos.length==1) return;\n		this.imgEls[prevNum].animate({opacity:0},this.imgInfos[this.imgNum].fadeDuration*800,function(){this.style.zIndex=1;});			\n	},\n	preparefadeOut:function(){\n		if(this.imgInfos.length==1) return;\n		var milisecDuration=parseInt(this.imgInfos[this.imgNum].duration)*1000;\n		this.imgEls[this.imgNum].css(''z-index'',2);\n		setTimeout(''ccmSlideShowHelper''+69+''.nextImg();'',milisecDuration);\n		this.imgNum++;\n	},\n	maxHeight:0,\n	imgEls:[],\n	addImg:function(num){\n		var el=document.createElement(''div'');\n		el.id="slideImgWrap"+num;\n		el.className="slideImgWrap"; \n		if(this.imgInfos[num].fullFilePath.length>0)\n			 imgURL=this.imgInfos[num].fullFilePath;\n		else imgURL=''/concrete5.6.3.2/files/''+this.imgInfos[num].fileName; \n		//el.innerHTML=''<img src="''+imgURL+''" >'';\n		el.innerHTML=''<div style="height:''+this.imgInfos[num].imgHeight+''px; background:url(\\''''+escape(imgURL)+''\\'') center no-repeat">&nbsp;</div>'';\n		//alert(imgURL);\n		if(this.imgInfos[num].url.length>0) {\n			//el.linkURL=this.imgInfos[num].url;\n			var clickEvent=''onclick="return ccmSlideShowHelper69.imgClick( this.href  );"'';\n			el.innerHTML=''<a href="''+this.imgInfos[num].url+''" ''+clickEvent+'' >''+el.innerHTML+''</a>'';			\n		}\n		el.style.display=''none'';\n		this.displayWrap.append(el);\n		var jqEl=$(el);\n		this.imgEls.push(jqEl);\n	},\n	imgClick:function(linkURL){\n		//override for custom behavior\n	},\n	imgInfos:[\n				{\n				fileName:"diap.png",\n				fullFilePath:"/concrete5.6.3.2/files/8314/2479/3640/diap.png",\n				duration:5,\n				fadeDuration:2,		\n				url:"",\n				groupSet:1,\n				imgHeight:335			}\n		,			{\n				fileName:"diap2.png",\n				fullFilePath:"/concrete5.6.3.2/files/1114/2479/3967/diap2.png",\n				duration:5,\n				fadeDuration:2,		\n				url:"",\n				groupSet:2,\n				imgHeight:335			}\n		,			{\n				fileName:"diap3.png",\n				fullFilePath:"/concrete5.6.3.2/files/6114/2479/3969/diap3.png",\n				duration:5,\n				fadeDuration:2,		\n				url:"",\n				groupSet:3,\n				imgHeight:335			}\n			]\n}\n$(function(){ccmSlideShowHelper69.init();}); \n//]]>\n</script>\n\n<div id="ccm-SlideshowBlock-display69" style="height:335px" class="ccm-SlideshowBlock-display">\n<div id="ccm-SlideshowBlock-heightSetter69" class="ccm-SlideshowBlock-heightSetter"></div>\n<div class="ccm-SlideshowBlock-clear" ></div>\n</div>\n', 1582564460),
(1, 41, 70, 'col1', '\n<div id="HTMLBlock70" class="HTMLBlock">\n<h2>Perfect Logic</h2></div>', 1582564460);
INSERT INTO `CollectionVersionBlocksOutputCache` (`cID`, `cvID`, `bID`, `arHandle`, `btCachedBlockOutput`, `btCachedBlockOutputExpires`) VALUES
(1, 41, 71, 'col1', '\n<div id="HTMLBlock71" class="HTMLBlock">\n<p>All you want your website do</p></div>', 1582564460),
(1, 41, 72, 'col1', '<img border="0" class="ccm-image-block" alt="" src="/concrete5.6.3.2/files/7614/2176/9617/ImgArticle1.png" width="298" height="189" />', 1582564460),
(1, 41, 74, 'col2', '\n<div id="HTMLBlock74" class="HTMLBlock">\n<h2>Complete Solution</h2></div>', 1582564461),
(1, 41, 78, 'col3', '\n<div id="HTMLBlock78" class="HTMLBlock">\n<h2>Uber Culture</h2></div>', 1582564461),
(1, 41, 83, 'col1', '\n<div id="HTMLBlock83" class="HTMLBlock">\n<p>Lorem ipsum dolor sit amet, consectetur adipiscing elit. Phasellus sed lacinia odio. Nulla vehicula velit maximus odio euismod, ac sodales erat condimentum.</p></div>', 1582564461),
(1, 41, 84, 'col2', '\n<div id="HTMLBlock84" class="HTMLBlock">\nLorem ipsum dolor sit amet, consectetur adipiscing elit. Phasellus sed lacinia odio. Nulla vehicula velit maximus odio euismod, ac sodales erat condimentum.</div>', 1582564461),
(1, 41, 85, 'col3', '\n<div id="HTMLBlock85" class="HTMLBlock">\n<p>Lorem ipsum dolor sit amet, consectetur adipiscing elit. Phasellus sed lacinia odio. Nulla vehicula velit maximus odio euismod, ac sodales erat condimentum.</p></div>', 1582564461),
(1, 41, 86, 'col2', '<img border="0" class="ccm-image-block" alt="" src="/concrete5.6.3.2/files/1814/2176/9849/ImgArticle2.png" width="298" height="193" />', 1582564461),
(1, 41, 87, 'col3', '<img border="0" class="ccm-image-block" alt="" src="/concrete5.6.3.2/files/8714/2176/9948/ImgArticle3.png" width="298" height="193" />', 1582564461),
(1, 41, 88, 'col2', '\n<div id="HTMLBlock88" class="HTMLBlock">\nA tool anything and everything you can think</div>', 1582564461),
(1, 41, 89, 'col3', '\n<div id="HTMLBlock89" class="HTMLBlock">\nFresh, Modern and ready to the future</div>', 1582564461),
(1, 41, 94, 'social : Layout 2 : Cell 2', '<img border="0" class="ccm-image-block" alt="" src="/concrete5.6.3.2/files/7714/2479/2459/LogoFb.png" width="50" height="50" />', 1582564461),
(1, 41, 95, 'social : Layout 2 : Cell 3', '<img border="0" class="ccm-image-block" alt="" src="/concrete5.6.3.2/files/7314/2479/2460/LogoIn.png" width="50" height="50" />', 1582564461),
(1, 41, 96, 'social : Layout 2 : Cell 4', '<img border="0" class="ccm-image-block" alt="" src="/concrete5.6.3.2/files/3314/2479/2463/LogoYt.png" width="50" height="50" />', 1582564461),
(1, 41, 97, 'social : Layout 2 : Cell 5', '<img border="0" class="ccm-image-block" alt="" src="/concrete5.6.3.2/files/1014/2479/2462/LogoTw.png" width="50" height="50" />', 1582564461),
(1, 41, 99, 'social', '\n<div id="HTMLBlock99" class="HTMLBlock">\n<p> Entrez votre adresse email si vous souhaitez recevoir des news de notre entreprise</p></div>', 1582564461),
(1, 41, 101, 'social : Layout 1 : Cell 1', '\n<div id="HTMLBlock101" class="HTMLBlock">\n<h2>Social Connection</h2>\r\n<hr align="center"> </hr></div>', 1582564461),
(1, 41, 102, 'social', '\n<div id="HTMLBlock102" class="HTMLBlock">\n <h2><b>Newsletter</b></h2>\r\n <hr align="center" size="1"></hr></div>', 1582564461),
(1, 41, 103, 'social : Layout 1 : Cell 1', '\n<div id="HTMLBlock103" class="HTMLBlock">\n<p>Lorem ipsum dolor sit amet, consectetur adipiscing elit. Phasellus sed lacinia odio.</p></div>', 1582564461),
(1, 41, 104, 'social : Layout 2 : Cell 1', '<img border="0" class="ccm-image-block" alt="" src="/concrete5.6.3.2/files/cache/cb5d03155b4d331b3c07d4099a8c6e3a_f10.png"  width="30" height="29" />', 1582564461),
(1, 41, 105, 'contact', '\n<div id="HTMLBlock105" class="HTMLBlock">\n<h2>Contact</h2>\r\n<hr align="center"> </hr></div>', 1582564461),
(1, 41, 108, 'actualite', '\n<div id="HTMLBlock108" class="HTMLBlock">\n <h2>News Updates</h2>\r\n<hr align="center"> </hr></div>', 1582564462),
(1, 41, 108, 'actualite : Layout 1 : Cell 1', '\n<div id="HTMLBlock108" class="HTMLBlock">\n <h2>News Updates</h2>\r\n<hr align="center"> </hr></div>', 1582564781),
(1, 41, 110, 'actualite : Layout 2 : Cell 1', '<img border="0" class="ccm-image-block" alt="" src="/concrete5.6.3.2/files/8414/2177/2642/firefox.png" width="58" height="62" />', 1582564811),
(1, 41, 111, 'actualite : Layout 2 : Cell 1', '<img border="0" class="ccm-image-block" alt="" src="/concrete5.6.3.2/files/3814/2177/2718/news1.png" width="58" height="62" />', 1582564836),
(1, 41, 112, 'actualite : Layout 2 : Cell 1', '<img border="0" class="ccm-image-block" alt="" src="/concrete5.6.3.2/files/8414/2177/2642/firefox.png" width="58" height="62" />', 1582564881),
(1, 41, 113, 'actualite : Layout 2 : Cell 2', '\n<div id="HTMLBlock113" class="HTMLBlock">\nLorem ipsum dolor sit amet, consectetur adipiscing elit. Phasellus sed lacinia odio.</div>', 1582564908),
(1, 41, 114, 'actualite : Layout 2 : Cell 1', '<img border="0" class="ccm-image-block" alt="" src="/concrete5.6.3.2/files/3814/2177/2718/news1.png" width="58" height="62" />', 1582564950),
(1, 41, 115, 'actualite : Layout 2 : Cell 2', '\n<div id="HTMLBlock115" class="HTMLBlock">\nLorem ipsum dolor sit amet, consectetur adipiscing elit. Phasellus sed lacinia odio.</div>', 1582564961),
(1, 41, 116, 'actualite : Layout 2 : Cell 1', '<img border="0" class="ccm-image-block" alt="" src="/concrete5.6.3.2/files/7714/2177/2753/news2.png" width="56" height="61" />', 1582564997),
(1, 41, 117, 'actualite : Layout 2 : Cell 2', '\n<div id="HTMLBlock117" class="HTMLBlock">\nLorem ipsum dolor sit amet, consectetur adipiscing elit. Phasellus sed lacinia odio.</div>', 1582565006),
(1, 42, 35, 'Titre', '\n<div id="HTMLBlock35" class="HTMLBlock">\nLorem ipsum dolor sit amet, consectetur adipiscing</div>', 1582565062),
(1, 42, 69, 'banniere', '\n<script type="text/javascript">\n//<![CDATA[\nvar ccmSlideShowHelper69 = {\n\n	bID:69,\n	imgNum:0,\n	\n	init:function(){\n		this.displayWrap=$(''#ccm-SlideshowBlock-display''+this.bID); \n		if(this.imgInfos.length==0){\n			//alert(''There are no images in this slideshow'');\n			return false;\n		}\n		var maxHeight=0;\n		for(var i=0;i<this.imgInfos.length;i++){\n			this.addImg(i);\n			if(maxHeight==0 || this.imgInfos[i].imgHeight > maxHeight)\n				maxHeight=this.imgInfos[i].imgHeight;\n		}\n		this.displayWrap.css(''height'',maxHeight);\n\n		\n		//center images\n		for(var i=0;i<this.imgInfos.length;i++){ \n			if( this.imgInfos[i].imgHeight < maxHeight){\n				var t=((maxHeight - this.imgInfos[i].imgHeight)/2);\n				this.imgEls[i].css(''top'',t);\n			}\n		}\n		this.nextImg();\n	}, \n	nextImg:function(){ \n		if(this.imgNum>=this.imgInfos.length) this.imgNum=0;  \n		this.imgEls[this.imgNum].css(''opacity'',0);\n		this.imgEls[this.imgNum].css(''display'',''block'');\n		this.imgEls[this.imgNum].animate({opacity:1},\n			this.imgInfos[this.imgNum].fadeDuration*1000,'''',function(){ccmSlideShowHelper69.preparefadeOut()});\n		var prevNum=this.imgNum-1;\n		if(prevNum<0) prevNum=this.imgInfos.length-1;\n		if(this.imgInfos.length==1) return;\n		this.imgEls[prevNum].animate({opacity:0},this.imgInfos[this.imgNum].fadeDuration*800,function(){this.style.zIndex=1;});			\n	},\n	preparefadeOut:function(){\n		if(this.imgInfos.length==1) return;\n		var milisecDuration=parseInt(this.imgInfos[this.imgNum].duration)*1000;\n		this.imgEls[this.imgNum].css(''z-index'',2);\n		setTimeout(''ccmSlideShowHelper''+69+''.nextImg();'',milisecDuration);\n		this.imgNum++;\n	},\n	maxHeight:0,\n	imgEls:[],\n	addImg:function(num){\n		var el=document.createElement(''div'');\n		el.id="slideImgWrap"+num;\n		el.className="slideImgWrap"; \n		if(this.imgInfos[num].fullFilePath.length>0)\n			 imgURL=this.imgInfos[num].fullFilePath;\n		else imgURL=''/concrete5.6.3.2/files/''+this.imgInfos[num].fileName; \n		//el.innerHTML=''<img src="''+imgURL+''" >'';\n		el.innerHTML=''<div style="height:''+this.imgInfos[num].imgHeight+''px; background:url(\\''''+escape(imgURL)+''\\'') center no-repeat">&nbsp;</div>'';\n		//alert(imgURL);\n		if(this.imgInfos[num].url.length>0) {\n			//el.linkURL=this.imgInfos[num].url;\n			var clickEvent=''onclick="return ccmSlideShowHelper69.imgClick( this.href  );"'';\n			el.innerHTML=''<a href="''+this.imgInfos[num].url+''" ''+clickEvent+'' >''+el.innerHTML+''</a>'';			\n		}\n		el.style.display=''none'';\n		this.displayWrap.append(el);\n		var jqEl=$(el);\n		this.imgEls.push(jqEl);\n	},\n	imgClick:function(linkURL){\n		//override for custom behavior\n	},\n	imgInfos:[\n				{\n				fileName:"diap.png",\n				fullFilePath:"/concrete5.6.3.2/files/8314/2479/3640/diap.png",\n				duration:5,\n				fadeDuration:2,		\n				url:"",\n				groupSet:1,\n				imgHeight:335			}\n		,			{\n				fileName:"diap2.png",\n				fullFilePath:"/concrete5.6.3.2/files/1114/2479/3967/diap2.png",\n				duration:5,\n				fadeDuration:2,		\n				url:"",\n				groupSet:2,\n				imgHeight:335			}\n		,			{\n				fileName:"diap3.png",\n				fullFilePath:"/concrete5.6.3.2/files/6114/2479/3969/diap3.png",\n				duration:5,\n				fadeDuration:2,		\n				url:"",\n				groupSet:3,\n				imgHeight:335			}\n			]\n}\n$(function(){ccmSlideShowHelper69.init();}); \n//]]>\n</script>\n\n<div id="ccm-SlideshowBlock-display69" style="height:335px" class="ccm-SlideshowBlock-display">\n<div id="ccm-SlideshowBlock-heightSetter69" class="ccm-SlideshowBlock-heightSetter"></div>\n<div class="ccm-SlideshowBlock-clear" ></div>\n</div>\n', 1582565062),
(1, 42, 70, 'col1', '\n<div id="HTMLBlock70" class="HTMLBlock">\n<h2>Perfect Logic</h2></div>', 1582565062),
(1, 42, 71, 'col1', '\n<div id="HTMLBlock71" class="HTMLBlock">\n<p>All you want your website do</p></div>', 1582565062),
(1, 42, 72, 'col1', '<img border="0" class="ccm-image-block" alt="" src="/concrete5.6.3.2/files/7614/2176/9617/ImgArticle1.png" width="298" height="189" />', 1582565062),
(1, 42, 74, 'col2', '\n<div id="HTMLBlock74" class="HTMLBlock">\n<h2>Complete Solution</h2></div>', 1582565062),
(1, 42, 78, 'col3', '\n<div id="HTMLBlock78" class="HTMLBlock">\n<h2>Uber Culture</h2></div>', 1582565062),
(1, 42, 83, 'col1', '\n<div id="HTMLBlock83" class="HTMLBlock">\n<p>Lorem ipsum dolor sit amet, consectetur adipiscing elit. Phasellus sed lacinia odio. Nulla vehicula velit maximus odio euismod, ac sodales erat condimentum.</p></div>', 1582565062),
(1, 42, 84, 'col2', '\n<div id="HTMLBlock84" class="HTMLBlock">\nLorem ipsum dolor sit amet, consectetur adipiscing elit. Phasellus sed lacinia odio. Nulla vehicula velit maximus odio euismod, ac sodales erat condimentum.</div>', 1582565062),
(1, 42, 85, 'col3', '\n<div id="HTMLBlock85" class="HTMLBlock">\n<p>Lorem ipsum dolor sit amet, consectetur adipiscing elit. Phasellus sed lacinia odio. Nulla vehicula velit maximus odio euismod, ac sodales erat condimentum.</p></div>', 1582565063),
(1, 42, 86, 'col2', '<img border="0" class="ccm-image-block" alt="" src="/concrete5.6.3.2/files/1814/2176/9849/ImgArticle2.png" width="298" height="193" />', 1582565062),
(1, 42, 87, 'col3', '<img border="0" class="ccm-image-block" alt="" src="/concrete5.6.3.2/files/8714/2176/9948/ImgArticle3.png" width="298" height="193" />', 1582565063),
(1, 42, 88, 'col2', '\n<div id="HTMLBlock88" class="HTMLBlock">\nA tool anything and everything you can think</div>', 1582565062),
(1, 42, 89, 'col3', '\n<div id="HTMLBlock89" class="HTMLBlock">\nFresh, Modern and ready to the future</div>', 1582565062),
(1, 42, 94, 'social : Layout 2 : Cell 2', '<img border="0" class="ccm-image-block" alt="" src="/concrete5.6.3.2/files/7714/2479/2459/LogoFb.png" width="50" height="50" />', 1582565063),
(1, 42, 95, 'social : Layout 2 : Cell 3', '<img border="0" class="ccm-image-block" alt="" src="/concrete5.6.3.2/files/7314/2479/2460/LogoIn.png" width="50" height="50" />', 1582565063),
(1, 42, 96, 'social : Layout 2 : Cell 4', '<img border="0" class="ccm-image-block" alt="" src="/concrete5.6.3.2/files/3314/2479/2463/LogoYt.png" width="50" height="50" />', 1582565063),
(1, 42, 97, 'social : Layout 2 : Cell 5', '<img border="0" class="ccm-image-block" alt="" src="/concrete5.6.3.2/files/1014/2479/2462/LogoTw.png" width="50" height="50" />', 1582565063),
(1, 42, 99, 'social', '\n<div id="HTMLBlock99" class="HTMLBlock">\n<p> Entrez votre adresse email si vous souhaitez recevoir des news de notre entreprise</p></div>', 1582565063),
(1, 42, 101, 'social : Layout 1 : Cell 1', '\n<div id="HTMLBlock101" class="HTMLBlock">\n<h2>Social Connection</h2>\r\n<hr align="center"> </hr></div>', 1582565063),
(1, 42, 102, 'social', '\n<div id="HTMLBlock102" class="HTMLBlock">\n <h2><b>Newsletter</b></h2>\r\n <hr align="center" size="1"></hr></div>', 1582565063),
(1, 42, 103, 'social : Layout 1 : Cell 1', '\n<div id="HTMLBlock103" class="HTMLBlock">\n<p>Lorem ipsum dolor sit amet, consectetur adipiscing elit. Phasellus sed lacinia odio.</p></div>', 1582565063),
(1, 42, 104, 'social : Layout 2 : Cell 1', '<img border="0" class="ccm-image-block" alt="" src="/concrete5.6.3.2/files/cache/cb5d03155b4d331b3c07d4099a8c6e3a_f10.png"  width="30" height="29" />', 1582565063),
(1, 42, 105, 'contact', '\n<div id="HTMLBlock105" class="HTMLBlock">\n<h2>Contact</h2>\r\n<hr align="center"> </hr></div>', 1582565063),
(1, 42, 108, 'actualite : Layout 1 : Cell 1', '\n<div id="HTMLBlock108" class="HTMLBlock">\n <h2>News Updates</h2>\r\n<hr align="center"> </hr></div>', 1582565063),
(1, 43, 35, 'Titre', '\n<div id="HTMLBlock35" class="HTMLBlock">\nLorem ipsum dolor sit amet, consectetur adipiscing</div>', 1582565106),
(1, 43, 69, 'banniere', '\n<script type="text/javascript">\n//<![CDATA[\nvar ccmSlideShowHelper69 = {\n\n	bID:69,\n	imgNum:0,\n	\n	init:function(){\n		this.displayWrap=$(''#ccm-SlideshowBlock-display''+this.bID); \n		if(this.imgInfos.length==0){\n			//alert(''There are no images in this slideshow'');\n			return false;\n		}\n		var maxHeight=0;\n		for(var i=0;i<this.imgInfos.length;i++){\n			this.addImg(i);\n			if(maxHeight==0 || this.imgInfos[i].imgHeight > maxHeight)\n				maxHeight=this.imgInfos[i].imgHeight;\n		}\n		this.displayWrap.css(''height'',maxHeight);\n\n		\n		//center images\n		for(var i=0;i<this.imgInfos.length;i++){ \n			if( this.imgInfos[i].imgHeight < maxHeight){\n				var t=((maxHeight - this.imgInfos[i].imgHeight)/2);\n				this.imgEls[i].css(''top'',t);\n			}\n		}\n		this.nextImg();\n	}, \n	nextImg:function(){ \n		if(this.imgNum>=this.imgInfos.length) this.imgNum=0;  \n		this.imgEls[this.imgNum].css(''opacity'',0);\n		this.imgEls[this.imgNum].css(''display'',''block'');\n		this.imgEls[this.imgNum].animate({opacity:1},\n			this.imgInfos[this.imgNum].fadeDuration*1000,'''',function(){ccmSlideShowHelper69.preparefadeOut()});\n		var prevNum=this.imgNum-1;\n		if(prevNum<0) prevNum=this.imgInfos.length-1;\n		if(this.imgInfos.length==1) return;\n		this.imgEls[prevNum].animate({opacity:0},this.imgInfos[this.imgNum].fadeDuration*800,function(){this.style.zIndex=1;});			\n	},\n	preparefadeOut:function(){\n		if(this.imgInfos.length==1) return;\n		var milisecDuration=parseInt(this.imgInfos[this.imgNum].duration)*1000;\n		this.imgEls[this.imgNum].css(''z-index'',2);\n		setTimeout(''ccmSlideShowHelper''+69+''.nextImg();'',milisecDuration);\n		this.imgNum++;\n	},\n	maxHeight:0,\n	imgEls:[],\n	addImg:function(num){\n		var el=document.createElement(''div'');\n		el.id="slideImgWrap"+num;\n		el.className="slideImgWrap"; \n		if(this.imgInfos[num].fullFilePath.length>0)\n			 imgURL=this.imgInfos[num].fullFilePath;\n		else imgURL=''/concrete5.6.3.2/files/''+this.imgInfos[num].fileName; \n		//el.innerHTML=''<img src="''+imgURL+''" >'';\n		el.innerHTML=''<div style="height:''+this.imgInfos[num].imgHeight+''px; background:url(\\''''+escape(imgURL)+''\\'') center no-repeat">&nbsp;</div>'';\n		//alert(imgURL);\n		if(this.imgInfos[num].url.length>0) {\n			//el.linkURL=this.imgInfos[num].url;\n			var clickEvent=''onclick="return ccmSlideShowHelper69.imgClick( this.href  );"'';\n			el.innerHTML=''<a href="''+this.imgInfos[num].url+''" ''+clickEvent+'' >''+el.innerHTML+''</a>'';			\n		}\n		el.style.display=''none'';\n		this.displayWrap.append(el);\n		var jqEl=$(el);\n		this.imgEls.push(jqEl);\n	},\n	imgClick:function(linkURL){\n		//override for custom behavior\n	},\n	imgInfos:[\n				{\n				fileName:"diap.png",\n				fullFilePath:"/concrete5.6.3.2/files/8314/2479/3640/diap.png",\n				duration:5,\n				fadeDuration:2,		\n				url:"",\n				groupSet:1,\n				imgHeight:335			}\n		,			{\n				fileName:"diap2.png",\n				fullFilePath:"/concrete5.6.3.2/files/1114/2479/3967/diap2.png",\n				duration:5,\n				fadeDuration:2,		\n				url:"",\n				groupSet:2,\n				imgHeight:335			}\n		,			{\n				fileName:"diap3.png",\n				fullFilePath:"/concrete5.6.3.2/files/6114/2479/3969/diap3.png",\n				duration:5,\n				fadeDuration:2,		\n				url:"",\n				groupSet:3,\n				imgHeight:335			}\n			]\n}\n$(function(){ccmSlideShowHelper69.init();}); \n//]]>\n</script>\n\n<div id="ccm-SlideshowBlock-display69" style="height:335px" class="ccm-SlideshowBlock-display">\n<div id="ccm-SlideshowBlock-heightSetter69" class="ccm-SlideshowBlock-heightSetter"></div>\n<div class="ccm-SlideshowBlock-clear" ></div>\n</div>\n', 1582565106),
(1, 43, 70, 'col1', '\n<div id="HTMLBlock70" class="HTMLBlock">\n<h2>Perfect Logic</h2></div>', 1582565106),
(1, 43, 71, 'col1', '\n<div id="HTMLBlock71" class="HTMLBlock">\n<p>All you want your website do</p></div>', 1582565106),
(1, 43, 72, 'col1', '<img border="0" class="ccm-image-block" alt="" src="/concrete5.6.3.2/files/7614/2176/9617/ImgArticle1.png" width="298" height="189" />', 1582565106),
(1, 43, 74, 'col2', '\n<div id="HTMLBlock74" class="HTMLBlock">\n<h2>Complete Solution</h2></div>', 1582565106),
(1, 43, 78, 'col3', '\n<div id="HTMLBlock78" class="HTMLBlock">\n<h2>Uber Culture</h2></div>', 1582565106),
(1, 43, 83, 'col1', '\n<div id="HTMLBlock83" class="HTMLBlock">\n<p>Lorem ipsum dolor sit amet, consectetur adipiscing elit. Phasellus sed lacinia odio. Nulla vehicula velit maximus odio euismod, ac sodales erat condimentum.</p></div>', 1582565106),
(1, 43, 84, 'col2', '\n<div id="HTMLBlock84" class="HTMLBlock">\nLorem ipsum dolor sit amet, consectetur adipiscing elit. Phasellus sed lacinia odio. Nulla vehicula velit maximus odio euismod, ac sodales erat condimentum.</div>', 1582565106),
(1, 43, 85, 'col3', '\n<div id="HTMLBlock85" class="HTMLBlock">\n<p>Lorem ipsum dolor sit amet, consectetur adipiscing elit. Phasellus sed lacinia odio. Nulla vehicula velit maximus odio euismod, ac sodales erat condimentum.</p></div>', 1582565106),
(1, 43, 86, 'col2', '<img border="0" class="ccm-image-block" alt="" src="/concrete5.6.3.2/files/1814/2176/9849/ImgArticle2.png" width="298" height="193" />', 1582565106),
(1, 43, 87, 'col3', '<img border="0" class="ccm-image-block" alt="" src="/concrete5.6.3.2/files/8714/2176/9948/ImgArticle3.png" width="298" height="193" />', 1582565106),
(1, 43, 88, 'col2', '\n<div id="HTMLBlock88" class="HTMLBlock">\nA tool anything and everything you can think</div>', 1582565106),
(1, 43, 89, 'col3', '\n<div id="HTMLBlock89" class="HTMLBlock">\nFresh, Modern and ready to the future</div>', 1582565106),
(1, 43, 94, 'social : Layout 2 : Cell 2', '<img border="0" class="ccm-image-block" alt="" src="/concrete5.6.3.2/files/7714/2479/2459/LogoFb.png" width="50" height="50" />', 1582565107),
(1, 43, 95, 'social : Layout 2 : Cell 3', '<img border="0" class="ccm-image-block" alt="" src="/concrete5.6.3.2/files/7314/2479/2460/LogoIn.png" width="50" height="50" />', 1582565107),
(1, 43, 96, 'social : Layout 2 : Cell 4', '<img border="0" class="ccm-image-block" alt="" src="/concrete5.6.3.2/files/3314/2479/2463/LogoYt.png" width="50" height="50" />', 1582565107),
(1, 43, 97, 'social : Layout 2 : Cell 5', '<img border="0" class="ccm-image-block" alt="" src="/concrete5.6.3.2/files/1014/2479/2462/LogoTw.png" width="50" height="50" />', 1582565107),
(1, 43, 99, 'social', '\n<div id="HTMLBlock99" class="HTMLBlock">\n<p> Entrez votre adresse email si vous souhaitez recevoir des news de notre entreprise</p></div>', 1582565107),
(1, 43, 101, 'social : Layout 1 : Cell 1', '\n<div id="HTMLBlock101" class="HTMLBlock">\n<h2>Social Connection</h2>\r\n<hr align="center"> </hr></div>', 1582565106),
(1, 43, 102, 'social', '\n<div id="HTMLBlock102" class="HTMLBlock">\n <h2><b>Newsletter</b></h2>\r\n <hr align="center" size="1"></hr></div>', 1582565107),
(1, 43, 103, 'social : Layout 1 : Cell 1', '\n<div id="HTMLBlock103" class="HTMLBlock">\n<p>Lorem ipsum dolor sit amet, consectetur adipiscing elit. Phasellus sed lacinia odio.</p></div>', 1582565107),
(1, 43, 104, 'social : Layout 2 : Cell 1', '<img border="0" class="ccm-image-block" alt="" src="/concrete5.6.3.2/files/cache/cb5d03155b4d331b3c07d4099a8c6e3a_f10.png"  width="30" height="29" />', 1582565107),
(1, 43, 105, 'contact', '\n<div id="HTMLBlock105" class="HTMLBlock">\n<h2>Contact</h2>\r\n<hr align="center"> </hr></div>', 1582565107),
(1, 43, 108, 'actualite : Layout 1 : Cell 1', '\n<div id="HTMLBlock108" class="HTMLBlock">\n <h2>News Updates</h2>\r\n<hr align="center"> </hr></div>', 1582565107),
(1, 43, 118, 'actualite : Layout 2 : Cell 1', '<img border="0" class="ccm-image-block" alt="" src="/concrete5.6.3.2/files/8414/2177/2642/firefox.png" width="58" height="62" />', 1582565127),
(1, 43, 119, 'actualite : Layout 2 : Cell 2', '\n<div id="HTMLBlock119" class="HTMLBlock">\nLorem ipsum dolor sit amet, consectetur adipiscing elit. Phasellus sed lacinia odio.</div>', 1582565148),
(1, 43, 120, 'actualite : Layout 2 : Cell 1', '<img border="0" class="ccm-image-block" alt="" src="/concrete5.6.3.2/files/3814/2177/2718/news1.png" width="58" height="62" />', 1582565272),
(1, 43, 121, 'actualite : Layout 2 : Cell 2', '\n<div id="HTMLBlock121" class="HTMLBlock">\nLorem ipsum dolor sit amet, consectetur adipiscing elit. Phasellus sed lacinia odio.</div>', 1582565347),
(1, 43, 122, 'actualite : Layout 2 : Cell 1', '<img border="0" class="ccm-image-block" alt="" src="/concrete5.6.3.2/files/7714/2177/2753/news2.png" width="56" height="61" />', 1582565375),
(1, 43, 123, 'actualite : Layout 2 : Cell 2', '\n<div id="HTMLBlock123" class="HTMLBlock">\nLorem ipsum dolor sit amet, consectetur adipiscing elit. Phasellus sed lacinia odio.</div>', 1582565384),
(1, 44, 35, 'Titre', '\n<div id="HTMLBlock35" class="HTMLBlock">\nLorem ipsum dolor sit amet, consectetur adipiscing</div>', 1582565515),
(1, 44, 69, 'banniere', '\n<script type="text/javascript">\n//<![CDATA[\nvar ccmSlideShowHelper69 = {\n\n	bID:69,\n	imgNum:0,\n	\n	init:function(){\n		this.displayWrap=$(''#ccm-SlideshowBlock-display''+this.bID); \n		if(this.imgInfos.length==0){\n			//alert(''There are no images in this slideshow'');\n			return false;\n		}\n		var maxHeight=0;\n		for(var i=0;i<this.imgInfos.length;i++){\n			this.addImg(i);\n			if(maxHeight==0 || this.imgInfos[i].imgHeight > maxHeight)\n				maxHeight=this.imgInfos[i].imgHeight;\n		}\n		this.displayWrap.css(''height'',maxHeight);\n\n		\n		//center images\n		for(var i=0;i<this.imgInfos.length;i++){ \n			if( this.imgInfos[i].imgHeight < maxHeight){\n				var t=((maxHeight - this.imgInfos[i].imgHeight)/2);\n				this.imgEls[i].css(''top'',t);\n			}\n		}\n		this.nextImg();\n	}, \n	nextImg:function(){ \n		if(this.imgNum>=this.imgInfos.length) this.imgNum=0;  \n		this.imgEls[this.imgNum].css(''opacity'',0);\n		this.imgEls[this.imgNum].css(''display'',''block'');\n		this.imgEls[this.imgNum].animate({opacity:1},\n			this.imgInfos[this.imgNum].fadeDuration*1000,'''',function(){ccmSlideShowHelper69.preparefadeOut()});\n		var prevNum=this.imgNum-1;\n		if(prevNum<0) prevNum=this.imgInfos.length-1;\n		if(this.imgInfos.length==1) return;\n		this.imgEls[prevNum].animate({opacity:0},this.imgInfos[this.imgNum].fadeDuration*800,function(){this.style.zIndex=1;});			\n	},\n	preparefadeOut:function(){\n		if(this.imgInfos.length==1) return;\n		var milisecDuration=parseInt(this.imgInfos[this.imgNum].duration)*1000;\n		this.imgEls[this.imgNum].css(''z-index'',2);\n		setTimeout(''ccmSlideShowHelper''+69+''.nextImg();'',milisecDuration);\n		this.imgNum++;\n	},\n	maxHeight:0,\n	imgEls:[],\n	addImg:function(num){\n		var el=document.createElement(''div'');\n		el.id="slideImgWrap"+num;\n		el.className="slideImgWrap"; \n		if(this.imgInfos[num].fullFilePath.length>0)\n			 imgURL=this.imgInfos[num].fullFilePath;\n		else imgURL=''/concrete5.6.3.2/files/''+this.imgInfos[num].fileName; \n		//el.innerHTML=''<img src="''+imgURL+''" >'';\n		el.innerHTML=''<div style="height:''+this.imgInfos[num].imgHeight+''px; background:url(\\''''+escape(imgURL)+''\\'') center no-repeat">&nbsp;</div>'';\n		//alert(imgURL);\n		if(this.imgInfos[num].url.length>0) {\n			//el.linkURL=this.imgInfos[num].url;\n			var clickEvent=''onclick="return ccmSlideShowHelper69.imgClick( this.href  );"'';\n			el.innerHTML=''<a href="''+this.imgInfos[num].url+''" ''+clickEvent+'' >''+el.innerHTML+''</a>'';			\n		}\n		el.style.display=''none'';\n		this.displayWrap.append(el);\n		var jqEl=$(el);\n		this.imgEls.push(jqEl);\n	},\n	imgClick:function(linkURL){\n		//override for custom behavior\n	},\n	imgInfos:[\n				{\n				fileName:"diap.png",\n				fullFilePath:"/concrete5.6.3.2/files/8314/2479/3640/diap.png",\n				duration:5,\n				fadeDuration:2,		\n				url:"",\n				groupSet:1,\n				imgHeight:335			}\n		,			{\n				fileName:"diap2.png",\n				fullFilePath:"/concrete5.6.3.2/files/1114/2479/3967/diap2.png",\n				duration:5,\n				fadeDuration:2,		\n				url:"",\n				groupSet:2,\n				imgHeight:335			}\n		,			{\n				fileName:"diap3.png",\n				fullFilePath:"/concrete5.6.3.2/files/6114/2479/3969/diap3.png",\n				duration:5,\n				fadeDuration:2,		\n				url:"",\n				groupSet:3,\n				imgHeight:335			}\n			]\n}\n$(function(){ccmSlideShowHelper69.init();}); \n//]]>\n</script>\n\n<div id="ccm-SlideshowBlock-display69" style="height:335px" class="ccm-SlideshowBlock-display">\n<div id="ccm-SlideshowBlock-heightSetter69" class="ccm-SlideshowBlock-heightSetter"></div>\n<div class="ccm-SlideshowBlock-clear" ></div>\n</div>\n', 1582565514),
(1, 44, 70, 'col1', '\n<div id="HTMLBlock70" class="HTMLBlock">\n<h2>Perfect Logic</h2></div>', 1582565515),
(1, 44, 71, 'col1', '\n<div id="HTMLBlock71" class="HTMLBlock">\n<p>All you want your website do</p></div>', 1582565515),
(1, 44, 72, 'col1', '<img border="0" class="ccm-image-block" alt="" src="/concrete5.6.3.2/files/7614/2176/9617/ImgArticle1.png" width="298" height="189" />', 1582565515),
(1, 44, 74, 'col2', '\n<div id="HTMLBlock74" class="HTMLBlock">\n<h2>Complete Solution</h2></div>', 1582565515),
(1, 44, 78, 'col3', '\n<div id="HTMLBlock78" class="HTMLBlock">\n<h2>Uber Culture</h2></div>', 1582565515),
(1, 44, 83, 'col1', '\n<div id="HTMLBlock83" class="HTMLBlock">\n<p>Lorem ipsum dolor sit amet, consectetur adipiscing elit. Phasellus sed lacinia odio. Nulla vehicula velit maximus odio euismod, ac sodales erat condimentum.</p></div>', 1582565515),
(1, 44, 84, 'col2', '\n<div id="HTMLBlock84" class="HTMLBlock">\nLorem ipsum dolor sit amet, consectetur adipiscing elit. Phasellus sed lacinia odio. Nulla vehicula velit maximus odio euismod, ac sodales erat condimentum.</div>', 1582565515),
(1, 44, 85, 'col3', '\n<div id="HTMLBlock85" class="HTMLBlock">\n<p>Lorem ipsum dolor sit amet, consectetur adipiscing elit. Phasellus sed lacinia odio. Nulla vehicula velit maximus odio euismod, ac sodales erat condimentum.</p></div>', 1582565515),
(1, 44, 86, 'col2', '<img border="0" class="ccm-image-block" alt="" src="/concrete5.6.3.2/files/1814/2176/9849/ImgArticle2.png" width="298" height="193" />', 1582565515),
(1, 44, 87, 'col3', '<img border="0" class="ccm-image-block" alt="" src="/concrete5.6.3.2/files/8714/2176/9948/ImgArticle3.png" width="298" height="193" />', 1582565515),
(1, 44, 88, 'col2', '\n<div id="HTMLBlock88" class="HTMLBlock">\nA tool anything and everything you can think</div>', 1582565515),
(1, 44, 89, 'col3', '\n<div id="HTMLBlock89" class="HTMLBlock">\nFresh, Modern and ready to the future</div>', 1582565515),
(1, 44, 94, 'social : Layout 2 : Cell 2', '<img border="0" class="ccm-image-block" alt="" src="/concrete5.6.3.2/files/7714/2479/2459/LogoFb.png" width="50" height="50" />', 1582565515),
(1, 44, 95, 'social : Layout 2 : Cell 3', '<img border="0" class="ccm-image-block" alt="" src="/concrete5.6.3.2/files/7314/2479/2460/LogoIn.png" width="50" height="50" />', 1582565515),
(1, 44, 96, 'social : Layout 2 : Cell 4', '<img border="0" class="ccm-image-block" alt="" src="/concrete5.6.3.2/files/3314/2479/2463/LogoYt.png" width="50" height="50" />', 1582565515),
(1, 44, 97, 'social : Layout 2 : Cell 5', '<img border="0" class="ccm-image-block" alt="" src="/concrete5.6.3.2/files/1014/2479/2462/LogoTw.png" width="50" height="50" />', 1582565516),
(1, 44, 99, 'social', '\n<div id="HTMLBlock99" class="HTMLBlock">\n<p> Entrez votre adresse email si vous souhaitez recevoir des news de notre entreprise</p></div>', 1582565516),
(1, 44, 101, 'social : Layout 1 : Cell 1', '\n<div id="HTMLBlock101" class="HTMLBlock">\n<h2>Social Connection</h2>\r\n<hr align="center"> </hr></div>', 1582565515),
(1, 44, 102, 'social', '\n<div id="HTMLBlock102" class="HTMLBlock">\n <h2><b>Newsletter</b></h2>\r\n <hr align="center" size="1"></hr></div>', 1582565516),
(1, 44, 103, 'social : Layout 1 : Cell 1', '\n<div id="HTMLBlock103" class="HTMLBlock">\n<p>Lorem ipsum dolor sit amet, consectetur adipiscing elit. Phasellus sed lacinia odio.</p></div>', 1582565515),
(1, 44, 104, 'social : Layout 2 : Cell 1', '<img border="0" class="ccm-image-block" alt="" src="/concrete5.6.3.2/files/cache/cb5d03155b4d331b3c07d4099a8c6e3a_f10.png"  width="30" height="29" />', 1582565515),
(1, 44, 105, 'contact', '\n<div id="HTMLBlock105" class="HTMLBlock">\n<h2>Contact</h2>\r\n<hr align="center"> </hr></div>', 1582565516),
(1, 44, 108, 'actualite : Layout 1 : Cell 1', '\n<div id="HTMLBlock108" class="HTMLBlock">\n <h2>News Updates</h2>\r\n<hr align="center"> </hr></div>', 1582565516),
(1, 44, 118, 'actualite : Layout 2 : Cell 1', '<img border="0" class="ccm-image-block" alt="" src="/concrete5.6.3.2/files/8414/2177/2642/firefox.png" width="58" height="62" />', 1582565516),
(1, 44, 119, 'actualite : Layout 2 : Cell 2', '\n<div id="HTMLBlock119" class="HTMLBlock">\nLorem ipsum dolor sit amet, consectetur adipiscing elit. Phasellus sed lacinia odio.</div>', 1582565516),
(1, 44, 120, 'actualite : Layout 2 : Cell 1', '<img border="0" class="ccm-image-block" alt="" src="/concrete5.6.3.2/files/3814/2177/2718/news1.png" width="58" height="62" />', 1582565516),
(1, 44, 121, 'actualite : Layout 2 : Cell 2', '\n<div id="HTMLBlock121" class="HTMLBlock">\nLorem ipsum dolor sit amet, consectetur adipiscing elit. Phasellus sed lacinia odio.</div>', 1582565516),
(1, 44, 122, 'actualite : Layout 2 : Cell 1', '<img border="0" class="ccm-image-block" alt="" src="/concrete5.6.3.2/files/7714/2177/2753/news2.png" width="56" height="61" />', 1582565516),
(1, 44, 123, 'actualite : Layout 2 : Cell 2', '\n<div id="HTMLBlock123" class="HTMLBlock">\nLorem ipsum dolor sit amet, consectetur adipiscing elit. Phasellus sed lacinia odio.</div>', 1582565516),
(1, 44, 124, 'actualite : Layout 2 : Cell 2', '\n<div id="HTMLBlock124" class="HTMLBlock">\nLorem ipsum dolor sit amet, consectetur adipiscing elit. Phasellus sed lacinia odio.</div>', 1582565527),
(1, 44, 125, 'actualite : Layout 2 : Cell 2', '\n<div id="HTMLBlock125" class="HTMLBlock">\nLorem ipsum dolor sit amet, consectetur adipiscing elit. Phasellus sed lacinia odio.</div>', 1582565538),
(1, 45, 35, 'Titre', '\n<div id="HTMLBlock35" class="HTMLBlock">\nLorem ipsum dolor sit amet, consectetur adipiscing</div>', 1582565569),
(1, 45, 69, 'banniere', '\n<script type="text/javascript">\n//<![CDATA[\nvar ccmSlideShowHelper69 = {\n\n	bID:69,\n	imgNum:0,\n	\n	init:function(){\n		this.displayWrap=$(''#ccm-SlideshowBlock-display''+this.bID); \n		if(this.imgInfos.length==0){\n			//alert(''There are no images in this slideshow'');\n			return false;\n		}\n		var maxHeight=0;\n		for(var i=0;i<this.imgInfos.length;i++){\n			this.addImg(i);\n			if(maxHeight==0 || this.imgInfos[i].imgHeight > maxHeight)\n				maxHeight=this.imgInfos[i].imgHeight;\n		}\n		this.displayWrap.css(''height'',maxHeight);\n\n		\n		//center images\n		for(var i=0;i<this.imgInfos.length;i++){ \n			if( this.imgInfos[i].imgHeight < maxHeight){\n				var t=((maxHeight - this.imgInfos[i].imgHeight)/2);\n				this.imgEls[i].css(''top'',t);\n			}\n		}\n		this.nextImg();\n	}, \n	nextImg:function(){ \n		if(this.imgNum>=this.imgInfos.length) this.imgNum=0;  \n		this.imgEls[this.imgNum].css(''opacity'',0);\n		this.imgEls[this.imgNum].css(''display'',''block'');\n		this.imgEls[this.imgNum].animate({opacity:1},\n			this.imgInfos[this.imgNum].fadeDuration*1000,'''',function(){ccmSlideShowHelper69.preparefadeOut()});\n		var prevNum=this.imgNum-1;\n		if(prevNum<0) prevNum=this.imgInfos.length-1;\n		if(this.imgInfos.length==1) return;\n		this.imgEls[prevNum].animate({opacity:0},this.imgInfos[this.imgNum].fadeDuration*800,function(){this.style.zIndex=1;});			\n	},\n	preparefadeOut:function(){\n		if(this.imgInfos.length==1) return;\n		var milisecDuration=parseInt(this.imgInfos[this.imgNum].duration)*1000;\n		this.imgEls[this.imgNum].css(''z-index'',2);\n		setTimeout(''ccmSlideShowHelper''+69+''.nextImg();'',milisecDuration);\n		this.imgNum++;\n	},\n	maxHeight:0,\n	imgEls:[],\n	addImg:function(num){\n		var el=document.createElement(''div'');\n		el.id="slideImgWrap"+num;\n		el.className="slideImgWrap"; \n		if(this.imgInfos[num].fullFilePath.length>0)\n			 imgURL=this.imgInfos[num].fullFilePath;\n		else imgURL=''/concrete5.6.3.2/files/''+this.imgInfos[num].fileName; \n		//el.innerHTML=''<img src="''+imgURL+''" >'';\n		el.innerHTML=''<div style="height:''+this.imgInfos[num].imgHeight+''px; background:url(\\''''+escape(imgURL)+''\\'') center no-repeat">&nbsp;</div>'';\n		//alert(imgURL);\n		if(this.imgInfos[num].url.length>0) {\n			//el.linkURL=this.imgInfos[num].url;\n			var clickEvent=''onclick="return ccmSlideShowHelper69.imgClick( this.href  );"'';\n			el.innerHTML=''<a href="''+this.imgInfos[num].url+''" ''+clickEvent+'' >''+el.innerHTML+''</a>'';			\n		}\n		el.style.display=''none'';\n		this.displayWrap.append(el);\n		var jqEl=$(el);\n		this.imgEls.push(jqEl);\n	},\n	imgClick:function(linkURL){\n		//override for custom behavior\n	},\n	imgInfos:[\n				{\n				fileName:"diap.png",\n				fullFilePath:"/concrete5.6.3.2/files/8314/2479/3640/diap.png",\n				duration:5,\n				fadeDuration:2,		\n				url:"",\n				groupSet:1,\n				imgHeight:335			}\n		,			{\n				fileName:"diap2.png",\n				fullFilePath:"/concrete5.6.3.2/files/1114/2479/3967/diap2.png",\n				duration:5,\n				fadeDuration:2,		\n				url:"",\n				groupSet:2,\n				imgHeight:335			}\n		,			{\n				fileName:"diap3.png",\n				fullFilePath:"/concrete5.6.3.2/files/6114/2479/3969/diap3.png",\n				duration:5,\n				fadeDuration:2,		\n				url:"",\n				groupSet:3,\n				imgHeight:335			}\n			]\n}\n$(function(){ccmSlideShowHelper69.init();}); \n//]]>\n</script>\n\n<div id="ccm-SlideshowBlock-display69" style="height:335px" class="ccm-SlideshowBlock-display">\n<div id="ccm-SlideshowBlock-heightSetter69" class="ccm-SlideshowBlock-heightSetter"></div>\n<div class="ccm-SlideshowBlock-clear" ></div>\n</div>\n', 1582565569),
(1, 45, 70, 'col1', '\n<div id="HTMLBlock70" class="HTMLBlock">\n<h2>Perfect Logic</h2></div>', 1582565569),
(1, 45, 71, 'col1', '\n<div id="HTMLBlock71" class="HTMLBlock">\n<p>All you want your website do</p></div>', 1582565569),
(1, 45, 72, 'col1', '<img border="0" class="ccm-image-block" alt="" src="/concrete5.6.3.2/files/7614/2176/9617/ImgArticle1.png" width="298" height="189" />', 1582565569),
(1, 45, 74, 'col2', '\n<div id="HTMLBlock74" class="HTMLBlock">\n<h2>Complete Solution</h2></div>', 1582565569),
(1, 45, 78, 'col3', '\n<div id="HTMLBlock78" class="HTMLBlock">\n<h2>Uber Culture</h2></div>', 1582565569),
(1, 45, 83, 'col1', '\n<div id="HTMLBlock83" class="HTMLBlock">\n<p>Lorem ipsum dolor sit amet, consectetur adipiscing elit. Phasellus sed lacinia odio. Nulla vehicula velit maximus odio euismod, ac sodales erat condimentum.</p></div>', 1582565569),
(1, 45, 84, 'col2', '\n<div id="HTMLBlock84" class="HTMLBlock">\nLorem ipsum dolor sit amet, consectetur adipiscing elit. Phasellus sed lacinia odio. Nulla vehicula velit maximus odio euismod, ac sodales erat condimentum.</div>', 1582565569),
(1, 45, 85, 'col3', '\n<div id="HTMLBlock85" class="HTMLBlock">\n<p>Lorem ipsum dolor sit amet, consectetur adipiscing elit. Phasellus sed lacinia odio. Nulla vehicula velit maximus odio euismod, ac sodales erat condimentum.</p></div>', 1582565569),
(1, 45, 86, 'col2', '<img border="0" class="ccm-image-block" alt="" src="/concrete5.6.3.2/files/1814/2176/9849/ImgArticle2.png" width="298" height="193" />', 1582565569),
(1, 45, 87, 'col3', '<img border="0" class="ccm-image-block" alt="" src="/concrete5.6.3.2/files/8714/2176/9948/ImgArticle3.png" width="298" height="193" />', 1582565569),
(1, 45, 88, 'col2', '\n<div id="HTMLBlock88" class="HTMLBlock">\nA tool anything and everything you can think</div>', 1582565569),
(1, 45, 89, 'col3', '\n<div id="HTMLBlock89" class="HTMLBlock">\nFresh, Modern and ready to the future</div>', 1582565569),
(1, 45, 94, 'social : Layout 2 : Cell 2', '<img border="0" class="ccm-image-block" alt="" src="/concrete5.6.3.2/files/7714/2479/2459/LogoFb.png" width="50" height="50" />', 1582565569),
(1, 45, 95, 'social : Layout 2 : Cell 3', '<img border="0" class="ccm-image-block" alt="" src="/concrete5.6.3.2/files/7314/2479/2460/LogoIn.png" width="50" height="50" />', 1582565569),
(1, 45, 96, 'social : Layout 2 : Cell 4', '<img border="0" class="ccm-image-block" alt="" src="/concrete5.6.3.2/files/3314/2479/2463/LogoYt.png" width="50" height="50" />', 1582565570),
(1, 45, 97, 'social : Layout 2 : Cell 5', '<img border="0" class="ccm-image-block" alt="" src="/concrete5.6.3.2/files/1014/2479/2462/LogoTw.png" width="50" height="50" />', 1582565570),
(1, 45, 99, 'social', '\n<div id="HTMLBlock99" class="HTMLBlock">\n<p> Entrez votre adresse email si vous souhaitez recevoir des news de notre entreprise</p></div>', 1582565570),
(1, 45, 101, 'social : Layout 1 : Cell 1', '\n<div id="HTMLBlock101" class="HTMLBlock">\n<h2>Social Connection</h2>\r\n<hr align="center"> </hr></div>', 1582565569),
(1, 45, 102, 'social', '\n<div id="HTMLBlock102" class="HTMLBlock">\n <h2><b>Newsletter</b></h2>\r\n <hr align="center" size="1"></hr></div>', 1582565570),
(1, 45, 103, 'social : Layout 1 : Cell 1', '\n<div id="HTMLBlock103" class="HTMLBlock">\n<p>Lorem ipsum dolor sit amet, consectetur adipiscing elit. Phasellus sed lacinia odio.</p></div>', 1582565569),
(1, 45, 104, 'social : Layout 2 : Cell 1', '<img border="0" class="ccm-image-block" alt="" src="/concrete5.6.3.2/files/cache/cb5d03155b4d331b3c07d4099a8c6e3a_f10.png"  width="30" height="29" />', 1582565569),
(1, 45, 105, 'contact', '\n<div id="HTMLBlock105" class="HTMLBlock">\n<h2>Contact</h2>\r\n<hr align="center"> </hr></div>', 1582565570),
(1, 45, 108, 'actualite : Layout 1 : Cell 1', '\n<div id="HTMLBlock108" class="HTMLBlock">\n <h2>News Updates</h2>\r\n<hr align="center"> </hr></div>', 1582565570),
(1, 45, 118, 'actualite : Layout 2 : Cell 1', '<img border="0" class="ccm-image-block" alt="" src="/concrete5.6.3.2/files/8414/2177/2642/firefox.png" width="58" height="62" />', 1582565570),
(1, 45, 120, 'actualite : Layout 2 : Cell 1', '<img border="0" class="ccm-image-block" alt="" src="/concrete5.6.3.2/files/3814/2177/2718/news1.png" width="58" height="62" />', 1582565570),
(1, 45, 122, 'actualite : Layout 2 : Cell 1', '<img border="0" class="ccm-image-block" alt="" src="/concrete5.6.3.2/files/7714/2177/2753/news2.png" width="56" height="61" />', 1582565570),
(1, 45, 124, 'actualite : Layout 2 : Cell 2', '\n<div id="HTMLBlock124" class="HTMLBlock">\nLorem ipsum dolor sit amet, consectetur adipiscing elit. Phasellus sed lacinia odio.</div>', 1582565570),
(1, 45, 125, 'actualite : Layout 2 : Cell 2', '\n<div id="HTMLBlock125" class="HTMLBlock">\nLorem ipsum dolor sit amet, consectetur adipiscing elit. Phasellus sed lacinia odio.</div>', 1582565570),
(1, 45, 126, 'actualite : Layout 2 : Cell 2', '\n<div id="HTMLBlock126" class="HTMLBlock">\nLorem ipsum dolor sit amet, consectetur adipiscing elit. Phasellus sed lacinia odio.</div>', 1582565570),
(1, 45, 127, 'actualite : Layout 2 : Cell 2', '\n<div id="HTMLBlock127" class="HTMLBlock">\nLorem ipsum dolor sit amet, consectetur adipiscing elit. Phasellus sed lacinia odio.</div>', 1582565578),
(1, 45, 128, 'actualite : Layout 2 : Cell 2', '\n<div id="HTMLBlock128" class="HTMLBlock">\nLorem ipsum dolor sit amet, consectetur adipiscing elit. Phasellus sed lacinia odio.</div>', 1582565587),
(1, 46, 35, 'Titre', '\n<div id="HTMLBlock35" class="HTMLBlock">\nLorem ipsum dolor sit amet, consectetur adipiscing</div>', 1582565628),
(1, 46, 69, 'banniere', '\n<script type="text/javascript">\n//<![CDATA[\nvar ccmSlideShowHelper69 = {\n\n	bID:69,\n	imgNum:0,\n	\n	init:function(){\n		this.displayWrap=$(''#ccm-SlideshowBlock-display''+this.bID); \n		if(this.imgInfos.length==0){\n			//alert(''There are no images in this slideshow'');\n			return false;\n		}\n		var maxHeight=0;\n		for(var i=0;i<this.imgInfos.length;i++){\n			this.addImg(i);\n			if(maxHeight==0 || this.imgInfos[i].imgHeight > maxHeight)\n				maxHeight=this.imgInfos[i].imgHeight;\n		}\n		this.displayWrap.css(''height'',maxHeight);\n\n		\n		//center images\n		for(var i=0;i<this.imgInfos.length;i++){ \n			if( this.imgInfos[i].imgHeight < maxHeight){\n				var t=((maxHeight - this.imgInfos[i].imgHeight)/2);\n				this.imgEls[i].css(''top'',t);\n			}\n		}\n		this.nextImg();\n	}, \n	nextImg:function(){ \n		if(this.imgNum>=this.imgInfos.length) this.imgNum=0;  \n		this.imgEls[this.imgNum].css(''opacity'',0);\n		this.imgEls[this.imgNum].css(''display'',''block'');\n		this.imgEls[this.imgNum].animate({opacity:1},\n			this.imgInfos[this.imgNum].fadeDuration*1000,'''',function(){ccmSlideShowHelper69.preparefadeOut()});\n		var prevNum=this.imgNum-1;\n		if(prevNum<0) prevNum=this.imgInfos.length-1;\n		if(this.imgInfos.length==1) return;\n		this.imgEls[prevNum].animate({opacity:0},this.imgInfos[this.imgNum].fadeDuration*800,function(){this.style.zIndex=1;});			\n	},\n	preparefadeOut:function(){\n		if(this.imgInfos.length==1) return;\n		var milisecDuration=parseInt(this.imgInfos[this.imgNum].duration)*1000;\n		this.imgEls[this.imgNum].css(''z-index'',2);\n		setTimeout(''ccmSlideShowHelper''+69+''.nextImg();'',milisecDuration);\n		this.imgNum++;\n	},\n	maxHeight:0,\n	imgEls:[],\n	addImg:function(num){\n		var el=document.createElement(''div'');\n		el.id="slideImgWrap"+num;\n		el.className="slideImgWrap"; \n		if(this.imgInfos[num].fullFilePath.length>0)\n			 imgURL=this.imgInfos[num].fullFilePath;\n		else imgURL=''/concrete5.6.3.2/files/''+this.imgInfos[num].fileName; \n		//el.innerHTML=''<img src="''+imgURL+''" >'';\n		el.innerHTML=''<div style="height:''+this.imgInfos[num].imgHeight+''px; background:url(\\''''+escape(imgURL)+''\\'') center no-repeat">&nbsp;</div>'';\n		//alert(imgURL);\n		if(this.imgInfos[num].url.length>0) {\n			//el.linkURL=this.imgInfos[num].url;\n			var clickEvent=''onclick="return ccmSlideShowHelper69.imgClick( this.href  );"'';\n			el.innerHTML=''<a href="''+this.imgInfos[num].url+''" ''+clickEvent+'' >''+el.innerHTML+''</a>'';			\n		}\n		el.style.display=''none'';\n		this.displayWrap.append(el);\n		var jqEl=$(el);\n		this.imgEls.push(jqEl);\n	},\n	imgClick:function(linkURL){\n		//override for custom behavior\n	},\n	imgInfos:[\n				{\n				fileName:"diap.png",\n				fullFilePath:"/concrete5.6.3.2/files/8314/2479/3640/diap.png",\n				duration:5,\n				fadeDuration:2,		\n				url:"",\n				groupSet:1,\n				imgHeight:335			}\n		,			{\n				fileName:"diap2.png",\n				fullFilePath:"/concrete5.6.3.2/files/1114/2479/3967/diap2.png",\n				duration:5,\n				fadeDuration:2,		\n				url:"",\n				groupSet:2,\n				imgHeight:335			}\n		,			{\n				fileName:"diap3.png",\n				fullFilePath:"/concrete5.6.3.2/files/6114/2479/3969/diap3.png",\n				duration:5,\n				fadeDuration:2,		\n				url:"",\n				groupSet:3,\n				imgHeight:335			}\n			]\n}\n$(function(){ccmSlideShowHelper69.init();}); \n//]]>\n</script>\n\n<div id="ccm-SlideshowBlock-display69" style="height:335px" class="ccm-SlideshowBlock-display">\n<div id="ccm-SlideshowBlock-heightSetter69" class="ccm-SlideshowBlock-heightSetter"></div>\n<div class="ccm-SlideshowBlock-clear" ></div>\n</div>\n', 1582565628),
(1, 46, 70, 'col1', '\n<div id="HTMLBlock70" class="HTMLBlock">\n<h2>Perfect Logic</h2></div>', 1582565628),
(1, 46, 71, 'col1', '\n<div id="HTMLBlock71" class="HTMLBlock">\n<p>All you want your website do</p></div>', 1582565628),
(1, 46, 72, 'col1', '<img border="0" class="ccm-image-block" alt="" src="/concrete5.6.3.2/files/7614/2176/9617/ImgArticle1.png" width="298" height="189" />', 1582565628),
(1, 46, 74, 'col2', '\n<div id="HTMLBlock74" class="HTMLBlock">\n<h2>Complete Solution</h2></div>', 1582565629),
(1, 46, 78, 'col3', '\n<div id="HTMLBlock78" class="HTMLBlock">\n<h2>Uber Culture</h2></div>', 1582565629),
(1, 46, 83, 'col1', '\n<div id="HTMLBlock83" class="HTMLBlock">\n<p>Lorem ipsum dolor sit amet, consectetur adipiscing elit. Phasellus sed lacinia odio. Nulla vehicula velit maximus odio euismod, ac sodales erat condimentum.</p></div>', 1582565629),
(1, 46, 84, 'col2', '\n<div id="HTMLBlock84" class="HTMLBlock">\nLorem ipsum dolor sit amet, consectetur adipiscing elit. Phasellus sed lacinia odio. Nulla vehicula velit maximus odio euismod, ac sodales erat condimentum.</div>', 1582565629),
(1, 46, 85, 'col3', '\n<div id="HTMLBlock85" class="HTMLBlock">\n<p>Lorem ipsum dolor sit amet, consectetur adipiscing elit. Phasellus sed lacinia odio. Nulla vehicula velit maximus odio euismod, ac sodales erat condimentum.</p></div>', 1582565629),
(1, 46, 86, 'col2', '<img border="0" class="ccm-image-block" alt="" src="/concrete5.6.3.2/files/1814/2176/9849/ImgArticle2.png" width="298" height="193" />', 1582565629),
(1, 46, 87, 'col3', '<img border="0" class="ccm-image-block" alt="" src="/concrete5.6.3.2/files/8714/2176/9948/ImgArticle3.png" width="298" height="193" />', 1582565629),
(1, 46, 88, 'col2', '\n<div id="HTMLBlock88" class="HTMLBlock">\nA tool anything and everything you can think</div>', 1582565629),
(1, 46, 89, 'col3', '\n<div id="HTMLBlock89" class="HTMLBlock">\nFresh, Modern and ready to the future</div>', 1582565629),
(1, 46, 94, 'social : Layout 2 : Cell 2', '<img border="0" class="ccm-image-block" alt="" src="/concrete5.6.3.2/files/7714/2479/2459/LogoFb.png" width="50" height="50" />', 1582565629),
(1, 46, 95, 'social : Layout 2 : Cell 3', '<img border="0" class="ccm-image-block" alt="" src="/concrete5.6.3.2/files/7314/2479/2460/LogoIn.png" width="50" height="50" />', 1582565629),
(1, 46, 96, 'social : Layout 2 : Cell 4', '<img border="0" class="ccm-image-block" alt="" src="/concrete5.6.3.2/files/3314/2479/2463/LogoYt.png" width="50" height="50" />', 1582565629),
(1, 46, 97, 'social : Layout 2 : Cell 5', '<img border="0" class="ccm-image-block" alt="" src="/concrete5.6.3.2/files/1014/2479/2462/LogoTw.png" width="50" height="50" />', 1582565629),
(1, 46, 99, 'social', '\n<div id="HTMLBlock99" class="HTMLBlock">\n<p> Entrez votre adresse email si vous souhaitez recevoir des news de notre entreprise</p></div>', 1582565630),
(1, 46, 101, 'social : Layout 1 : Cell 1', '\n<div id="HTMLBlock101" class="HTMLBlock">\n<h2>Social Connection</h2>\r\n<hr align="center"> </hr></div>', 1582565629),
(1, 46, 102, 'social', '\n<div id="HTMLBlock102" class="HTMLBlock">\n <h2><b>Newsletter</b></h2>\r\n <hr align="center" size="1"></hr></div>', 1582565629),
(1, 46, 103, 'social : Layout 1 : Cell 1', '\n<div id="HTMLBlock103" class="HTMLBlock">\n<p>Lorem ipsum dolor sit amet, consectetur adipiscing elit. Phasellus sed lacinia odio.</p></div>', 1582565629),
(1, 46, 104, 'social : Layout 2 : Cell 1', '<img border="0" class="ccm-image-block" alt="" src="/concrete5.6.3.2/files/cache/cb5d03155b4d331b3c07d4099a8c6e3a_f10.png"  width="30" height="29" />', 1582565629),
(1, 46, 105, 'contact', '\n<div id="HTMLBlock105" class="HTMLBlock">\n<h2>Contact</h2>\r\n<hr align="center"> </hr></div>', 1582565630),
(1, 46, 108, 'actualite : Layout 1 : Cell 1', '\n<div id="HTMLBlock108" class="HTMLBlock">\n <h2>News Updates</h2>\r\n<hr align="center"> </hr></div>', 1582565630),
(1, 46, 118, 'actualite : Layout 2 : Cell 1', '<img border="0" class="ccm-image-block" alt="" src="/concrete5.6.3.2/files/8414/2177/2642/firefox.png" width="58" height="62" />', 1582565630),
(1, 46, 120, 'actualite : Layout 2 : Cell 1', '<img border="0" class="ccm-image-block" alt="" src="/concrete5.6.3.2/files/3814/2177/2718/news1.png" width="58" height="62" />', 1582565630),
(1, 46, 122, 'actualite : Layout 2 : Cell 1', '<img border="0" class="ccm-image-block" alt="" src="/concrete5.6.3.2/files/7714/2177/2753/news2.png" width="56" height="61" />', 1582565630),
(1, 46, 126, 'actualite : Layout 2 : Cell 2', '\n<div id="HTMLBlock126" class="HTMLBlock">\nLorem ipsum dolor sit amet, consectetur adipiscing elit. Phasellus sed lacinia odio.</div>', 1582565630),
(1, 46, 127, 'actualite : Layout 2 : Cell 2', '\n<div id="HTMLBlock127" class="HTMLBlock">\nLorem ipsum dolor sit amet, consectetur adipiscing elit. Phasellus sed lacinia odio.</div>', 1582565630),
(1, 46, 128, 'actualite : Layout 2 : Cell 2', '\n<div id="HTMLBlock128" class="HTMLBlock">\nLorem ipsum dolor sit amet, consectetur adipiscing elit. Phasellus sed lacinia odio.</div>', 1582565630),
(1, 46, 129, 'actualite : Layout 2 : Cell 2', '\n<div id="HTMLBlock129" class="HTMLBlock">\nLorem ipsum dolor sit amet, consectetur adipiscing elit. Phasellus sed lacinia odio.</div>', 1582565638),
(1, 46, 130, 'actualite : Layout 2 : Cell 2', '\n<div id="HTMLBlock130" class="HTMLBlock">\nLorem ipsum dolor sit amet, consectetur adipiscing elit. Phasellus sed lacinia odio.</div>', 1582565647),
(1, 47, 35, 'Titre', '\n<div id="HTMLBlock35" class="HTMLBlock">\nLorem ipsum dolor sit amet, consectetur adipiscing</div>', 1582566224);
INSERT INTO `CollectionVersionBlocksOutputCache` (`cID`, `cvID`, `bID`, `arHandle`, `btCachedBlockOutput`, `btCachedBlockOutputExpires`) VALUES
(1, 47, 69, 'banniere', '\n<script type="text/javascript">\n//<![CDATA[\nvar ccmSlideShowHelper69 = {\n\n	bID:69,\n	imgNum:0,\n	\n	init:function(){\n		this.displayWrap=$(''#ccm-SlideshowBlock-display''+this.bID); \n		if(this.imgInfos.length==0){\n			//alert(''There are no images in this slideshow'');\n			return false;\n		}\n		var maxHeight=0;\n		for(var i=0;i<this.imgInfos.length;i++){\n			this.addImg(i);\n			if(maxHeight==0 || this.imgInfos[i].imgHeight > maxHeight)\n				maxHeight=this.imgInfos[i].imgHeight;\n		}\n		this.displayWrap.css(''height'',maxHeight);\n\n		\n		//center images\n		for(var i=0;i<this.imgInfos.length;i++){ \n			if( this.imgInfos[i].imgHeight < maxHeight){\n				var t=((maxHeight - this.imgInfos[i].imgHeight)/2);\n				this.imgEls[i].css(''top'',t);\n			}\n		}\n		this.nextImg();\n	}, \n	nextImg:function(){ \n		if(this.imgNum>=this.imgInfos.length) this.imgNum=0;  \n		this.imgEls[this.imgNum].css(''opacity'',0);\n		this.imgEls[this.imgNum].css(''display'',''block'');\n		this.imgEls[this.imgNum].animate({opacity:1},\n			this.imgInfos[this.imgNum].fadeDuration*1000,'''',function(){ccmSlideShowHelper69.preparefadeOut()});\n		var prevNum=this.imgNum-1;\n		if(prevNum<0) prevNum=this.imgInfos.length-1;\n		if(this.imgInfos.length==1) return;\n		this.imgEls[prevNum].animate({opacity:0},this.imgInfos[this.imgNum].fadeDuration*800,function(){this.style.zIndex=1;});			\n	},\n	preparefadeOut:function(){\n		if(this.imgInfos.length==1) return;\n		var milisecDuration=parseInt(this.imgInfos[this.imgNum].duration)*1000;\n		this.imgEls[this.imgNum].css(''z-index'',2);\n		setTimeout(''ccmSlideShowHelper''+69+''.nextImg();'',milisecDuration);\n		this.imgNum++;\n	},\n	maxHeight:0,\n	imgEls:[],\n	addImg:function(num){\n		var el=document.createElement(''div'');\n		el.id="slideImgWrap"+num;\n		el.className="slideImgWrap"; \n		if(this.imgInfos[num].fullFilePath.length>0)\n			 imgURL=this.imgInfos[num].fullFilePath;\n		else imgURL=''/concrete5.6.3.2/files/''+this.imgInfos[num].fileName; \n		//el.innerHTML=''<img src="''+imgURL+''" >'';\n		el.innerHTML=''<div style="height:''+this.imgInfos[num].imgHeight+''px; background:url(\\''''+escape(imgURL)+''\\'') center no-repeat">&nbsp;</div>'';\n		//alert(imgURL);\n		if(this.imgInfos[num].url.length>0) {\n			//el.linkURL=this.imgInfos[num].url;\n			var clickEvent=''onclick="return ccmSlideShowHelper69.imgClick( this.href  );"'';\n			el.innerHTML=''<a href="''+this.imgInfos[num].url+''" ''+clickEvent+'' >''+el.innerHTML+''</a>'';			\n		}\n		el.style.display=''none'';\n		this.displayWrap.append(el);\n		var jqEl=$(el);\n		this.imgEls.push(jqEl);\n	},\n	imgClick:function(linkURL){\n		//override for custom behavior\n	},\n	imgInfos:[\n				{\n				fileName:"diap.png",\n				fullFilePath:"/concrete5.6.3.2/files/8314/2479/3640/diap.png",\n				duration:5,\n				fadeDuration:2,		\n				url:"",\n				groupSet:1,\n				imgHeight:335			}\n		,			{\n				fileName:"diap2.png",\n				fullFilePath:"/concrete5.6.3.2/files/1114/2479/3967/diap2.png",\n				duration:5,\n				fadeDuration:2,		\n				url:"",\n				groupSet:2,\n				imgHeight:335			}\n		,			{\n				fileName:"diap3.png",\n				fullFilePath:"/concrete5.6.3.2/files/6114/2479/3969/diap3.png",\n				duration:5,\n				fadeDuration:2,		\n				url:"",\n				groupSet:3,\n				imgHeight:335			}\n			]\n}\n$(function(){ccmSlideShowHelper69.init();}); \n//]]>\n</script>\n\n<div id="ccm-SlideshowBlock-display69" style="height:335px" class="ccm-SlideshowBlock-display">\n<div id="ccm-SlideshowBlock-heightSetter69" class="ccm-SlideshowBlock-heightSetter"></div>\n<div class="ccm-SlideshowBlock-clear" ></div>\n</div>\n', 1582566224),
(1, 47, 70, 'col1', '\n<div id="HTMLBlock70" class="HTMLBlock">\n<h2>Perfect Logic</h2></div>', 1582566224),
(1, 47, 71, 'col1', '\n<div id="HTMLBlock71" class="HTMLBlock">\n<p>All you want your website do</p></div>', 1582566224),
(1, 47, 72, 'col1', '<img border="0" class="ccm-image-block" alt="" src="/concrete5.6.3.2/files/7614/2176/9617/ImgArticle1.png" width="298" height="189" />', 1582566224),
(1, 47, 74, 'col2', '\n<div id="HTMLBlock74" class="HTMLBlock">\n<h2>Complete Solution</h2></div>', 1582566224),
(1, 47, 78, 'col3', '\n<div id="HTMLBlock78" class="HTMLBlock">\n<h2>Uber Culture</h2></div>', 1582566224),
(1, 47, 83, 'col1', '\n<div id="HTMLBlock83" class="HTMLBlock">\n<p>Lorem ipsum dolor sit amet, consectetur adipiscing elit. Phasellus sed lacinia odio. Nulla vehicula velit maximus odio euismod, ac sodales erat condimentum.</p></div>', 1582566224),
(1, 47, 84, 'col2', '\n<div id="HTMLBlock84" class="HTMLBlock">\nLorem ipsum dolor sit amet, consectetur adipiscing elit. Phasellus sed lacinia odio. Nulla vehicula velit maximus odio euismod, ac sodales erat condimentum.</div>', 1582566224),
(1, 47, 85, 'col3', '\n<div id="HTMLBlock85" class="HTMLBlock">\n<p>Lorem ipsum dolor sit amet, consectetur adipiscing elit. Phasellus sed lacinia odio. Nulla vehicula velit maximus odio euismod, ac sodales erat condimentum.</p></div>', 1582566224),
(1, 47, 86, 'col2', '<img border="0" class="ccm-image-block" alt="" src="/concrete5.6.3.2/files/1814/2176/9849/ImgArticle2.png" width="298" height="193" />', 1582566224),
(1, 47, 87, 'col3', '<img border="0" class="ccm-image-block" alt="" src="/concrete5.6.3.2/files/8714/2176/9948/ImgArticle3.png" width="298" height="193" />', 1582566224),
(1, 47, 88, 'col2', '\n<div id="HTMLBlock88" class="HTMLBlock">\nA tool anything and everything you can think</div>', 1582566224),
(1, 47, 89, 'col3', '\n<div id="HTMLBlock89" class="HTMLBlock">\nFresh, Modern and ready to the future</div>', 1582566224),
(1, 47, 94, 'social : Layout 2 : Cell 2', '<img border="0" class="ccm-image-block" alt="" src="/concrete5.6.3.2/files/7714/2479/2459/LogoFb.png" width="50" height="50" />', 1582566225),
(1, 47, 95, 'social : Layout 2 : Cell 3', '<img border="0" class="ccm-image-block" alt="" src="/concrete5.6.3.2/files/7314/2479/2460/LogoIn.png" width="50" height="50" />', 1582566225),
(1, 47, 96, 'social : Layout 2 : Cell 4', '<img border="0" class="ccm-image-block" alt="" src="/concrete5.6.3.2/files/3314/2479/2463/LogoYt.png" width="50" height="50" />', 1582566225),
(1, 47, 97, 'social : Layout 2 : Cell 5', '<img border="0" class="ccm-image-block" alt="" src="/concrete5.6.3.2/files/1014/2479/2462/LogoTw.png" width="50" height="50" />', 1582566225),
(1, 47, 99, 'social', '\n<div id="HTMLBlock99" class="HTMLBlock">\n<p> Entrez votre adresse email si vous souhaitez recevoir des news de notre entreprise</p></div>', 1582566225),
(1, 47, 101, 'social : Layout 1 : Cell 1', '\n<div id="HTMLBlock101" class="HTMLBlock">\n<h2>Social Connection</h2>\r\n<hr align="center"> </hr></div>', 1582566224),
(1, 47, 102, 'social', '\n<div id="HTMLBlock102" class="HTMLBlock">\n <h2><b>Newsletter</b></h2>\r\n <hr align="center" size="1"></hr></div>', 1582566225),
(1, 47, 103, 'social : Layout 1 : Cell 1', '\n<div id="HTMLBlock103" class="HTMLBlock">\n<p>Lorem ipsum dolor sit amet, consectetur adipiscing elit. Phasellus sed lacinia odio.</p></div>', 1582566224),
(1, 47, 104, 'social : Layout 2 : Cell 1', '<img border="0" class="ccm-image-block" alt="" src="/concrete5.6.3.2/files/cache/cb5d03155b4d331b3c07d4099a8c6e3a_f10.png"  width="30" height="29" />', 1582566225),
(1, 47, 105, 'contact', '\n<div id="HTMLBlock105" class="HTMLBlock">\n<h2>Contact</h2>\r\n<hr align="center"> </hr></div>', 1582566225),
(1, 47, 108, 'actualite : Layout 1 : Cell 1', '\n<div id="HTMLBlock108" class="HTMLBlock">\n <h2>News Updates</h2>\r\n<hr align="center"> </hr></div>', 1582566225),
(1, 47, 118, 'actualite : Layout 2 : Cell 1', '<img border="0" class="ccm-image-block" alt="" src="/concrete5.6.3.2/files/8414/2177/2642/firefox.png" width="58" height="62" />', 1582566225),
(1, 47, 120, 'actualite : Layout 2 : Cell 1', '<img border="0" class="ccm-image-block" alt="" src="/concrete5.6.3.2/files/3814/2177/2718/news1.png" width="58" height="62" />', 1582566225),
(1, 47, 122, 'actualite : Layout 2 : Cell 1', '<img border="0" class="ccm-image-block" alt="" src="/concrete5.6.3.2/files/7714/2177/2753/news2.png" width="56" height="61" />', 1582566225),
(1, 47, 126, 'actualite : Layout 2 : Cell 2', '\n<div id="HTMLBlock126" class="HTMLBlock">\nLorem ipsum dolor sit amet, consectetur adipiscing elit. Phasellus sed lacinia odio.</div>', 1582566225),
(1, 47, 129, 'actualite : Layout 2 : Cell 2', '\n<div id="HTMLBlock129" class="HTMLBlock">\nLorem ipsum dolor sit amet, consectetur adipiscing elit. Phasellus sed lacinia odio.</div>', 1582566226),
(1, 47, 130, 'actualite : Layout 2 : Cell 2', '\n<div id="HTMLBlock130" class="HTMLBlock">\nLorem ipsum dolor sit amet, consectetur adipiscing elit. Phasellus sed lacinia odio.</div>', 1582566226),
(1, 48, 35, 'Titre', '\n<div id="HTMLBlock35" class="HTMLBlock">\nLorem ipsum dolor sit amet, consectetur adipiscing</div>', 1582566603),
(1, 48, 69, 'banniere', '\n<script type="text/javascript">\n//<![CDATA[\nvar ccmSlideShowHelper69 = {\n\n	bID:69,\n	imgNum:0,\n	\n	init:function(){\n		this.displayWrap=$(''#ccm-SlideshowBlock-display''+this.bID); \n		if(this.imgInfos.length==0){\n			//alert(''There are no images in this slideshow'');\n			return false;\n		}\n		var maxHeight=0;\n		for(var i=0;i<this.imgInfos.length;i++){\n			this.addImg(i);\n			if(maxHeight==0 || this.imgInfos[i].imgHeight > maxHeight)\n				maxHeight=this.imgInfos[i].imgHeight;\n		}\n		this.displayWrap.css(''height'',maxHeight);\n\n		\n		//center images\n		for(var i=0;i<this.imgInfos.length;i++){ \n			if( this.imgInfos[i].imgHeight < maxHeight){\n				var t=((maxHeight - this.imgInfos[i].imgHeight)/2);\n				this.imgEls[i].css(''top'',t);\n			}\n		}\n		this.nextImg();\n	}, \n	nextImg:function(){ \n		if(this.imgNum>=this.imgInfos.length) this.imgNum=0;  \n		this.imgEls[this.imgNum].css(''opacity'',0);\n		this.imgEls[this.imgNum].css(''display'',''block'');\n		this.imgEls[this.imgNum].animate({opacity:1},\n			this.imgInfos[this.imgNum].fadeDuration*1000,'''',function(){ccmSlideShowHelper69.preparefadeOut()});\n		var prevNum=this.imgNum-1;\n		if(prevNum<0) prevNum=this.imgInfos.length-1;\n		if(this.imgInfos.length==1) return;\n		this.imgEls[prevNum].animate({opacity:0},this.imgInfos[this.imgNum].fadeDuration*800,function(){this.style.zIndex=1;});			\n	},\n	preparefadeOut:function(){\n		if(this.imgInfos.length==1) return;\n		var milisecDuration=parseInt(this.imgInfos[this.imgNum].duration)*1000;\n		this.imgEls[this.imgNum].css(''z-index'',2);\n		setTimeout(''ccmSlideShowHelper''+69+''.nextImg();'',milisecDuration);\n		this.imgNum++;\n	},\n	maxHeight:0,\n	imgEls:[],\n	addImg:function(num){\n		var el=document.createElement(''div'');\n		el.id="slideImgWrap"+num;\n		el.className="slideImgWrap"; \n		if(this.imgInfos[num].fullFilePath.length>0)\n			 imgURL=this.imgInfos[num].fullFilePath;\n		else imgURL=''/concrete5.6.3.2/files/''+this.imgInfos[num].fileName; \n		//el.innerHTML=''<img src="''+imgURL+''" >'';\n		el.innerHTML=''<div style="height:''+this.imgInfos[num].imgHeight+''px; background:url(\\''''+escape(imgURL)+''\\'') center no-repeat">&nbsp;</div>'';\n		//alert(imgURL);\n		if(this.imgInfos[num].url.length>0) {\n			//el.linkURL=this.imgInfos[num].url;\n			var clickEvent=''onclick="return ccmSlideShowHelper69.imgClick( this.href  );"'';\n			el.innerHTML=''<a href="''+this.imgInfos[num].url+''" ''+clickEvent+'' >''+el.innerHTML+''</a>'';			\n		}\n		el.style.display=''none'';\n		this.displayWrap.append(el);\n		var jqEl=$(el);\n		this.imgEls.push(jqEl);\n	},\n	imgClick:function(linkURL){\n		//override for custom behavior\n	},\n	imgInfos:[\n				{\n				fileName:"diap.png",\n				fullFilePath:"/concrete5.6.3.2/files/8314/2479/3640/diap.png",\n				duration:5,\n				fadeDuration:2,		\n				url:"",\n				groupSet:1,\n				imgHeight:335			}\n		,			{\n				fileName:"diap2.png",\n				fullFilePath:"/concrete5.6.3.2/files/1114/2479/3967/diap2.png",\n				duration:5,\n				fadeDuration:2,		\n				url:"",\n				groupSet:2,\n				imgHeight:335			}\n		,			{\n				fileName:"diap3.png",\n				fullFilePath:"/concrete5.6.3.2/files/6114/2479/3969/diap3.png",\n				duration:5,\n				fadeDuration:2,		\n				url:"",\n				groupSet:3,\n				imgHeight:335			}\n			]\n}\n$(function(){ccmSlideShowHelper69.init();}); \n//]]>\n</script>\n\n<div id="ccm-SlideshowBlock-display69" style="height:335px" class="ccm-SlideshowBlock-display">\n<div id="ccm-SlideshowBlock-heightSetter69" class="ccm-SlideshowBlock-heightSetter"></div>\n<div class="ccm-SlideshowBlock-clear" ></div>\n</div>\n', 1582566603),
(1, 48, 70, 'col1', '\n<div id="HTMLBlock70" class="HTMLBlock">\n<h2>Perfect Logic</h2></div>', 1582566604),
(1, 48, 71, 'col1', '\n<div id="HTMLBlock71" class="HTMLBlock">\n<p>All you want your website do</p></div>', 1582566604),
(1, 48, 72, 'col1', '<img border="0" class="ccm-image-block" alt="" src="/concrete5.6.3.2/files/7614/2176/9617/ImgArticle1.png" width="298" height="189" />', 1582566604),
(1, 48, 74, 'col2', '\n<div id="HTMLBlock74" class="HTMLBlock">\n<h2>Complete Solution</h2></div>', 1582566604),
(1, 48, 78, 'col3', '\n<div id="HTMLBlock78" class="HTMLBlock">\n<h2>Uber Culture</h2></div>', 1582566604),
(1, 48, 83, 'col1', '\n<div id="HTMLBlock83" class="HTMLBlock">\n<p>Lorem ipsum dolor sit amet, consectetur adipiscing elit. Phasellus sed lacinia odio. Nulla vehicula velit maximus odio euismod, ac sodales erat condimentum.</p></div>', 1582566604),
(1, 48, 84, 'col2', '\n<div id="HTMLBlock84" class="HTMLBlock">\nLorem ipsum dolor sit amet, consectetur adipiscing elit. Phasellus sed lacinia odio. Nulla vehicula velit maximus odio euismod, ac sodales erat condimentum.</div>', 1582566604),
(1, 48, 85, 'col3', '\n<div id="HTMLBlock85" class="HTMLBlock">\n<p>Lorem ipsum dolor sit amet, consectetur adipiscing elit. Phasellus sed lacinia odio. Nulla vehicula velit maximus odio euismod, ac sodales erat condimentum.</p></div>', 1582566604),
(1, 48, 86, 'col2', '<img border="0" class="ccm-image-block" alt="" src="/concrete5.6.3.2/files/1814/2176/9849/ImgArticle2.png" width="298" height="193" />', 1582566604),
(1, 48, 87, 'col3', '<img border="0" class="ccm-image-block" alt="" src="/concrete5.6.3.2/files/8714/2176/9948/ImgArticle3.png" width="298" height="193" />', 1582566604),
(1, 48, 88, 'col2', '\n<div id="HTMLBlock88" class="HTMLBlock">\nA tool anything and everything you can think</div>', 1582566604),
(1, 48, 89, 'col3', '\n<div id="HTMLBlock89" class="HTMLBlock">\nFresh, Modern and ready to the future</div>', 1582566604),
(1, 48, 94, 'social : Layout 2 : Cell 2', '<img border="0" class="ccm-image-block" alt="" src="/concrete5.6.3.2/files/7714/2479/2459/LogoFb.png" width="50" height="50" />', 1582566604),
(1, 48, 95, 'social : Layout 2 : Cell 3', '<img border="0" class="ccm-image-block" alt="" src="/concrete5.6.3.2/files/7314/2479/2460/LogoIn.png" width="50" height="50" />', 1582566604),
(1, 48, 96, 'social : Layout 2 : Cell 4', '<img border="0" class="ccm-image-block" alt="" src="/concrete5.6.3.2/files/3314/2479/2463/LogoYt.png" width="50" height="50" />', 1582566604),
(1, 48, 97, 'social : Layout 2 : Cell 5', '<img border="0" class="ccm-image-block" alt="" src="/concrete5.6.3.2/files/1014/2479/2462/LogoTw.png" width="50" height="50" />', 1582566604),
(1, 48, 99, 'social', '\n<div id="HTMLBlock99" class="HTMLBlock">\n<p> Entrez votre adresse email si vous souhaitez recevoir des news de notre entreprise</p></div>', 1582566604),
(1, 48, 101, 'social : Layout 1 : Cell 1', '\n<div id="HTMLBlock101" class="HTMLBlock">\n<h2>Social Connection</h2>\r\n<hr align="center"> </hr></div>', 1582566604),
(1, 48, 102, 'social', '\n<div id="HTMLBlock102" class="HTMLBlock">\n <h2><b>Newsletter</b></h2>\r\n <hr align="center" size="1"></hr></div>', 1582566604),
(1, 48, 103, 'social : Layout 1 : Cell 1', '\n<div id="HTMLBlock103" class="HTMLBlock">\n<p>Lorem ipsum dolor sit amet, consectetur adipiscing elit. Phasellus sed lacinia odio.</p></div>', 1582566604),
(1, 48, 104, 'social : Layout 2 : Cell 1', '<img border="0" class="ccm-image-block" alt="" src="/concrete5.6.3.2/files/cache/cb5d03155b4d331b3c07d4099a8c6e3a_f10.png"  width="30" height="29" />', 1582566604),
(1, 48, 105, 'contact', '\n<div id="HTMLBlock105" class="HTMLBlock">\n<h2>Contact</h2>\r\n<hr align="center"> </hr></div>', 1582566604),
(1, 48, 108, 'actualite : Layout 1 : Cell 1', '\n<div id="HTMLBlock108" class="HTMLBlock">\n <h2>News Updates</h2>\r\n<hr align="center"> </hr></div>', 1582566604),
(1, 48, 118, 'actualite : Layout 2 : Cell 1', '<img border="0" class="ccm-image-block" alt="" src="/concrete5.6.3.2/files/8414/2177/2642/firefox.png" width="58" height="62" />', 1582566605),
(1, 48, 120, 'actualite : Layout 2 : Cell 1', '<img border="0" class="ccm-image-block" alt="" src="/concrete5.6.3.2/files/3814/2177/2718/news1.png" width="58" height="62" />', 1582566605),
(1, 48, 122, 'actualite : Layout 2 : Cell 1', '<img border="0" class="ccm-image-block" alt="" src="/concrete5.6.3.2/files/7714/2177/2753/news2.png" width="56" height="61" />', 1582566605),
(1, 48, 126, 'actualite : Layout 2 : Cell 2', '\n<div id="HTMLBlock126" class="HTMLBlock">\nLorem ipsum dolor sit amet, consectetur adipiscing elit. Phasellus sed lacinia odio.</div>', 1582566605),
(1, 48, 129, 'actualite : Layout 2 : Cell 2', '\n<div id="HTMLBlock129" class="HTMLBlock">\nLorem ipsum dolor sit amet, consectetur adipiscing elit. Phasellus sed lacinia odio.</div>', 1582566605),
(1, 48, 130, 'actualite : Layout 2 : Cell 2', '\n<div id="HTMLBlock130" class="HTMLBlock">\nLorem ipsum dolor sit amet, consectetur adipiscing elit. Phasellus sed lacinia odio.</div>', 1582566605),
(1, 49, 35, 'Titre', '\n<div id="HTMLBlock35" class="HTMLBlock">\nLorem ipsum dolor sit amet, consectetur adipiscing</div>', 1582567590),
(1, 49, 69, 'banniere', '\n<script type="text/javascript">\n//<![CDATA[\nvar ccmSlideShowHelper69 = {\n\n	bID:69,\n	imgNum:0,\n	\n	init:function(){\n		this.displayWrap=$(''#ccm-SlideshowBlock-display''+this.bID); \n		if(this.imgInfos.length==0){\n			//alert(''There are no images in this slideshow'');\n			return false;\n		}\n		var maxHeight=0;\n		for(var i=0;i<this.imgInfos.length;i++){\n			this.addImg(i);\n			if(maxHeight==0 || this.imgInfos[i].imgHeight > maxHeight)\n				maxHeight=this.imgInfos[i].imgHeight;\n		}\n		this.displayWrap.css(''height'',maxHeight);\n\n		\n		//center images\n		for(var i=0;i<this.imgInfos.length;i++){ \n			if( this.imgInfos[i].imgHeight < maxHeight){\n				var t=((maxHeight - this.imgInfos[i].imgHeight)/2);\n				this.imgEls[i].css(''top'',t);\n			}\n		}\n		this.nextImg();\n	}, \n	nextImg:function(){ \n		if(this.imgNum>=this.imgInfos.length) this.imgNum=0;  \n		this.imgEls[this.imgNum].css(''opacity'',0);\n		this.imgEls[this.imgNum].css(''display'',''block'');\n		this.imgEls[this.imgNum].animate({opacity:1},\n			this.imgInfos[this.imgNum].fadeDuration*1000,'''',function(){ccmSlideShowHelper69.preparefadeOut()});\n		var prevNum=this.imgNum-1;\n		if(prevNum<0) prevNum=this.imgInfos.length-1;\n		if(this.imgInfos.length==1) return;\n		this.imgEls[prevNum].animate({opacity:0},this.imgInfos[this.imgNum].fadeDuration*800,function(){this.style.zIndex=1;});			\n	},\n	preparefadeOut:function(){\n		if(this.imgInfos.length==1) return;\n		var milisecDuration=parseInt(this.imgInfos[this.imgNum].duration)*1000;\n		this.imgEls[this.imgNum].css(''z-index'',2);\n		setTimeout(''ccmSlideShowHelper''+69+''.nextImg();'',milisecDuration);\n		this.imgNum++;\n	},\n	maxHeight:0,\n	imgEls:[],\n	addImg:function(num){\n		var el=document.createElement(''div'');\n		el.id="slideImgWrap"+num;\n		el.className="slideImgWrap"; \n		if(this.imgInfos[num].fullFilePath.length>0)\n			 imgURL=this.imgInfos[num].fullFilePath;\n		else imgURL=''/concrete5.6.3.2/files/''+this.imgInfos[num].fileName; \n		//el.innerHTML=''<img src="''+imgURL+''" >'';\n		el.innerHTML=''<div style="height:''+this.imgInfos[num].imgHeight+''px; background:url(\\''''+escape(imgURL)+''\\'') center no-repeat">&nbsp;</div>'';\n		//alert(imgURL);\n		if(this.imgInfos[num].url.length>0) {\n			//el.linkURL=this.imgInfos[num].url;\n			var clickEvent=''onclick="return ccmSlideShowHelper69.imgClick( this.href  );"'';\n			el.innerHTML=''<a href="''+this.imgInfos[num].url+''" ''+clickEvent+'' >''+el.innerHTML+''</a>'';			\n		}\n		el.style.display=''none'';\n		this.displayWrap.append(el);\n		var jqEl=$(el);\n		this.imgEls.push(jqEl);\n	},\n	imgClick:function(linkURL){\n		//override for custom behavior\n	},\n	imgInfos:[\n				{\n				fileName:"diap.png",\n				fullFilePath:"/concrete5.6.3.2/files/8314/2479/3640/diap.png",\n				duration:5,\n				fadeDuration:2,		\n				url:"",\n				groupSet:1,\n				imgHeight:335			}\n		,			{\n				fileName:"diap2.png",\n				fullFilePath:"/concrete5.6.3.2/files/1114/2479/3967/diap2.png",\n				duration:5,\n				fadeDuration:2,		\n				url:"",\n				groupSet:2,\n				imgHeight:335			}\n		,			{\n				fileName:"diap3.png",\n				fullFilePath:"/concrete5.6.3.2/files/6114/2479/3969/diap3.png",\n				duration:5,\n				fadeDuration:2,		\n				url:"",\n				groupSet:3,\n				imgHeight:335			}\n			]\n}\n$(function(){ccmSlideShowHelper69.init();}); \n//]]>\n</script>\n\n<div id="ccm-SlideshowBlock-display69" style="height:335px" class="ccm-SlideshowBlock-display">\n<div id="ccm-SlideshowBlock-heightSetter69" class="ccm-SlideshowBlock-heightSetter"></div>\n<div class="ccm-SlideshowBlock-clear" ></div>\n</div>\n', 1582567589),
(1, 49, 70, 'col1', '\n<div id="HTMLBlock70" class="HTMLBlock">\n<h2>Perfect Logic</h2></div>', 1582567590),
(1, 49, 71, 'col1', '\n<div id="HTMLBlock71" class="HTMLBlock">\n<p>All you want your website do</p></div>', 1582567590),
(1, 49, 72, 'col1', '<img border="0" class="ccm-image-block" alt="" src="/concrete5.6.3.2/files/7614/2176/9617/ImgArticle1.png" width="298" height="189" />', 1582567590),
(1, 49, 74, 'col2', '\n<div id="HTMLBlock74" class="HTMLBlock">\n<h2>Complete Solution</h2></div>', 1582567590),
(1, 49, 78, 'col3', '\n<div id="HTMLBlock78" class="HTMLBlock">\n<h2>Uber Culture</h2></div>', 1582567590),
(1, 49, 83, 'col1', '\n<div id="HTMLBlock83" class="HTMLBlock">\n<p>Lorem ipsum dolor sit amet, consectetur adipiscing elit. Phasellus sed lacinia odio. Nulla vehicula velit maximus odio euismod, ac sodales erat condimentum.</p></div>', 1582567590),
(1, 49, 84, 'col2', '\n<div id="HTMLBlock84" class="HTMLBlock">\nLorem ipsum dolor sit amet, consectetur adipiscing elit. Phasellus sed lacinia odio. Nulla vehicula velit maximus odio euismod, ac sodales erat condimentum.</div>', 1582567590),
(1, 49, 85, 'col3', '\n<div id="HTMLBlock85" class="HTMLBlock">\n<p>Lorem ipsum dolor sit amet, consectetur adipiscing elit. Phasellus sed lacinia odio. Nulla vehicula velit maximus odio euismod, ac sodales erat condimentum.</p></div>', 1582567590),
(1, 49, 86, 'col2', '<img border="0" class="ccm-image-block" alt="" src="/concrete5.6.3.2/files/1814/2176/9849/ImgArticle2.png" width="298" height="193" />', 1582567590),
(1, 49, 87, 'col3', '<img border="0" class="ccm-image-block" alt="" src="/concrete5.6.3.2/files/8714/2176/9948/ImgArticle3.png" width="298" height="193" />', 1582567590),
(1, 49, 88, 'col2', '\n<div id="HTMLBlock88" class="HTMLBlock">\nA tool anything and everything you can think</div>', 1582567590),
(1, 49, 89, 'col3', '\n<div id="HTMLBlock89" class="HTMLBlock">\nFresh, Modern and ready to the future</div>', 1582567590),
(1, 49, 94, 'social : Layout 2 : Cell 2', '<img border="0" class="ccm-image-block" alt="" src="/concrete5.6.3.2/files/7714/2479/2459/LogoFb.png" width="50" height="50" />', 1582567590),
(1, 49, 95, 'social : Layout 2 : Cell 3', '<img border="0" class="ccm-image-block" alt="" src="/concrete5.6.3.2/files/7314/2479/2460/LogoIn.png" width="50" height="50" />', 1582567590),
(1, 49, 96, 'social : Layout 2 : Cell 4', '<img border="0" class="ccm-image-block" alt="" src="/concrete5.6.3.2/files/3314/2479/2463/LogoYt.png" width="50" height="50" />', 1582567591),
(1, 49, 97, 'social : Layout 2 : Cell 5', '<img border="0" class="ccm-image-block" alt="" src="/concrete5.6.3.2/files/1014/2479/2462/LogoTw.png" width="50" height="50" />', 1582567591),
(1, 49, 99, 'social', '\n<div id="HTMLBlock99" class="HTMLBlock">\n<p> Entrez votre adresse email si vous souhaitez recevoir des news de notre entreprise</p></div>', 1582567591),
(1, 49, 101, 'social : Layout 1 : Cell 1', '\n<div id="HTMLBlock101" class="HTMLBlock">\n<h2>Social Connection</h2>\r\n<hr align="center"> </hr></div>', 1582567590),
(1, 49, 102, 'social', '\n<div id="HTMLBlock102" class="HTMLBlock">\n <h2><b>Newsletter</b></h2>\r\n <hr align="center" size="1"></hr></div>', 1582567591),
(1, 49, 103, 'social : Layout 1 : Cell 1', '\n<div id="HTMLBlock103" class="HTMLBlock">\n<p>Lorem ipsum dolor sit amet, consectetur adipiscing elit. Phasellus sed lacinia odio.</p></div>', 1582567590),
(1, 49, 104, 'social : Layout 2 : Cell 1', '<img border="0" class="ccm-image-block" alt="" src="/concrete5.6.3.2/files/cache/cb5d03155b4d331b3c07d4099a8c6e3a_f10.png"  width="30" height="29" />', 1582567590),
(1, 49, 105, 'contact', '\n<div id="HTMLBlock105" class="HTMLBlock">\n<h2>Contact</h2>\r\n<hr align="center"> </hr></div>', 1582567591),
(1, 49, 108, 'actualite : Layout 1 : Cell 1', '\n<div id="HTMLBlock108" class="HTMLBlock">\n <h2>News Updates</h2>\r\n<hr align="center"> </hr></div>', 1582567591),
(1, 49, 118, 'actualite : Layout 2 : Cell 1', '<img border="0" class="ccm-image-block" alt="" src="/concrete5.6.3.2/files/8414/2177/2642/firefox.png" width="58" height="62" />', 1582567591),
(1, 49, 120, 'actualite : Layout 2 : Cell 1', '<img border="0" class="ccm-image-block" alt="" src="/concrete5.6.3.2/files/3814/2177/2718/news1.png" width="58" height="62" />', 1582567591),
(1, 49, 122, 'actualite : Layout 2 : Cell 1', '<img border="0" class="ccm-image-block" alt="" src="/concrete5.6.3.2/files/7714/2177/2753/news2.png" width="56" height="61" />', 1582567591),
(1, 49, 126, 'actualite : Layout 2 : Cell 2', '\n<div id="HTMLBlock126" class="HTMLBlock">\nLorem ipsum dolor sit amet, consectetur adipiscing elit. Phasellus sed lacinia odio.</div>', 1582567591),
(1, 49, 129, 'actualite : Layout 2 : Cell 2', '\n<div id="HTMLBlock129" class="HTMLBlock">\nLorem ipsum dolor sit amet, consectetur adipiscing elit. Phasellus sed lacinia odio.</div>', 1582567591),
(1, 49, 130, 'actualite : Layout 2 : Cell 2', '\n<div id="HTMLBlock130" class="HTMLBlock">\nLorem ipsum dolor sit amet, consectetur adipiscing elit. Phasellus sed lacinia odio.</div>', 1582567591),
(1, 50, 35, 'Titre', '\n<div id="HTMLBlock35" class="HTMLBlock">\nLorem ipsum dolor sit amet, consectetur adipiscing</div>', 1582567632),
(1, 50, 69, 'banniere', '\n<script type="text/javascript">\n//<![CDATA[\nvar ccmSlideShowHelper69 = {\n\n	bID:69,\n	imgNum:0,\n	\n	init:function(){\n		this.displayWrap=$(''#ccm-SlideshowBlock-display''+this.bID); \n		if(this.imgInfos.length==0){\n			//alert(''There are no images in this slideshow'');\n			return false;\n		}\n		var maxHeight=0;\n		for(var i=0;i<this.imgInfos.length;i++){\n			this.addImg(i);\n			if(maxHeight==0 || this.imgInfos[i].imgHeight > maxHeight)\n				maxHeight=this.imgInfos[i].imgHeight;\n		}\n		this.displayWrap.css(''height'',maxHeight);\n\n		\n		//center images\n		for(var i=0;i<this.imgInfos.length;i++){ \n			if( this.imgInfos[i].imgHeight < maxHeight){\n				var t=((maxHeight - this.imgInfos[i].imgHeight)/2);\n				this.imgEls[i].css(''top'',t);\n			}\n		}\n		this.nextImg();\n	}, \n	nextImg:function(){ \n		if(this.imgNum>=this.imgInfos.length) this.imgNum=0;  \n		this.imgEls[this.imgNum].css(''opacity'',0);\n		this.imgEls[this.imgNum].css(''display'',''block'');\n		this.imgEls[this.imgNum].animate({opacity:1},\n			this.imgInfos[this.imgNum].fadeDuration*1000,'''',function(){ccmSlideShowHelper69.preparefadeOut()});\n		var prevNum=this.imgNum-1;\n		if(prevNum<0) prevNum=this.imgInfos.length-1;\n		if(this.imgInfos.length==1) return;\n		this.imgEls[prevNum].animate({opacity:0},this.imgInfos[this.imgNum].fadeDuration*800,function(){this.style.zIndex=1;});			\n	},\n	preparefadeOut:function(){\n		if(this.imgInfos.length==1) return;\n		var milisecDuration=parseInt(this.imgInfos[this.imgNum].duration)*1000;\n		this.imgEls[this.imgNum].css(''z-index'',2);\n		setTimeout(''ccmSlideShowHelper''+69+''.nextImg();'',milisecDuration);\n		this.imgNum++;\n	},\n	maxHeight:0,\n	imgEls:[],\n	addImg:function(num){\n		var el=document.createElement(''div'');\n		el.id="slideImgWrap"+num;\n		el.className="slideImgWrap"; \n		if(this.imgInfos[num].fullFilePath.length>0)\n			 imgURL=this.imgInfos[num].fullFilePath;\n		else imgURL=''/concrete5.6.3.2/files/''+this.imgInfos[num].fileName; \n		//el.innerHTML=''<img src="''+imgURL+''" >'';\n		el.innerHTML=''<div style="height:''+this.imgInfos[num].imgHeight+''px; background:url(\\''''+escape(imgURL)+''\\'') center no-repeat">&nbsp;</div>'';\n		//alert(imgURL);\n		if(this.imgInfos[num].url.length>0) {\n			//el.linkURL=this.imgInfos[num].url;\n			var clickEvent=''onclick="return ccmSlideShowHelper69.imgClick( this.href  );"'';\n			el.innerHTML=''<a href="''+this.imgInfos[num].url+''" ''+clickEvent+'' >''+el.innerHTML+''</a>'';			\n		}\n		el.style.display=''none'';\n		this.displayWrap.append(el);\n		var jqEl=$(el);\n		this.imgEls.push(jqEl);\n	},\n	imgClick:function(linkURL){\n		//override for custom behavior\n	},\n	imgInfos:[\n				{\n				fileName:"diap.png",\n				fullFilePath:"/concrete5.6.3.2/files/8314/2479/3640/diap.png",\n				duration:5,\n				fadeDuration:2,		\n				url:"",\n				groupSet:1,\n				imgHeight:335			}\n		,			{\n				fileName:"diap2.png",\n				fullFilePath:"/concrete5.6.3.2/files/1114/2479/3967/diap2.png",\n				duration:5,\n				fadeDuration:2,		\n				url:"",\n				groupSet:2,\n				imgHeight:335			}\n		,			{\n				fileName:"diap3.png",\n				fullFilePath:"/concrete5.6.3.2/files/6114/2479/3969/diap3.png",\n				duration:5,\n				fadeDuration:2,		\n				url:"",\n				groupSet:3,\n				imgHeight:335			}\n			]\n}\n$(function(){ccmSlideShowHelper69.init();}); \n//]]>\n</script>\n\n<div id="ccm-SlideshowBlock-display69" style="height:335px" class="ccm-SlideshowBlock-display">\n<div id="ccm-SlideshowBlock-heightSetter69" class="ccm-SlideshowBlock-heightSetter"></div>\n<div class="ccm-SlideshowBlock-clear" ></div>\n</div>\n', 1582567632),
(1, 50, 70, 'col1', '\n<div id="HTMLBlock70" class="HTMLBlock">\n<h2>Perfect Logic</h2></div>', 1582567632),
(1, 50, 71, 'col1', '\n<div id="HTMLBlock71" class="HTMLBlock">\n<p>All you want your website do</p></div>', 1582567632),
(1, 50, 72, 'col1', '<img border="0" class="ccm-image-block" alt="" src="/concrete5.6.3.2/files/7614/2176/9617/ImgArticle1.png" width="298" height="189" />', 1582567632),
(1, 50, 74, 'col2', '\n<div id="HTMLBlock74" class="HTMLBlock">\n<h2>Complete Solution</h2></div>', 1582567632),
(1, 50, 78, 'col3', '\n<div id="HTMLBlock78" class="HTMLBlock">\n<h2>Uber Culture</h2></div>', 1582567633),
(1, 50, 83, 'col1', '\n<div id="HTMLBlock83" class="HTMLBlock">\n<p>Lorem ipsum dolor sit amet, consectetur adipiscing elit. Phasellus sed lacinia odio. Nulla vehicula velit maximus odio euismod, ac sodales erat condimentum.</p></div>', 1582567632),
(1, 50, 84, 'col2', '\n<div id="HTMLBlock84" class="HTMLBlock">\nLorem ipsum dolor sit amet, consectetur adipiscing elit. Phasellus sed lacinia odio. Nulla vehicula velit maximus odio euismod, ac sodales erat condimentum.</div>', 1582567633),
(1, 50, 85, 'col3', '\n<div id="HTMLBlock85" class="HTMLBlock">\n<p>Lorem ipsum dolor sit amet, consectetur adipiscing elit. Phasellus sed lacinia odio. Nulla vehicula velit maximus odio euismod, ac sodales erat condimentum.</p></div>', 1582567633),
(1, 50, 86, 'col2', '<img border="0" class="ccm-image-block" alt="" src="/concrete5.6.3.2/files/1814/2176/9849/ImgArticle2.png" width="298" height="193" />', 1582567632),
(1, 50, 87, 'col3', '<img border="0" class="ccm-image-block" alt="" src="/concrete5.6.3.2/files/8714/2176/9948/ImgArticle3.png" width="298" height="193" />', 1582567633),
(1, 50, 88, 'col2', '\n<div id="HTMLBlock88" class="HTMLBlock">\nA tool anything and everything you can think</div>', 1582567632),
(1, 50, 89, 'col3', '\n<div id="HTMLBlock89" class="HTMLBlock">\nFresh, Modern and ready to the future</div>', 1582567633),
(1, 50, 94, 'social : Layout 2 : Cell 2', '<img border="0" class="ccm-image-block" alt="" src="/concrete5.6.3.2/files/7714/2479/2459/LogoFb.png" width="50" height="50" />', 1582567633),
(1, 50, 95, 'social : Layout 2 : Cell 3', '<img border="0" class="ccm-image-block" alt="" src="/concrete5.6.3.2/files/7314/2479/2460/LogoIn.png" width="50" height="50" />', 1582567633),
(1, 50, 96, 'social : Layout 2 : Cell 4', '<img border="0" class="ccm-image-block" alt="" src="/concrete5.6.3.2/files/3314/2479/2463/LogoYt.png" width="50" height="50" />', 1582567633),
(1, 50, 97, 'social : Layout 2 : Cell 5', '<img border="0" class="ccm-image-block" alt="" src="/concrete5.6.3.2/files/1014/2479/2462/LogoTw.png" width="50" height="50" />', 1582567633),
(1, 50, 99, 'social', '\n<div id="HTMLBlock99" class="HTMLBlock">\n<p> Entrez votre adresse email si vous souhaitez recevoir des news de notre entreprise</p></div>', 1582567633),
(1, 50, 101, 'social : Layout 1 : Cell 1', '\n<div id="HTMLBlock101" class="HTMLBlock">\n<h2>Social Connection</h2>\r\n<hr align="center"> </hr></div>', 1582567633),
(1, 50, 102, 'social', '\n<div id="HTMLBlock102" class="HTMLBlock">\n <h2><b>Newsletter</b></h2>\r\n <hr align="center" size="1"></hr></div>', 1582567633),
(1, 50, 103, 'social : Layout 1 : Cell 1', '\n<div id="HTMLBlock103" class="HTMLBlock">\n<p>Lorem ipsum dolor sit amet, consectetur adipiscing elit. Phasellus sed lacinia odio.</p></div>', 1582567633),
(1, 50, 104, 'social : Layout 2 : Cell 1', '<img border="0" class="ccm-image-block" alt="" src="/concrete5.6.3.2/files/cache/cb5d03155b4d331b3c07d4099a8c6e3a_f10.png"  width="30" height="29" />', 1582567633),
(1, 50, 105, 'contact', '\n<div id="HTMLBlock105" class="HTMLBlock">\n<h2>Contact</h2>\r\n<hr align="center"> </hr></div>', 1582567633),
(1, 50, 108, 'actualite : Layout 1 : Cell 1', '\n<div id="HTMLBlock108" class="HTMLBlock">\n <h2>News Updates</h2>\r\n<hr align="center"> </hr></div>', 1582567633),
(1, 50, 118, 'actualite : Layout 2 : Cell 1', '<img border="0" class="ccm-image-block" alt="" src="/concrete5.6.3.2/files/8414/2177/2642/firefox.png" width="58" height="62" />', 1582567633),
(1, 50, 120, 'actualite : Layout 2 : Cell 1', '<img border="0" class="ccm-image-block" alt="" src="/concrete5.6.3.2/files/3814/2177/2718/news1.png" width="58" height="62" />', 1582567634),
(1, 50, 122, 'actualite : Layout 2 : Cell 1', '<img border="0" class="ccm-image-block" alt="" src="/concrete5.6.3.2/files/7714/2177/2753/news2.png" width="56" height="61" />', 1582567634),
(1, 50, 126, 'actualite : Layout 2 : Cell 2', '\n<div id="HTMLBlock126" class="HTMLBlock">\nLorem ipsum dolor sit amet, consectetur adipiscing elit. Phasellus sed lacinia odio.</div>', 1582567634),
(1, 50, 129, 'actualite : Layout 2 : Cell 2', '\n<div id="HTMLBlock129" class="HTMLBlock">\nLorem ipsum dolor sit amet, consectetur adipiscing elit. Phasellus sed lacinia odio.</div>', 1582567634),
(1, 50, 130, 'actualite : Layout 2 : Cell 2', '\n<div id="HTMLBlock130" class="HTMLBlock">\nLorem ipsum dolor sit amet, consectetur adipiscing elit. Phasellus sed lacinia odio.</div>', 1582567634),
(1, 51, 35, 'Titre', '\n<div id="HTMLBlock35" class="HTMLBlock">\nLorem ipsum dolor sit amet, consectetur adipiscing</div>', 1582567711),
(1, 51, 69, 'banniere', '\n<script type="text/javascript">\n//<![CDATA[\nvar ccmSlideShowHelper69 = {\n\n	bID:69,\n	imgNum:0,\n	\n	init:function(){\n		this.displayWrap=$(''#ccm-SlideshowBlock-display''+this.bID); \n		if(this.imgInfos.length==0){\n			//alert(''There are no images in this slideshow'');\n			return false;\n		}\n		var maxHeight=0;\n		for(var i=0;i<this.imgInfos.length;i++){\n			this.addImg(i);\n			if(maxHeight==0 || this.imgInfos[i].imgHeight > maxHeight)\n				maxHeight=this.imgInfos[i].imgHeight;\n		}\n		this.displayWrap.css(''height'',maxHeight);\n\n		\n		//center images\n		for(var i=0;i<this.imgInfos.length;i++){ \n			if( this.imgInfos[i].imgHeight < maxHeight){\n				var t=((maxHeight - this.imgInfos[i].imgHeight)/2);\n				this.imgEls[i].css(''top'',t);\n			}\n		}\n		this.nextImg();\n	}, \n	nextImg:function(){ \n		if(this.imgNum>=this.imgInfos.length) this.imgNum=0;  \n		this.imgEls[this.imgNum].css(''opacity'',0);\n		this.imgEls[this.imgNum].css(''display'',''block'');\n		this.imgEls[this.imgNum].animate({opacity:1},\n			this.imgInfos[this.imgNum].fadeDuration*1000,'''',function(){ccmSlideShowHelper69.preparefadeOut()});\n		var prevNum=this.imgNum-1;\n		if(prevNum<0) prevNum=this.imgInfos.length-1;\n		if(this.imgInfos.length==1) return;\n		this.imgEls[prevNum].animate({opacity:0},this.imgInfos[this.imgNum].fadeDuration*800,function(){this.style.zIndex=1;});			\n	},\n	preparefadeOut:function(){\n		if(this.imgInfos.length==1) return;\n		var milisecDuration=parseInt(this.imgInfos[this.imgNum].duration)*1000;\n		this.imgEls[this.imgNum].css(''z-index'',2);\n		setTimeout(''ccmSlideShowHelper''+69+''.nextImg();'',milisecDuration);\n		this.imgNum++;\n	},\n	maxHeight:0,\n	imgEls:[],\n	addImg:function(num){\n		var el=document.createElement(''div'');\n		el.id="slideImgWrap"+num;\n		el.className="slideImgWrap"; \n		if(this.imgInfos[num].fullFilePath.length>0)\n			 imgURL=this.imgInfos[num].fullFilePath;\n		else imgURL=''/concrete5.6.3.2/files/''+this.imgInfos[num].fileName; \n		//el.innerHTML=''<img src="''+imgURL+''" >'';\n		el.innerHTML=''<div style="height:''+this.imgInfos[num].imgHeight+''px; background:url(\\''''+escape(imgURL)+''\\'') center no-repeat">&nbsp;</div>'';\n		//alert(imgURL);\n		if(this.imgInfos[num].url.length>0) {\n			//el.linkURL=this.imgInfos[num].url;\n			var clickEvent=''onclick="return ccmSlideShowHelper69.imgClick( this.href  );"'';\n			el.innerHTML=''<a href="''+this.imgInfos[num].url+''" ''+clickEvent+'' >''+el.innerHTML+''</a>'';			\n		}\n		el.style.display=''none'';\n		this.displayWrap.append(el);\n		var jqEl=$(el);\n		this.imgEls.push(jqEl);\n	},\n	imgClick:function(linkURL){\n		//override for custom behavior\n	},\n	imgInfos:[\n				{\n				fileName:"diap.png",\n				fullFilePath:"/concrete5.6.3.2/files/8314/2479/3640/diap.png",\n				duration:5,\n				fadeDuration:2,		\n				url:"",\n				groupSet:1,\n				imgHeight:335			}\n		,			{\n				fileName:"diap2.png",\n				fullFilePath:"/concrete5.6.3.2/files/1114/2479/3967/diap2.png",\n				duration:5,\n				fadeDuration:2,		\n				url:"",\n				groupSet:2,\n				imgHeight:335			}\n		,			{\n				fileName:"diap3.png",\n				fullFilePath:"/concrete5.6.3.2/files/6114/2479/3969/diap3.png",\n				duration:5,\n				fadeDuration:2,		\n				url:"",\n				groupSet:3,\n				imgHeight:335			}\n			]\n}\n$(function(){ccmSlideShowHelper69.init();}); \n//]]>\n</script>\n\n<div id="ccm-SlideshowBlock-display69" style="height:335px" class="ccm-SlideshowBlock-display">\n<div id="ccm-SlideshowBlock-heightSetter69" class="ccm-SlideshowBlock-heightSetter"></div>\n<div class="ccm-SlideshowBlock-clear" ></div>\n</div>\n', 1582567711),
(1, 51, 70, 'col1', '\n<div id="HTMLBlock70" class="HTMLBlock">\n<h2>Perfect Logic</h2></div>', 1582567711),
(1, 51, 71, 'col1', '\n<div id="HTMLBlock71" class="HTMLBlock">\n<p>All you want your website do</p></div>', 1582567711),
(1, 51, 72, 'col1', '<img border="0" class="ccm-image-block" alt="" src="/concrete5.6.3.2/files/7614/2176/9617/ImgArticle1.png" width="298" height="189" />', 1582567711),
(1, 51, 74, 'col2', '\n<div id="HTMLBlock74" class="HTMLBlock">\n<h2>Complete Solution</h2></div>', 1582567711),
(1, 51, 78, 'col3', '\n<div id="HTMLBlock78" class="HTMLBlock">\n<h2>Uber Culture</h2></div>', 1582567711),
(1, 51, 83, 'col1', '\n<div id="HTMLBlock83" class="HTMLBlock">\n<p>Lorem ipsum dolor sit amet, consectetur adipiscing elit. Phasellus sed lacinia odio. Nulla vehicula velit maximus odio euismod, ac sodales erat condimentum.</p></div>', 1582567711),
(1, 51, 84, 'col2', '\n<div id="HTMLBlock84" class="HTMLBlock">\nLorem ipsum dolor sit amet, consectetur adipiscing elit. Phasellus sed lacinia odio. Nulla vehicula velit maximus odio euismod, ac sodales erat condimentum.</div>', 1582567711),
(1, 51, 85, 'col3', '\n<div id="HTMLBlock85" class="HTMLBlock">\n<p>Lorem ipsum dolor sit amet, consectetur adipiscing elit. Phasellus sed lacinia odio. Nulla vehicula velit maximus odio euismod, ac sodales erat condimentum.</p></div>', 1582567711),
(1, 51, 86, 'col2', '<img border="0" class="ccm-image-block" alt="" src="/concrete5.6.3.2/files/1814/2176/9849/ImgArticle2.png" width="298" height="193" />', 1582567711),
(1, 51, 87, 'col3', '<img border="0" class="ccm-image-block" alt="" src="/concrete5.6.3.2/files/8714/2176/9948/ImgArticle3.png" width="298" height="193" />', 1582567711),
(1, 51, 88, 'col2', '\n<div id="HTMLBlock88" class="HTMLBlock">\nA tool anything and everything you can think</div>', 1582567711),
(1, 51, 89, 'col3', '\n<div id="HTMLBlock89" class="HTMLBlock">\nFresh, Modern and ready to the future</div>', 1582567711),
(1, 51, 94, 'social : Layout 2 : Cell 2', '<img border="0" class="ccm-image-block" alt="" src="/concrete5.6.3.2/files/7714/2479/2459/LogoFb.png" width="50" height="50" />', 1582567712),
(1, 51, 95, 'social : Layout 2 : Cell 3', '<img border="0" class="ccm-image-block" alt="" src="/concrete5.6.3.2/files/7314/2479/2460/LogoIn.png" width="50" height="50" />', 1582567712),
(1, 51, 96, 'social : Layout 2 : Cell 4', '<img border="0" class="ccm-image-block" alt="" src="/concrete5.6.3.2/files/3314/2479/2463/LogoYt.png" width="50" height="50" />', 1582567712),
(1, 51, 97, 'social : Layout 2 : Cell 5', '<img border="0" class="ccm-image-block" alt="" src="/concrete5.6.3.2/files/1014/2479/2462/LogoTw.png" width="50" height="50" />', 1582567712),
(1, 51, 99, 'social', '\n<div id="HTMLBlock99" class="HTMLBlock">\n<p> Entrez votre adresse email si vous souhaitez recevoir des news de notre entreprise</p></div>', 1582567712),
(1, 51, 101, 'social : Layout 1 : Cell 1', '\n<div id="HTMLBlock101" class="HTMLBlock">\n<h2>Social Connection</h2>\r\n<hr align="center"> </hr></div>', 1582567711),
(1, 51, 102, 'social', '\n<div id="HTMLBlock102" class="HTMLBlock">\n <h2><b>Newsletter</b></h2>\r\n <hr align="center" size="1"></hr></div>', 1582567712),
(1, 51, 103, 'social : Layout 1 : Cell 1', '\n<div id="HTMLBlock103" class="HTMLBlock">\n<p>Lorem ipsum dolor sit amet, consectetur adipiscing elit. Phasellus sed lacinia odio.</p></div>', 1582567711),
(1, 51, 104, 'social : Layout 2 : Cell 1', '<img border="0" class="ccm-image-block" alt="" src="/concrete5.6.3.2/files/cache/cb5d03155b4d331b3c07d4099a8c6e3a_f10.png"  width="30" height="29" />', 1582567712),
(1, 51, 105, 'contact', '\n<div id="HTMLBlock105" class="HTMLBlock">\n<h2>Contact</h2>\r\n<hr align="center"> </hr></div>', 1582567712),
(1, 51, 108, 'actualite : Layout 1 : Cell 1', '\n<div id="HTMLBlock108" class="HTMLBlock">\n <h2>News Updates</h2>\r\n<hr align="center"> </hr></div>', 1582567712),
(1, 51, 118, 'actualite : Layout 2 : Cell 1', '<img border="0" class="ccm-image-block" alt="" src="/concrete5.6.3.2/files/8414/2177/2642/firefox.png" width="58" height="62" />', 1582567712),
(1, 51, 120, 'actualite : Layout 2 : Cell 1', '<img border="0" class="ccm-image-block" alt="" src="/concrete5.6.3.2/files/3814/2177/2718/news1.png" width="58" height="62" />', 1582567712),
(1, 51, 122, 'actualite : Layout 2 : Cell 1', '<img border="0" class="ccm-image-block" alt="" src="/concrete5.6.3.2/files/7714/2177/2753/news2.png" width="56" height="61" />', 1582567712),
(1, 51, 126, 'actualite : Layout 2 : Cell 2', '\n<div id="HTMLBlock126" class="HTMLBlock">\nLorem ipsum dolor sit amet, consectetur adipiscing elit. Phasellus sed lacinia odio.</div>', 1582567712),
(1, 51, 129, 'actualite : Layout 2 : Cell 2', '\n<div id="HTMLBlock129" class="HTMLBlock">\nLorem ipsum dolor sit amet, consectetur adipiscing elit. Phasellus sed lacinia odio.</div>', 1582567712),
(1, 51, 130, 'actualite : Layout 2 : Cell 2', '\n<div id="HTMLBlock130" class="HTMLBlock">\nLorem ipsum dolor sit amet, consectetur adipiscing elit. Phasellus sed lacinia odio.</div>', 1582567712),
(1, 52, 35, 'Titre', '\n<div id="HTMLBlock35" class="HTMLBlock">\nLorem ipsum dolor sit amet, consectetur adipiscing</div>', 1583161160),
(1, 52, 69, 'banniere', '\n<script type="text/javascript">\n//<![CDATA[\nvar ccmSlideShowHelper69 = {\n\n	bID:69,\n	imgNum:0,\n	\n	init:function(){\n		this.displayWrap=$(''#ccm-SlideshowBlock-display''+this.bID); \n		if(this.imgInfos.length==0){\n			//alert(''There are no images in this slideshow'');\n			return false;\n		}\n		var maxHeight=0;\n		for(var i=0;i<this.imgInfos.length;i++){\n			this.addImg(i);\n			if(maxHeight==0 || this.imgInfos[i].imgHeight > maxHeight)\n				maxHeight=this.imgInfos[i].imgHeight;\n		}\n		this.displayWrap.css(''height'',maxHeight);\n\n		\n		//center images\n		for(var i=0;i<this.imgInfos.length;i++){ \n			if( this.imgInfos[i].imgHeight < maxHeight){\n				var t=((maxHeight - this.imgInfos[i].imgHeight)/2);\n				this.imgEls[i].css(''top'',t);\n			}\n		}\n		this.nextImg();\n	}, \n	nextImg:function(){ \n		if(this.imgNum>=this.imgInfos.length) this.imgNum=0;  \n		this.imgEls[this.imgNum].css(''opacity'',0);\n		this.imgEls[this.imgNum].css(''display'',''block'');\n		this.imgEls[this.imgNum].animate({opacity:1},\n			this.imgInfos[this.imgNum].fadeDuration*1000,'''',function(){ccmSlideShowHelper69.preparefadeOut()});\n		var prevNum=this.imgNum-1;\n		if(prevNum<0) prevNum=this.imgInfos.length-1;\n		if(this.imgInfos.length==1) return;\n		this.imgEls[prevNum].animate({opacity:0},this.imgInfos[this.imgNum].fadeDuration*800,function(){this.style.zIndex=1;});			\n	},\n	preparefadeOut:function(){\n		if(this.imgInfos.length==1) return;\n		var milisecDuration=parseInt(this.imgInfos[this.imgNum].duration)*1000;\n		this.imgEls[this.imgNum].css(''z-index'',2);\n		setTimeout(''ccmSlideShowHelper''+69+''.nextImg();'',milisecDuration);\n		this.imgNum++;\n	},\n	maxHeight:0,\n	imgEls:[],\n	addImg:function(num){\n		var el=document.createElement(''div'');\n		el.id="slideImgWrap"+num;\n		el.className="slideImgWrap"; \n		if(this.imgInfos[num].fullFilePath.length>0)\n			 imgURL=this.imgInfos[num].fullFilePath;\n		else imgURL=''/concrete5.6.3.2/files/''+this.imgInfos[num].fileName; \n		//el.innerHTML=''<img src="''+imgURL+''" >'';\n		el.innerHTML=''<div style="height:''+this.imgInfos[num].imgHeight+''px; background:url(\\''''+escape(imgURL)+''\\'') center no-repeat">&nbsp;</div>'';\n		//alert(imgURL);\n		if(this.imgInfos[num].url.length>0) {\n			//el.linkURL=this.imgInfos[num].url;\n			var clickEvent=''onclick="return ccmSlideShowHelper69.imgClick( this.href  );"'';\n			el.innerHTML=''<a href="''+this.imgInfos[num].url+''" ''+clickEvent+'' >''+el.innerHTML+''</a>'';			\n		}\n		el.style.display=''none'';\n		this.displayWrap.append(el);\n		var jqEl=$(el);\n		this.imgEls.push(jqEl);\n	},\n	imgClick:function(linkURL){\n		//override for custom behavior\n	},\n	imgInfos:[\n				{\n				fileName:"diap.png",\n				fullFilePath:"/concrete5.6.3.2/files/8314/2479/3640/diap.png",\n				duration:5,\n				fadeDuration:2,		\n				url:"",\n				groupSet:1,\n				imgHeight:335			}\n		,			{\n				fileName:"diap2.png",\n				fullFilePath:"/concrete5.6.3.2/files/1114/2479/3967/diap2.png",\n				duration:5,\n				fadeDuration:2,		\n				url:"",\n				groupSet:2,\n				imgHeight:335			}\n		,			{\n				fileName:"diap3.png",\n				fullFilePath:"/concrete5.6.3.2/files/6114/2479/3969/diap3.png",\n				duration:5,\n				fadeDuration:2,		\n				url:"",\n				groupSet:3,\n				imgHeight:335			}\n			]\n}\n$(function(){ccmSlideShowHelper69.init();}); \n//]]>\n</script>\n\n<div id="ccm-SlideshowBlock-display69" style="height:335px" class="ccm-SlideshowBlock-display">\n<div id="ccm-SlideshowBlock-heightSetter69" class="ccm-SlideshowBlock-heightSetter"></div>\n<div class="ccm-SlideshowBlock-clear" ></div>\n</div>\n', 1583161159),
(1, 52, 70, 'col1', '\n<div id="HTMLBlock70" class="HTMLBlock">\n<h2>Perfect Logic</h2></div>', 1583161160),
(1, 52, 71, 'col1', '\n<div id="HTMLBlock71" class="HTMLBlock">\n<p>All you want your website do</p></div>', 1583161160),
(1, 52, 72, 'col1', '<img border="0" class="ccm-image-block" alt="" src="/concrete5.6.3.2/files/7614/2176/9617/ImgArticle1.png" width="298" height="189" />', 1583161160),
(1, 52, 74, 'col2', '\n<div id="HTMLBlock74" class="HTMLBlock">\n<h2>Complete Solution</h2></div>', 1583161160),
(1, 52, 78, 'col3', '\n<div id="HTMLBlock78" class="HTMLBlock">\n<h2>Uber Culture</h2></div>', 1583161160),
(1, 52, 84, 'col2', '\n<div id="HTMLBlock84" class="HTMLBlock">\nLorem ipsum dolor sit amet, consectetur adipiscing elit. Phasellus sed lacinia odio. Nulla vehicula velit maximus odio euismod, ac sodales erat condimentum.</div>', 1583161160),
(1, 52, 85, 'col3', '\n<div id="HTMLBlock85" class="HTMLBlock">\n<p>Lorem ipsum dolor sit amet, consectetur adipiscing elit. Phasellus sed lacinia odio. Nulla vehicula velit maximus odio euismod, ac sodales erat condimentum.</p></div>', 1583161160),
(1, 52, 86, 'col2', '<img border="0" class="ccm-image-block" alt="" src="/concrete5.6.3.2/files/1814/2176/9849/ImgArticle2.png" width="298" height="193" />', 1583161160),
(1, 52, 87, 'col3', '<img border="0" class="ccm-image-block" alt="" src="/concrete5.6.3.2/files/8714/2176/9948/ImgArticle3.png" width="298" height="193" />', 1583161160),
(1, 52, 88, 'col2', '\n<div id="HTMLBlock88" class="HTMLBlock">\nA tool anything and everything you can think</div>', 1583161160),
(1, 52, 89, 'col3', '\n<div id="HTMLBlock89" class="HTMLBlock">\nFresh, Modern and ready to the future</div>', 1583161160),
(1, 52, 94, 'social : Layout 2 : Cell 2', '<img border="0" class="ccm-image-block" alt="" src="/concrete5.6.3.2/files/7714/2479/2459/LogoFb.png" width="50" height="50" />', 1583161160),
(1, 52, 95, 'social : Layout 2 : Cell 3', '<img border="0" class="ccm-image-block" alt="" src="/concrete5.6.3.2/files/7314/2479/2460/LogoIn.png" width="50" height="50" />', 1583161160);
INSERT INTO `CollectionVersionBlocksOutputCache` (`cID`, `cvID`, `bID`, `arHandle`, `btCachedBlockOutput`, `btCachedBlockOutputExpires`) VALUES
(1, 52, 96, 'social : Layout 2 : Cell 4', '<img border="0" class="ccm-image-block" alt="" src="/concrete5.6.3.2/files/3314/2479/2463/LogoYt.png" width="50" height="50" />', 1583161160),
(1, 52, 97, 'social : Layout 2 : Cell 5', '<img border="0" class="ccm-image-block" alt="" src="/concrete5.6.3.2/files/1014/2479/2462/LogoTw.png" width="50" height="50" />', 1583161160),
(1, 52, 99, 'social', '\n<div id="HTMLBlock99" class="HTMLBlock">\n<p> Entrez votre adresse email si vous souhaitez recevoir des news de notre entreprise</p></div>', 1583161160),
(1, 52, 101, 'social : Layout 1 : Cell 1', '\n<div id="HTMLBlock101" class="HTMLBlock">\n<h2>Social Connection</h2>\r\n<hr align="center"> </hr></div>', 1583161160),
(1, 52, 102, 'social', '\n<div id="HTMLBlock102" class="HTMLBlock">\n <h2><b>Newsletter</b></h2>\r\n <hr align="center" size="1"></hr></div>', 1583161160),
(1, 52, 103, 'social : Layout 1 : Cell 1', '\n<div id="HTMLBlock103" class="HTMLBlock">\n<p>Lorem ipsum dolor sit amet, consectetur adipiscing elit. Phasellus sed lacinia odio.</p></div>', 1583161160),
(1, 52, 104, 'social : Layout 2 : Cell 1', '<img border="0" class="ccm-image-block" alt="" src="/concrete5.6.3.2/files/cache/cb5d03155b4d331b3c07d4099a8c6e3a_f10.png"  width="30" height="29" />', 1583161160),
(1, 52, 105, 'contact', '\n<div id="HTMLBlock105" class="HTMLBlock">\n<h2>Contact</h2>\r\n<hr align="center"> </hr></div>', 1583161160),
(1, 52, 108, 'actualite : Layout 1 : Cell 1', '\n<div id="HTMLBlock108" class="HTMLBlock">\n <h2>News Updates</h2>\r\n<hr align="center"> </hr></div>', 1583161160),
(1, 52, 118, 'actualite : Layout 2 : Cell 1', '<img border="0" class="ccm-image-block" alt="" src="/concrete5.6.3.2/files/8414/2177/2642/firefox.png" width="58" height="62" />', 1583161160),
(1, 52, 120, 'actualite : Layout 2 : Cell 1', '<img border="0" class="ccm-image-block" alt="" src="/concrete5.6.3.2/files/3814/2177/2718/news1.png" width="58" height="62" />', 1583161161),
(1, 52, 122, 'actualite : Layout 2 : Cell 1', '<img border="0" class="ccm-image-block" alt="" src="/concrete5.6.3.2/files/7714/2177/2753/news2.png" width="56" height="61" />', 1583161161),
(1, 52, 126, 'actualite : Layout 2 : Cell 2', '\n<div id="HTMLBlock126" class="HTMLBlock">\nLorem ipsum dolor sit amet, consectetur adipiscing elit. Phasellus sed lacinia odio.</div>', 1583161161),
(1, 52, 129, 'actualite : Layout 2 : Cell 2', '\n<div id="HTMLBlock129" class="HTMLBlock">\nLorem ipsum dolor sit amet, consectetur adipiscing elit. Phasellus sed lacinia odio.</div>', 1583161161),
(1, 52, 130, 'actualite : Layout 2 : Cell 2', '\n<div id="HTMLBlock130" class="HTMLBlock">\nLorem ipsum dolor sit amet, consectetur adipiscing elit. Phasellus sed lacinia odio.</div>', 1583161161),
(1, 52, 134, 'Menu', '<ul class="nav"><li class="nav-selected nav-path-selected"><a href="/" target="_self" class="nav-selected nav-path-selected">Home</a></li><li class=""><a href="/index.php/produit/" target="_self" class="">Produit</a></li><li class=""><a href="/index.php/blog/" target="_self" class="">Blog</a></li><li class=""><a href="/index.php/contact/" target="_self" class="">Contact</a></li><li class=""><a href="/index.php/plan/" target="_self" class="">Plan</a></li></ul>', 1425390535),
(1, 52, 178, 'col1', '\n<div id="HTMLBlock178" class="HTMLBlock">\n<p>Lorem ipsum dolor sit amet, consectetur adipiscing elit. Phasellus sed lacinia odio. Nulla vehicula velit maximus odio euismod, ac sodales erat condimentum.</p></div>', 1583161160),
(1, 53, 35, 'Titre', '\n<div id="HTMLBlock35" class="HTMLBlock">\nLorem ipsum dolor sit amet, consectetur adipiscing</div>', 1583244344),
(1, 53, 69, 'banniere', '\n<script type="text/javascript">\n//<![CDATA[\nvar ccmSlideShowHelper69 = {\n\n	bID:69,\n	imgNum:0,\n	\n	init:function(){\n		this.displayWrap=$(''#ccm-SlideshowBlock-display''+this.bID); \n		if(this.imgInfos.length==0){\n			//alert(''There are no images in this slideshow'');\n			return false;\n		}\n		var maxHeight=0;\n		for(var i=0;i<this.imgInfos.length;i++){\n			this.addImg(i);\n			if(maxHeight==0 || this.imgInfos[i].imgHeight > maxHeight)\n				maxHeight=this.imgInfos[i].imgHeight;\n		}\n		this.displayWrap.css(''height'',maxHeight);\n\n		\n		//center images\n		for(var i=0;i<this.imgInfos.length;i++){ \n			if( this.imgInfos[i].imgHeight < maxHeight){\n				var t=((maxHeight - this.imgInfos[i].imgHeight)/2);\n				this.imgEls[i].css(''top'',t);\n			}\n		}\n		this.nextImg();\n	}, \n	nextImg:function(){ \n		if(this.imgNum>=this.imgInfos.length) this.imgNum=0;  \n		this.imgEls[this.imgNum].css(''opacity'',0);\n		this.imgEls[this.imgNum].css(''display'',''block'');\n		this.imgEls[this.imgNum].animate({opacity:1},\n			this.imgInfos[this.imgNum].fadeDuration*1000,'''',function(){ccmSlideShowHelper69.preparefadeOut()});\n		var prevNum=this.imgNum-1;\n		if(prevNum<0) prevNum=this.imgInfos.length-1;\n		if(this.imgInfos.length==1) return;\n		this.imgEls[prevNum].animate({opacity:0},this.imgInfos[this.imgNum].fadeDuration*800,function(){this.style.zIndex=1;});			\n	},\n	preparefadeOut:function(){\n		if(this.imgInfos.length==1) return;\n		var milisecDuration=parseInt(this.imgInfos[this.imgNum].duration)*1000;\n		this.imgEls[this.imgNum].css(''z-index'',2);\n		setTimeout(''ccmSlideShowHelper''+69+''.nextImg();'',milisecDuration);\n		this.imgNum++;\n	},\n	maxHeight:0,\n	imgEls:[],\n	addImg:function(num){\n		var el=document.createElement(''div'');\n		el.id="slideImgWrap"+num;\n		el.className="slideImgWrap"; \n		if(this.imgInfos[num].fullFilePath.length>0)\n			 imgURL=this.imgInfos[num].fullFilePath;\n		else imgURL=''/files/''+this.imgInfos[num].fileName; \n		//el.innerHTML=''<img src="''+imgURL+''" >'';\n		el.innerHTML=''<div style="height:''+this.imgInfos[num].imgHeight+''px; background:url(\\''''+escape(imgURL)+''\\'') center no-repeat">&nbsp;</div>'';\n		//alert(imgURL);\n		if(this.imgInfos[num].url.length>0) {\n			//el.linkURL=this.imgInfos[num].url;\n			var clickEvent=''onclick="return ccmSlideShowHelper69.imgClick( this.href  );"'';\n			el.innerHTML=''<a href="''+this.imgInfos[num].url+''" ''+clickEvent+'' >''+el.innerHTML+''</a>'';			\n		}\n		el.style.display=''none'';\n		this.displayWrap.append(el);\n		var jqEl=$(el);\n		this.imgEls.push(jqEl);\n	},\n	imgClick:function(linkURL){\n		//override for custom behavior\n	},\n	imgInfos:[\n				{\n				fileName:"diap.png",\n				fullFilePath:"/files/8314/2479/3640/diap.png",\n				duration:5,\n				fadeDuration:2,		\n				url:"",\n				groupSet:1,\n				imgHeight:335			}\n		,			{\n				fileName:"diap2.png",\n				fullFilePath:"/files/1114/2479/3967/diap2.png",\n				duration:5,\n				fadeDuration:2,		\n				url:"",\n				groupSet:2,\n				imgHeight:335			}\n		,			{\n				fileName:"diap3.png",\n				fullFilePath:"/files/6114/2479/3969/diap3.png",\n				duration:5,\n				fadeDuration:2,		\n				url:"",\n				groupSet:3,\n				imgHeight:335			}\n			]\n}\n$(function(){ccmSlideShowHelper69.init();}); \n//]]>\n</script>\n\n<div id="ccm-SlideshowBlock-display69" style="height:335px" class="ccm-SlideshowBlock-display">\n<div id="ccm-SlideshowBlock-heightSetter69" class="ccm-SlideshowBlock-heightSetter"></div>\n<div class="ccm-SlideshowBlock-clear" ></div>\n</div>\n', 1583244344),
(1, 53, 70, 'col1', '\n<div id="HTMLBlock70" class="HTMLBlock">\n<h2>Perfect Logic</h2></div>', 1583244344),
(1, 53, 71, 'col1', '\n<div id="HTMLBlock71" class="HTMLBlock">\n<p>All you want your website do</p></div>', 1583244344),
(1, 53, 74, 'col2', '\n<div id="HTMLBlock74" class="HTMLBlock">\n<h2>Complete Solution</h2></div>', 1583244344),
(1, 53, 78, 'col3', '\n<div id="HTMLBlock78" class="HTMLBlock">\n<h2>Uber Culture</h2></div>', 1583244344),
(1, 53, 84, 'col2', '\n<div id="HTMLBlock84" class="HTMLBlock">\nLorem ipsum dolor sit amet, consectetur adipiscing elit. Phasellus sed lacinia odio. Nulla vehicula velit maximus odio euismod, ac sodales erat condimentum.</div>', 1583244344),
(1, 53, 85, 'col3', '\n<div id="HTMLBlock85" class="HTMLBlock">\n<p>Lorem ipsum dolor sit amet, consectetur adipiscing elit. Phasellus sed lacinia odio. Nulla vehicula velit maximus odio euismod, ac sodales erat condimentum.</p></div>', 1583244344),
(1, 53, 88, 'col2', '\n<div id="HTMLBlock88" class="HTMLBlock">\nA tool anything and everything you can think</div>', 1583244344),
(1, 53, 89, 'col3', '\n<div id="HTMLBlock89" class="HTMLBlock">\nFresh, Modern and ready to the future</div>', 1583244344),
(1, 53, 99, 'social', '\n<div id="HTMLBlock99" class="HTMLBlock">\n<p> Entrez votre adresse email si vous souhaitez recevoir des news de notre entreprise</p></div>', 1583244344),
(1, 53, 101, 'social : Layout 1 : Cell 1', '\n<div id="HTMLBlock101" class="HTMLBlock">\n<h2>Social Connection</h2>\r\n<hr align="center"> </hr></div>', 1583244344),
(1, 53, 102, 'social', '\n<div id="HTMLBlock102" class="HTMLBlock">\n <h2><b>Newsletter</b></h2>\r\n <hr align="center" size="1"></hr></div>', 1583244344),
(1, 53, 103, 'social : Layout 1 : Cell 1', '\n<div id="HTMLBlock103" class="HTMLBlock">\n<p>Lorem ipsum dolor sit amet, consectetur adipiscing elit. Phasellus sed lacinia odio.</p></div>', 1583244344),
(1, 53, 105, 'contact', '\n<div id="HTMLBlock105" class="HTMLBlock">\n<h2>Contact</h2>\r\n<hr align="center"> </hr></div>', 1583244344),
(1, 53, 108, 'actualite : Layout 1 : Cell 1', '\n<div id="HTMLBlock108" class="HTMLBlock">\n <h2>News Updates</h2>\r\n<hr align="center"> </hr></div>', 1583244344),
(1, 53, 126, 'actualite : Layout 2 : Cell 2', '\n<div id="HTMLBlock126" class="HTMLBlock">\nLorem ipsum dolor sit amet, consectetur adipiscing elit. Phasellus sed lacinia odio.</div>', 1583244344),
(1, 53, 129, 'actualite : Layout 2 : Cell 2', '\n<div id="HTMLBlock129" class="HTMLBlock">\nLorem ipsum dolor sit amet, consectetur adipiscing elit. Phasellus sed lacinia odio.</div>', 1583244344),
(1, 53, 130, 'actualite : Layout 2 : Cell 2', '\n<div id="HTMLBlock130" class="HTMLBlock">\nLorem ipsum dolor sit amet, consectetur adipiscing elit. Phasellus sed lacinia odio.</div>', 1583244344),
(1, 53, 178, 'col1', '\n<div id="HTMLBlock178" class="HTMLBlock">\n<p>Lorem ipsum dolor sit amet, consectetur adipiscing elit. Phasellus sed lacinia odio. Nulla vehicula velit maximus odio euismod, ac sodales erat condimentum.</p></div>', 1583244344),
(1, 53, 179, 'col1', '<img border="0" class="ccm-image-block" alt="" src="/files/7614/2176/9617/ImgArticle1.png" width="298" height="189" />', 1583244103),
(1, 53, 180, 'col2', '<img border="0" class="ccm-image-block" alt="" src="/files/1814/2176/9849/ImgArticle2.png" width="298" height="193" />', 1583244216),
(1, 53, 181, 'col3', '<img border="0" class="ccm-image-block" alt="" src="/files/8714/2176/9948/ImgArticle3.png" width="298" height="193" />', 1583244232),
(1, 53, 182, 'social : Layout 2 : Cell 1', '<img border="0" class="ccm-image-block" alt="" src="/files/cache/f58d2e1a06fe30f880dada33fce0f0bc_f10.png"  width="30" height="29" />', 1583244247),
(1, 53, 183, 'social : Layout 2 : Cell 2', '<img border="0" class="ccm-image-block" alt="" src="/files/7714/2479/2459/LogoFb.png" width="50" height="50" />', 1583244261),
(1, 53, 184, 'social : Layout 2 : Cell 3', '<img border="0" class="ccm-image-block" alt="" src="/files/7314/2479/2460/LogoIn.png" width="50" height="50" />', 1583244270),
(1, 53, 185, 'social : Layout 2 : Cell 4', '<img border="0" class="ccm-image-block" alt="" src="/files/3314/2479/2463/LogoYt.png" width="50" height="50" />', 1583244279),
(1, 53, 186, 'social : Layout 2 : Cell 5', '<img border="0" class="ccm-image-block" alt="" src="/files/1014/2479/2462/LogoTw.png" width="50" height="50" />', 1583244289),
(1, 53, 187, 'actualite : Layout 2 : Cell 1', '<img border="0" class="ccm-image-block" alt="" src="/files/8414/2177/2642/firefox.png" width="58" height="62" />', 1583244306),
(1, 53, 188, 'actualite : Layout 2 : Cell 1', '<img border="0" class="ccm-image-block" alt="" src="/files/3814/2177/2718/news1.png" width="58" height="62" />', 1583244316),
(1, 53, 189, 'actualite : Layout 2 : Cell 1', '<img border="0" class="ccm-image-block" alt="" src="/files/7714/2177/2753/news2.png" width="56" height="61" />', 1583244328),
(106, 1, 1, 'Header', '	<div id="newsflow-header-first-run"><h1>Welcome to concrete5.</h1>\n						<h2>It''s easy to edit content and add pages using in-context editing.</h2></div>\n						', 1575906598),
(106, 1, 2, 'Column 1', '<div class="newsflow-column-first-run">\n							<h3>Building Your Own Site</h3>\n							<p>Editing with concrete5 is a breeze. Just point and click to make changes.</p>\n							<br/>\n							<p><a href="javascript:void(0)" onclick="ccm_getNewsflowByPath(''/welcome/editors'')" class="btn primary">Editor''s Guide</a></p>\n							</div>', 1575906598),
(106, 1, 3, 'Column 2', '<div class="newsflow-column-first-run">\n							<h3>Developing Applications</h3>\n							<p>If you’re comfortable in PHP concrete5 should be a breeze to learn. Take a few moments to understand the architecture.</p>\n							<p><a href="javascript:void(0)" onclick="ccm_getNewsflowByPath(''/welcome/developers'')" class="btn primary">Developer''s Guide</a></p>\n							</div>', 1575906598),
(106, 1, 4, 'Column 3', '<div class="newsflow-column-first-run">\n							<h3>Designing Websites</h3>\n							<p>Good with CSS and HTML? You can easily theme anything with concrete5.</p>\n							<br/>\n							<p><a href="javascript:void(0)" onclick="ccm_getNewsflowByPath(''/welcome/designers'')" class="btn primary">Designer''s Guide</a></p>\n							</div>', 1575906598),
(106, 1, 5, 'Column 4', '\n						<div class="newsflow-column-first-run">\n						<h3>Business Background</h3>\n						<p>Worried about license structures, white-labeling or why concrete5 is a good choice for your agency?</p>\n						<p><a href="javascript:void(0)" onclick="ccm_getNewsflowByPath(''/welcome/executives'')" class="btn primary">Executive''s Guide</a></p>\n						</div>', 1575906598),
(107, 1, 6, 'Primary', '\n<h1>Bienvenue</h1>\n<br/>\n\n<p><span class="label notice">Mettre à jour concrete5</span> La dernière version de concrete5 est la version <strong>5.6.3.3</strong>, et vous utilisez actuellement la version <strong>5.6.3.2</strong>. <a class="" href="/index.php/dashboard/system/backup_restore/update/">En savoir plus et mettre à jour.</a></p>\n\n\n\n', 1425476898),
(107, 1, 8, 'Secondary 1', '<div>\n<h2>Get Involved</h2>\r\n<p><a href="http://www.concrete5.org/developers/submitting-code/marketplace-submission-rules/prb-team/">Join the Peer Review Board</a> and be part of the team that vets add-ons and themes for our marketplace. </p></div>\n\n', 1425397698),
(107, 1, 9, 'Secondary 2', '<div>\n<p class="p1" style="padding-left: 30px;"><br /><br /><a href="http://www.concrete5.org/about/blog/concrete5-sightings/concrete5-7-editor-s-guide-released/" target="_blank"><img src="http://newsflow.concrete5.org/files/3314/1382/7213/5.7_EditorsGuide_1.png" alt="5.7_EditorsGuide_1.png" width="200" height="81" /></a></p></div>\n\n', 1425397698),
(107, 1, 10, 'Secondary 3', '<h6>thèmes vedettes</h6>\n	<div class="clearfix">\n	<img src="http://www.concrete5.org/files/7512/3967/5248/marketplace_thumb.png" width="97" height="97" style="float: left; margin-right: 10px; margin-bottom: 10px" />\n	<h3>LoadFooV2</h3>\n	<p>A clean design, in black, lime, and white</p>\n	</div>\n	\n	<a href="javascript:void(0)" onclick="ccm_getMarketplaceItemDetails(7)" href="http://www.concrete5.org/marketplace/themes/loadfoov2" class="btn">En savoir plus</a>\n', 1425397699),
(107, 1, 11, 'Secondary 4', '<h6>Extensions vedettes</h6>\n	<div class="clearfix">\n	<img src="http://www.concrete5.org/files/3714/0354/6881/core_commerce_icon.png" width="97" height="97" style="float: left; margin-right: 10px; margin-bottom: 10px" />\n	<h3>eCommerce</h3>\n	<p>eCommerce for your concrete5 site. The official eCommerce add-on makes it easy to add and update products.</p>\n	</div>\n	\n	<a href="javascript:void(0)" onclick="ccm_getMarketplaceItemDetails(53)" class="btn">En savoir plus</a>\n', 1425397701),
(107, 1, 12, 'Secondary 5', '<div>\n<style type="text/css">\n\ndiv.deal-of-day { padding-left: 30px; }\ndiv.deal-of-day p { margin-bottom: 10px;}\ndiv.deal-of-day h4 { margin-bottom: 8px;}\n\n.deal-of-day span.deal-of-day-offer-marketplace-icon { \n	display: block;\n	float: left;\n	width: 40px;\n}\n\n.deal-of-day .deal-of-day-offer-description {\n	\n}\n\n.deal-of-day .deal-of-day-offer-deal-description {\n	display: block;\n	float: right;\n	width: 80%;\n}\n.deal-of-day br { clear: both; }\n\n.deal-of-day .deal-of-day-offer-marketplace-title { display: none;}\n.deal-of-day .deal-of-day-offer-marketplace-description { display: none;}\n\n.deal-of-day .deal-of-day-offer-deal-description span { clear:both; }\n\n.deal-of-day .deal-of-day-offer-addons { \n	font-size: 10px; \n	text-transform: uppercase;\n	color: #999;\n}\n</style>\n\n<div id="deal-of-day-0" class="deal-of-day">\n	<h6>Marketplace Deal of the Day</h6>\n</div></div>\n\n	<div class="newsflow-paging-next"><a href="javascript:void(0)" onclick="ccm_showNewsflowOffsite(341)"><span></span></a></div>\n\n	<script type="text/javascript">\n	$(function() {\n		ccm_setNewsflowPagingArrowHeight();\n	});\n	</script>\n	\n', 1425397701),
(126, 18, 145, 'contenu : Layout 2 : Cell 1', '<img border="0" class="ccm-image-block" alt="" src="/concrete5.6.3.2/files/7114/2480/4456/1.jpg" width="300" height="199" />', 1582570866),
(126, 18, 146, 'contenu : Layout 2 : Cell 2', '<img border="0" class="ccm-image-block" alt="" src="/concrete5.6.3.2/files/3114/2480/4457/2.jpg" width="300" height="167" />', 1582570895),
(126, 18, 147, 'contenu : Layout 2 : Cell 3', '<img border="0" class="ccm-image-block" alt="" src="/concrete5.6.3.2/files/4914/2480/4458/3.jpg" width="300" height="140" />', 1582570912),
(126, 18, 148, 'contenu : Layout 2 : Cell 4', '<p>Lorem ipsum dolor sit amet, consectetur adipiscing elit. Pellentesque consectetur euismod metus in mollis. Mauris ac gravida nisl. Vestibulum ante ipsum primis in faucibus orci luctus et ultrices posuere cubilia Curae; Donec consequat, nibh id commodo suscipit, augue risus eleifend sapien, ac feugiat dui lorem sed nulla. Mauris commodo eget tellus non congue. Aenean fermentum tortor odio. Etiam elit ligula, consequat eget interdum sit amet, gravida sed tortor.</p>', 1582570959),
(126, 18, 149, 'contenu : Layout 2 : Cell 5', '<p>Lorem ipsum dolor sit amet, consectetur adipiscing elit. Pellentesque consectetur euismod metus in mollis. Mauris ac gravida nisl. Vestibulum ante ipsum primis in faucibus orci luctus et ultrices posuere cubilia Curae; Donec consequat, nibh id commodo suscipit, augue risus eleifend sapien, ac feugiat dui lorem sed nulla. Mauris commodo eget tellus non congue. Aenean fermentum tortor odio. Etiam elit ligula, consequat eget interdum sit amet, gravida sed tortor.</p>', 1582570967),
(126, 18, 150, 'contenu : Layout 2 : Cell 6', '<p>Lorem ipsum dolor sit amet, consectetur adipiscing elit. Pellentesque consectetur euismod metus in mollis. Mauris ac gravida nisl. Vestibulum ante ipsum primis in faucibus orci luctus et ultrices posuere cubilia Curae; Donec consequat, nibh id commodo suscipit, augue risus eleifend sapien, ac feugiat dui lorem sed nulla. Mauris commodo eget tellus non congue. Aenean fermentum tortor odio. Etiam elit ligula, consequat eget interdum sit amet, gravida sed tortor.</p>', 1582570975),
(126, 19, 145, 'contenu : Layout 2 : Cell 1', '<img border="0" class="ccm-image-block" alt="" src="/concrete5.6.3.2/files/7114/2480/4456/1.jpg" width="300" height="199" />', 1582571025),
(126, 19, 146, 'contenu : Layout 2 : Cell 2', '<img border="0" class="ccm-image-block" alt="" src="/concrete5.6.3.2/files/3114/2480/4457/2.jpg" width="300" height="167" />', 1582571025),
(126, 19, 147, 'contenu : Layout 2 : Cell 3', '<img border="0" class="ccm-image-block" alt="" src="/concrete5.6.3.2/files/4914/2480/4458/3.jpg" width="300" height="140" />', 1582571025),
(126, 19, 148, 'contenu : Layout 2 : Cell 4', '<p>Lorem ipsum dolor sit amet, consectetur adipiscing elit. Pellentesque consectetur euismod metus in mollis. Mauris ac gravida nisl. Vestibulum ante ipsum primis in faucibus orci luctus et ultrices posuere cubilia Curae; Donec consequat, nibh id commodo suscipit, augue risus eleifend sapien, ac feugiat dui lorem sed nulla. Mauris commodo eget tellus non congue. Aenean fermentum tortor odio. Etiam elit ligula, consequat eget interdum sit amet, gravida sed tortor.</p>', 1582571025),
(126, 19, 149, 'contenu : Layout 2 : Cell 5', '<p>Lorem ipsum dolor sit amet, consectetur adipiscing elit. Pellentesque consectetur euismod metus in mollis. Mauris ac gravida nisl. Vestibulum ante ipsum primis in faucibus orci luctus et ultrices posuere cubilia Curae; Donec consequat, nibh id commodo suscipit, augue risus eleifend sapien, ac feugiat dui lorem sed nulla. Mauris commodo eget tellus non congue. Aenean fermentum tortor odio. Etiam elit ligula, consequat eget interdum sit amet, gravida sed tortor.</p>', 1582571025),
(126, 19, 150, 'contenu : Layout 2 : Cell 6', '<p>Lorem ipsum dolor sit amet, consectetur adipiscing elit. Pellentesque consectetur euismod metus in mollis. Mauris ac gravida nisl. Vestibulum ante ipsum primis in faucibus orci luctus et ultrices posuere cubilia Curae; Donec consequat, nibh id commodo suscipit, augue risus eleifend sapien, ac feugiat dui lorem sed nulla. Mauris commodo eget tellus non congue. Aenean fermentum tortor odio. Etiam elit ligula, consequat eget interdum sit amet, gravida sed tortor.</p>', 1582571025),
(126, 20, 145, 'contenu : Layout 2 : Cell 1', '<img border="0" class="ccm-image-block" alt="" src="/concrete5.6.3.2/files/7114/2480/4456/1.jpg" width="300" height="199" />', 1582571105),
(126, 20, 146, 'contenu : Layout 2 : Cell 2', '<img border="0" class="ccm-image-block" alt="" src="/concrete5.6.3.2/files/3114/2480/4457/2.jpg" width="300" height="167" />', 1582571105),
(126, 20, 147, 'contenu : Layout 2 : Cell 3', '<img border="0" class="ccm-image-block" alt="" src="/concrete5.6.3.2/files/4914/2480/4458/3.jpg" width="300" height="140" />', 1582571105),
(126, 20, 148, 'contenu : Layout 2 : Cell 4', '<p>Lorem ipsum dolor sit amet, consectetur adipiscing elit. Pellentesque consectetur euismod metus in mollis. Mauris ac gravida nisl. Vestibulum ante ipsum primis in faucibus orci luctus et ultrices posuere cubilia Curae; Donec consequat, nibh id commodo suscipit, augue risus eleifend sapien, ac feugiat dui lorem sed nulla. Mauris commodo eget tellus non congue. Aenean fermentum tortor odio. Etiam elit ligula, consequat eget interdum sit amet, gravida sed tortor.</p>', 1582571105),
(126, 20, 150, 'contenu : Layout 2 : Cell 6', '<p>Lorem ipsum dolor sit amet, consectetur adipiscing elit. Pellentesque consectetur euismod metus in mollis. Mauris ac gravida nisl. Vestibulum ante ipsum primis in faucibus orci luctus et ultrices posuere cubilia Curae; Donec consequat, nibh id commodo suscipit, augue risus eleifend sapien, ac feugiat dui lorem sed nulla. Mauris commodo eget tellus non congue. Aenean fermentum tortor odio. Etiam elit ligula, consequat eget interdum sit amet, gravida sed tortor.</p>', 1582571105),
(126, 20, 151, 'contenu : Layout 2 : Cell 5', '<p>Lorem ipsum dolor sit amet, consectetur adipiscing elit. Pellentesque consectetur euismod metus in mollis. Mauris ac gravida nisl. Vestibulum ante ipsum primis in faucibus orci luctus et ultrices posuere cubilia Curae; Donec consequat, nibh id commodo suscipit, augue risus eleifend sapien, ac feugiat dui lorem sed nulla. Mauris commodo eget tellus non congue. Aenean fermentum tortor odio. Etiam elit ligula, consequat eget interdum sit amet, gravida sed tortor.</p>', 1582571105),
(126, 21, 145, 'contenu : Layout 2 : Cell 1', '<img border="0" class="ccm-image-block" alt="" src="/concrete5.6.3.2/files/7114/2480/4456/1.jpg" width="300" height="199" />', 1582571143),
(126, 21, 146, 'contenu : Layout 2 : Cell 2', '<img border="0" class="ccm-image-block" alt="" src="/concrete5.6.3.2/files/3114/2480/4457/2.jpg" width="300" height="167" />', 1582571143),
(126, 21, 147, 'contenu : Layout 2 : Cell 3', '<img border="0" class="ccm-image-block" alt="" src="/concrete5.6.3.2/files/4914/2480/4458/3.jpg" width="300" height="140" />', 1582571144),
(126, 21, 148, 'contenu : Layout 2 : Cell 4', '<p>Lorem ipsum dolor sit amet, consectetur adipiscing elit. Pellentesque consectetur euismod metus in mollis. Mauris ac gravida nisl. Vestibulum ante ipsum primis in faucibus orci luctus et ultrices posuere cubilia Curae; Donec consequat, nibh id commodo suscipit, augue risus eleifend sapien, ac feugiat dui lorem sed nulla. Mauris commodo eget tellus non congue. Aenean fermentum tortor odio. Etiam elit ligula, consequat eget interdum sit amet, gravida sed tortor.</p>', 1582571144),
(126, 21, 150, 'contenu : Layout 2 : Cell 6', '<p>Lorem ipsum dolor sit amet, consectetur adipiscing elit. Pellentesque consectetur euismod metus in mollis. Mauris ac gravida nisl. Vestibulum ante ipsum primis in faucibus orci luctus et ultrices posuere cubilia Curae; Donec consequat, nibh id commodo suscipit, augue risus eleifend sapien, ac feugiat dui lorem sed nulla. Mauris commodo eget tellus non congue. Aenean fermentum tortor odio. Etiam elit ligula, consequat eget interdum sit amet, gravida sed tortor.</p>', 1582571144),
(126, 21, 151, 'contenu : Layout 2 : Cell 5', '<p>Lorem ipsum dolor sit amet, consectetur adipiscing elit. Pellentesque consectetur euismod metus in mollis. Mauris ac gravida nisl. Vestibulum ante ipsum primis in faucibus orci luctus et ultrices posuere cubilia Curae; Donec consequat, nibh id commodo suscipit, augue risus eleifend sapien, ac feugiat dui lorem sed nulla. Mauris commodo eget tellus non congue. Aenean fermentum tortor odio. Etiam elit ligula, consequat eget interdum sit amet, gravida sed tortor.</p>', 1582571144),
(126, 22, 145, 'contenu : Layout 2 : Cell 1', '<img border="0" class="ccm-image-block" alt="" src="/concrete5.6.3.2/files/7114/2480/4456/1.jpg" width="300" height="199" />', 1582571176),
(126, 22, 146, 'contenu : Layout 2 : Cell 2', '<img border="0" class="ccm-image-block" alt="" src="/concrete5.6.3.2/files/3114/2480/4457/2.jpg" width="300" height="167" />', 1582571176),
(126, 22, 147, 'contenu : Layout 2 : Cell 3', '<img border="0" class="ccm-image-block" alt="" src="/concrete5.6.3.2/files/4914/2480/4458/3.jpg" width="300" height="140" />', 1582571176),
(126, 22, 148, 'contenu : Layout 2 : Cell 4', '<p>Lorem ipsum dolor sit amet, consectetur adipiscing elit. Pellentesque consectetur euismod metus in mollis. Mauris ac gravida nisl. Vestibulum ante ipsum primis in faucibus orci luctus et ultrices posuere cubilia Curae; Donec consequat, nibh id commodo suscipit, augue risus eleifend sapien, ac feugiat dui lorem sed nulla. Mauris commodo eget tellus non congue. Aenean fermentum tortor odio. Etiam elit ligula, consequat eget interdum sit amet, gravida sed tortor.</p>', 1582571176),
(126, 22, 150, 'contenu : Layout 2 : Cell 6', '<p>Lorem ipsum dolor sit amet, consectetur adipiscing elit. Pellentesque consectetur euismod metus in mollis. Mauris ac gravida nisl. Vestibulum ante ipsum primis in faucibus orci luctus et ultrices posuere cubilia Curae; Donec consequat, nibh id commodo suscipit, augue risus eleifend sapien, ac feugiat dui lorem sed nulla. Mauris commodo eget tellus non congue. Aenean fermentum tortor odio. Etiam elit ligula, consequat eget interdum sit amet, gravida sed tortor.</p>', 1582571176),
(126, 22, 153, 'contenu : Layout 2 : Cell 5', '<p>Lorem ipsum dolor sit amet, consectetur adipiscing elit. Pellentesque consectetur euismod metus in mollis. Mauris ac gravida nisl. Vestibulum ante ipsum primis in faucibus orci luctus et ultrices posuere cubilia Curae; Donec consequat, nibh id commodo suscipit, augue risus eleifend sapien, ac feugiat dui lorem sed nulla. Mauris commodo eget tellus non congue. Aenean fermentum tortor odio. Etiam elit ligula, consequat eget interdum sit amet, gravida sed tortor.</p>', 1582571176),
(126, 22, 154, 'contenu : Layout 2 : Cell 4', '<p>Lorem ipsum dolor sit amet, consectetur adipiscing elit. Pellentesque consectetur euismod metus in mollis. Mauris ac gravida nisl. Vestibulum ante ipsum primis in faucibus orci luctus et ultrices posuere cubilia Curae; Donec consequat, nibh id commodo suscipit, augue risus eleifend sapien, ac feugiat dui lorem sed nulla. Mauris commodo eget tellus non congue. Aenean fermentum tortor odio. Etiam elit ligula, consequat eget interdum sit amet, gravida sed tortor.</p>', 1582571194),
(126, 23, 145, 'contenu : Layout 2 : Cell 1', '<img border="0" class="ccm-image-block" alt="" src="/concrete5.6.3.2/files/7114/2480/4456/1.jpg" width="300" height="199" />', 1582571218),
(126, 23, 146, 'contenu : Layout 2 : Cell 2', '<img border="0" class="ccm-image-block" alt="" src="/concrete5.6.3.2/files/3114/2480/4457/2.jpg" width="300" height="167" />', 1582571218),
(126, 23, 147, 'contenu : Layout 2 : Cell 3', '<img border="0" class="ccm-image-block" alt="" src="/concrete5.6.3.2/files/4914/2480/4458/3.jpg" width="300" height="140" />', 1582571218),
(126, 23, 150, 'contenu : Layout 2 : Cell 6', '<p>Lorem ipsum dolor sit amet, consectetur adipiscing elit. Pellentesque consectetur euismod metus in mollis. Mauris ac gravida nisl. Vestibulum ante ipsum primis in faucibus orci luctus et ultrices posuere cubilia Curae; Donec consequat, nibh id commodo suscipit, augue risus eleifend sapien, ac feugiat dui lorem sed nulla. Mauris commodo eget tellus non congue. Aenean fermentum tortor odio. Etiam elit ligula, consequat eget interdum sit amet, gravida sed tortor.</p>', 1582571218),
(126, 23, 153, 'contenu : Layout 2 : Cell 5', '<p>Lorem ipsum dolor sit amet, consectetur adipiscing elit. Pellentesque consectetur euismod metus in mollis. Mauris ac gravida nisl. Vestibulum ante ipsum primis in faucibus orci luctus et ultrices posuere cubilia Curae; Donec consequat, nibh id commodo suscipit, augue risus eleifend sapien, ac feugiat dui lorem sed nulla. Mauris commodo eget tellus non congue. Aenean fermentum tortor odio. Etiam elit ligula, consequat eget interdum sit amet, gravida sed tortor.</p>', 1582571218),
(126, 23, 154, 'contenu : Layout 2 : Cell 4', '<p>Lorem ipsum dolor sit amet, consectetur adipiscing elit. Pellentesque consectetur euismod metus in mollis. Mauris ac gravida nisl. Vestibulum ante ipsum primis in faucibus orci luctus et ultrices posuere cubilia Curae; Donec consequat, nibh id commodo suscipit, augue risus eleifend sapien, ac feugiat dui lorem sed nulla. Mauris commodo eget tellus non congue. Aenean fermentum tortor odio. Etiam elit ligula, consequat eget interdum sit amet, gravida sed tortor.</p>', 1582571218),
(126, 23, 155, 'contenu : Layout 2 : Cell 5', '<p>Lorem ipsum dolor sit amet, consectetur adipiscing elit. Pellentesque consectetur euismod metus in mollis. Mauris ac gravida nisl. Vestibulum ante ipsum primis in faucibus orci luctus et ultrices posuere cubilia Curae; Donec consequat, nibh id commodo suscipit, augue risus eleifend sapien, ac feugiat dui lorem sed nulla. Mauris commodo eget tellus non congue. Aenean fermentum tortor odio. Etiam elit ligula, consequat eget interdum sit amet, gravida sed tortor.</p>', 1582571232),
(126, 23, 156, 'contenu : Layout 2 : Cell 6', '<p>Lorem ipsum dolor sit amet, consectetur adipiscing elit. Pellentesque consectetur euismod metus in mollis. Mauris ac gravida nisl. Vestibulum ante ipsum primis in faucibus orci luctus et ultrices posuere cubilia Curae; Donec consequat, nibh id commodo suscipit, augue risus eleifend sapien, ac feugiat dui lorem sed nulla. Mauris commodo eget tellus non congue. Aenean fermentum tortor odio. Etiam elit ligula, consequat eget interdum sit amet, gravida sed tortor.</p>', 1582571246),
(126, 24, 145, 'contenu : Layout 2 : Cell 1', '<img border="0" class="ccm-image-block" alt="" src="/concrete5.6.3.2/files/7114/2480/4456/1.jpg" width="300" height="199" />', 1582571328),
(126, 24, 146, 'contenu : Layout 2 : Cell 2', '<img border="0" class="ccm-image-block" alt="" src="/concrete5.6.3.2/files/3114/2480/4457/2.jpg" width="300" height="167" />', 1582571328),
(126, 24, 147, 'contenu : Layout 2 : Cell 3', '<img border="0" class="ccm-image-block" alt="" src="/concrete5.6.3.2/files/4914/2480/4458/3.jpg" width="300" height="140" />', 1582571328),
(126, 24, 154, 'contenu : Layout 2 : Cell 4', '<p>Lorem ipsum dolor sit amet, consectetur adipiscing elit. Pellentesque consectetur euismod metus in mollis. Mauris ac gravida nisl. Vestibulum ante ipsum primis in faucibus orci luctus et ultrices posuere cubilia Curae; Donec consequat, nibh id commodo suscipit, augue risus eleifend sapien, ac feugiat dui lorem sed nulla. Mauris commodo eget tellus non congue. Aenean fermentum tortor odio. Etiam elit ligula, consequat eget interdum sit amet, gravida sed tortor.</p>', 1582571328),
(126, 24, 155, 'contenu : Layout 2 : Cell 5', '<p>Lorem ipsum dolor sit amet, consectetur adipiscing elit. Pellentesque consectetur euismod metus in mollis. Mauris ac gravida nisl. Vestibulum ante ipsum primis in faucibus orci luctus et ultrices posuere cubilia Curae; Donec consequat, nibh id commodo suscipit, augue risus eleifend sapien, ac feugiat dui lorem sed nulla. Mauris commodo eget tellus non congue. Aenean fermentum tortor odio. Etiam elit ligula, consequat eget interdum sit amet, gravida sed tortor.</p>', 1582571328),
(126, 24, 156, 'contenu : Layout 2 : Cell 6', '<p>Lorem ipsum dolor sit amet, consectetur adipiscing elit. Pellentesque consectetur euismod metus in mollis. Mauris ac gravida nisl. Vestibulum ante ipsum primis in faucibus orci luctus et ultrices posuere cubilia Curae; Donec consequat, nibh id commodo suscipit, augue risus eleifend sapien, ac feugiat dui lorem sed nulla. Mauris commodo eget tellus non congue. Aenean fermentum tortor odio. Etiam elit ligula, consequat eget interdum sit amet, gravida sed tortor.</p>', 1582571328),
(126, 25, 145, 'contenu : Layout 2 : Cell 1', '<img border="0" class="ccm-image-block" alt="" src="/concrete5.6.3.2/files/7114/2480/4456/1.jpg" width="300" height="199" />', 1582571349),
(126, 25, 146, 'contenu : Layout 2 : Cell 2', '<img border="0" class="ccm-image-block" alt="" src="/concrete5.6.3.2/files/3114/2480/4457/2.jpg" width="300" height="167" />', 1582571349),
(126, 25, 147, 'contenu : Layout 2 : Cell 3', '<img border="0" class="ccm-image-block" alt="" src="/concrete5.6.3.2/files/4914/2480/4458/3.jpg" width="300" height="140" />', 1582571349),
(126, 25, 154, 'contenu : Layout 2 : Cell 4', '<p>Lorem ipsum dolor sit amet, consectetur adipiscing elit. Pellentesque consectetur euismod metus in mollis. Mauris ac gravida nisl. Vestibulum ante ipsum primis in faucibus orci luctus et ultrices posuere cubilia Curae; Donec consequat, nibh id commodo suscipit, augue risus eleifend sapien, ac feugiat dui lorem sed nulla. Mauris commodo eget tellus non congue. Aenean fermentum tortor odio. Etiam elit ligula, consequat eget interdum sit amet, gravida sed tortor.</p>', 1582571349),
(126, 25, 155, 'contenu : Layout 2 : Cell 5', '<p>Lorem ipsum dolor sit amet, consectetur adipiscing elit. Pellentesque consectetur euismod metus in mollis. Mauris ac gravida nisl. Vestibulum ante ipsum primis in faucibus orci luctus et ultrices posuere cubilia Curae; Donec consequat, nibh id commodo suscipit, augue risus eleifend sapien, ac feugiat dui lorem sed nulla. Mauris commodo eget tellus non congue. Aenean fermentum tortor odio. Etiam elit ligula, consequat eget interdum sit amet, gravida sed tortor.</p>', 1582571349),
(126, 25, 156, 'contenu : Layout 2 : Cell 6', '<p>Lorem ipsum dolor sit amet, consectetur adipiscing elit. Pellentesque consectetur euismod metus in mollis. Mauris ac gravida nisl. Vestibulum ante ipsum primis in faucibus orci luctus et ultrices posuere cubilia Curae; Donec consequat, nibh id commodo suscipit, augue risus eleifend sapien, ac feugiat dui lorem sed nulla. Mauris commodo eget tellus non congue. Aenean fermentum tortor odio. Etiam elit ligula, consequat eget interdum sit amet, gravida sed tortor.</p>', 1582571349),
(126, 26, 145, 'contenu : Layout 2 : Cell 1', '<img border="0" class="ccm-image-block" alt="" src="/concrete5.6.3.2/files/7114/2480/4456/1.jpg" width="300" height="199" />', 1582571417),
(126, 26, 146, 'contenu : Layout 2 : Cell 2', '<img border="0" class="ccm-image-block" alt="" src="/concrete5.6.3.2/files/3114/2480/4457/2.jpg" width="300" height="167" />', 1582571417),
(126, 26, 147, 'contenu : Layout 2 : Cell 3', '<img border="0" class="ccm-image-block" alt="" src="/concrete5.6.3.2/files/4914/2480/4458/3.jpg" width="300" height="140" />', 1582571417),
(126, 26, 154, 'contenu : Layout 2 : Cell 4', '<p>Lorem ipsum dolor sit amet, consectetur adipiscing elit. Pellentesque consectetur euismod metus in mollis. Mauris ac gravida nisl. Vestibulum ante ipsum primis in faucibus orci luctus et ultrices posuere cubilia Curae; Donec consequat, nibh id commodo suscipit, augue risus eleifend sapien, ac feugiat dui lorem sed nulla. Mauris commodo eget tellus non congue. Aenean fermentum tortor odio. Etiam elit ligula, consequat eget interdum sit amet, gravida sed tortor.</p>', 1582571417),
(126, 26, 156, 'contenu : Layout 2 : Cell 6', '<p>Lorem ipsum dolor sit amet, consectetur adipiscing elit. Pellentesque consectetur euismod metus in mollis. Mauris ac gravida nisl. Vestibulum ante ipsum primis in faucibus orci luctus et ultrices posuere cubilia Curae; Donec consequat, nibh id commodo suscipit, augue risus eleifend sapien, ac feugiat dui lorem sed nulla. Mauris commodo eget tellus non congue. Aenean fermentum tortor odio. Etiam elit ligula, consequat eget interdum sit amet, gravida sed tortor.</p>', 1582571417),
(126, 26, 158, 'contenu : Layout 2 : Cell 5', '<p>Lorem ipsum dolor sit amet, consectetur adipiscing elit. Pellentesque consectetur euismod metus in mollis. Mauris ac gravida nisl. Vestibulum ante ipsum primis in faucibus orci luctus et ultrices posuere cubilia Curae; Donec consequat, nibh id commodo suscipit, augue risus eleifend sapien, ac feugiat dui lorem sed nulla. Mauris commodo eget tellus non congue. Aenean fermentum tortor odio. Etiam elit ligula, consequat eget interdum sit amet, gravida sed tortor.</p>', 1582571417),
(126, 27, 145, 'contenu : Layout 2 : Cell 1', '<img border="0" class="ccm-image-block" alt="" src="/concrete5.6.3.2/files/7114/2480/4456/1.jpg" width="300" height="199" />', 1582571455),
(126, 27, 146, 'contenu : Layout 2 : Cell 2', '<img border="0" class="ccm-image-block" alt="" src="/concrete5.6.3.2/files/3114/2480/4457/2.jpg" width="300" height="167" />', 1582571455),
(126, 27, 147, 'contenu : Layout 2 : Cell 3', '<img border="0" class="ccm-image-block" alt="" src="/concrete5.6.3.2/files/4914/2480/4458/3.jpg" width="300" height="140" />', 1582571455),
(126, 27, 154, 'contenu : Layout 2 : Cell 4', '<p>Lorem ipsum dolor sit amet, consectetur adipiscing elit. Pellentesque consectetur euismod metus in mollis. Mauris ac gravida nisl. Vestibulum ante ipsum primis in faucibus orci luctus et ultrices posuere cubilia Curae; Donec consequat, nibh id commodo suscipit, augue risus eleifend sapien, ac feugiat dui lorem sed nulla. Mauris commodo eget tellus non congue. Aenean fermentum tortor odio. Etiam elit ligula, consequat eget interdum sit amet, gravida sed tortor.</p>', 1582571455),
(126, 27, 158, 'contenu : Layout 2 : Cell 5', '<p>Lorem ipsum dolor sit amet, consectetur adipiscing elit. Pellentesque consectetur euismod metus in mollis. Mauris ac gravida nisl. Vestibulum ante ipsum primis in faucibus orci luctus et ultrices posuere cubilia Curae; Donec consequat, nibh id commodo suscipit, augue risus eleifend sapien, ac feugiat dui lorem sed nulla. Mauris commodo eget tellus non congue. Aenean fermentum tortor odio. Etiam elit ligula, consequat eget interdum sit amet, gravida sed tortor.</p>', 1582571455),
(126, 27, 159, 'contenu : Layout 2 : Cell 6', '<p>Lorem ipsum dolor sit amet, consectetur adipiscing elit. Pellentesque consectetur euismod metus in mollis. Mauris ac gravida nisl. Vestibulum ante ipsum primis in faucibus orci luctus et ultrices posuere cubilia Curae; Donec consequat, nibh id commodo suscipit, augue risus eleifend sapien, ac feugiat dui lorem sed nulla. Mauris commodo eget tellus non congue. Aenean fermentum tortor odio. Etiam elit ligula, consequat eget interdum sit amet, gravida sed tortor.</p>', 1582571456),
(126, 27, 160, 'contenu : Layout 2 : Cell 5', '<p>Lorem ipsum dolor sit amet, consectetur adipiscing elit. Pellentesque consectetur euismod metus in mollis. Mauris ac gravida nisl. Vestibulum ante ipsum primis in faucibus orci luctus et ultrices posuere cubilia Curae; Donec consequat, nibh id commodo suscipit, augue risus eleifend sapien, ac feugiat dui lorem sed nulla. Mauris commodo eget tellus non congue. Aenean fermentum tortor odio. Etiam elit ligula, consequat eget interdum sit amet, gravida sed tortor.</p>', 1582571467),
(126, 28, 145, 'contenu : Layout 2 : Cell 1', '<img border="0" class="ccm-image-block" alt="" src="/concrete5.6.3.2/files/7114/2480/4456/1.jpg" width="300" height="199" />', 1582571534),
(126, 28, 146, 'contenu : Layout 2 : Cell 2', '<img border="0" class="ccm-image-block" alt="" src="/concrete5.6.3.2/files/3114/2480/4457/2.jpg" width="300" height="167" />', 1582571534),
(126, 28, 147, 'contenu : Layout 2 : Cell 3', '<img border="0" class="ccm-image-block" alt="" src="/concrete5.6.3.2/files/4914/2480/4458/3.jpg" width="300" height="140" />', 1582571534),
(126, 28, 154, 'contenu : Layout 2 : Cell 4', '<p>Lorem ipsum dolor sit amet, consectetur adipiscing elit. Pellentesque consectetur euismod metus in mollis. Mauris ac gravida nisl. Vestibulum ante ipsum primis in faucibus orci luctus et ultrices posuere cubilia Curae; Donec consequat, nibh id commodo suscipit, augue risus eleifend sapien, ac feugiat dui lorem sed nulla. Mauris commodo eget tellus non congue. Aenean fermentum tortor odio. Etiam elit ligula, consequat eget interdum sit amet, gravida sed tortor.</p>', 1582571534),
(126, 28, 159, 'contenu : Layout 2 : Cell 6', '<p>Lorem ipsum dolor sit amet, consectetur adipiscing elit. Pellentesque consectetur euismod metus in mollis. Mauris ac gravida nisl. Vestibulum ante ipsum primis in faucibus orci luctus et ultrices posuere cubilia Curae; Donec consequat, nibh id commodo suscipit, augue risus eleifend sapien, ac feugiat dui lorem sed nulla. Mauris commodo eget tellus non congue. Aenean fermentum tortor odio. Etiam elit ligula, consequat eget interdum sit amet, gravida sed tortor.</p>', 1582571534),
(126, 28, 160, 'contenu : Layout 2 : Cell 5', '<p>Lorem ipsum dolor sit amet, consectetur adipiscing elit. Pellentesque consectetur euismod metus in mollis. Mauris ac gravida nisl. Vestibulum ante ipsum primis in faucibus orci luctus et ultrices posuere cubilia Curae; Donec consequat, nibh id commodo suscipit, augue risus eleifend sapien, ac feugiat dui lorem sed nulla. Mauris commodo eget tellus non congue. Aenean fermentum tortor odio. Etiam elit ligula, consequat eget interdum sit amet, gravida sed tortor.</p>', 1582571534),
(126, 29, 145, 'contenu : Layout 2 : Cell 1', '<img border="0" class="ccm-image-block" alt="" src="/concrete5.6.3.2/files/7114/2480/4456/1.jpg" width="300" height="199" />', 1582572801),
(126, 29, 146, 'contenu : Layout 2 : Cell 2', '<img border="0" class="ccm-image-block" alt="" src="/concrete5.6.3.2/files/3114/2480/4457/2.jpg" width="300" height="167" />', 1582572801),
(126, 29, 147, 'contenu : Layout 2 : Cell 3', '<img border="0" class="ccm-image-block" alt="" src="/concrete5.6.3.2/files/4914/2480/4458/3.jpg" width="300" height="140" />', 1582572801),
(126, 29, 154, 'contenu : Layout 2 : Cell 4', '<p>Lorem ipsum dolor sit amet, consectetur adipiscing elit. Pellentesque consectetur euismod metus in mollis. Mauris ac gravida nisl. Vestibulum ante ipsum primis in faucibus orci luctus et ultrices posuere cubilia Curae; Donec consequat, nibh id commodo suscipit, augue risus eleifend sapien, ac feugiat dui lorem sed nulla. Mauris commodo eget tellus non congue. Aenean fermentum tortor odio. Etiam elit ligula, consequat eget interdum sit amet, gravida sed tortor.</p>', 1582572801),
(126, 29, 159, 'contenu : Layout 2 : Cell 6', '<p>Lorem ipsum dolor sit amet, consectetur adipiscing elit. Pellentesque consectetur euismod metus in mollis. Mauris ac gravida nisl. Vestibulum ante ipsum primis in faucibus orci luctus et ultrices posuere cubilia Curae; Donec consequat, nibh id commodo suscipit, augue risus eleifend sapien, ac feugiat dui lorem sed nulla. Mauris commodo eget tellus non congue. Aenean fermentum tortor odio. Etiam elit ligula, consequat eget interdum sit amet, gravida sed tortor.</p>', 1582572802),
(126, 29, 160, 'contenu : Layout 2 : Cell 5', '<p>Lorem ipsum dolor sit amet, consectetur adipiscing elit. Pellentesque consectetur euismod metus in mollis. Mauris ac gravida nisl. Vestibulum ante ipsum primis in faucibus orci luctus et ultrices posuere cubilia Curae; Donec consequat, nibh id commodo suscipit, augue risus eleifend sapien, ac feugiat dui lorem sed nulla. Mauris commodo eget tellus non congue. Aenean fermentum tortor odio. Etiam elit ligula, consequat eget interdum sit amet, gravida sed tortor.</p>', 1582572802),
(126, 29, 174, 'contenu', '\n<div id="HTMLBlock174" class="HTMLBlock">\n<h1>Liste des produits en vente sur ce site !</<1></div>', 1582572782),
(126, 29, 174, 'contenu : Layout 1 : Cell 1', '\n<div id="HTMLBlock174" class="HTMLBlock">\n<h1>Liste des produits en vente sur ce site !</<1></div>', 1582572801),
(126, 30, 145, 'contenu : Layout 2 : Cell 1', '<img border="0" class="ccm-image-block" alt="" src="/concrete5.6.3.2/files/7114/2480/4456/1.jpg" width="300" height="199" />', 1582572817),
(126, 30, 146, 'contenu : Layout 2 : Cell 2', '<img border="0" class="ccm-image-block" alt="" src="/concrete5.6.3.2/files/3114/2480/4457/2.jpg" width="300" height="167" />', 1582572817),
(126, 30, 147, 'contenu : Layout 2 : Cell 3', '<img border="0" class="ccm-image-block" alt="" src="/concrete5.6.3.2/files/4914/2480/4458/3.jpg" width="300" height="140" />', 1582572817),
(126, 30, 154, 'contenu : Layout 2 : Cell 4', '<p>Lorem ipsum dolor sit amet, consectetur adipiscing elit. Pellentesque consectetur euismod metus in mollis. Mauris ac gravida nisl. Vestibulum ante ipsum primis in faucibus orci luctus et ultrices posuere cubilia Curae; Donec consequat, nibh id commodo suscipit, augue risus eleifend sapien, ac feugiat dui lorem sed nulla. Mauris commodo eget tellus non congue. Aenean fermentum tortor odio. Etiam elit ligula, consequat eget interdum sit amet, gravida sed tortor.</p>', 1582572818),
(126, 30, 159, 'contenu : Layout 2 : Cell 6', '<p>Lorem ipsum dolor sit amet, consectetur adipiscing elit. Pellentesque consectetur euismod metus in mollis. Mauris ac gravida nisl. Vestibulum ante ipsum primis in faucibus orci luctus et ultrices posuere cubilia Curae; Donec consequat, nibh id commodo suscipit, augue risus eleifend sapien, ac feugiat dui lorem sed nulla. Mauris commodo eget tellus non congue. Aenean fermentum tortor odio. Etiam elit ligula, consequat eget interdum sit amet, gravida sed tortor.</p>', 1582572818),
(126, 30, 160, 'contenu : Layout 2 : Cell 5', '<p>Lorem ipsum dolor sit amet, consectetur adipiscing elit. Pellentesque consectetur euismod metus in mollis. Mauris ac gravida nisl. Vestibulum ante ipsum primis in faucibus orci luctus et ultrices posuere cubilia Curae; Donec consequat, nibh id commodo suscipit, augue risus eleifend sapien, ac feugiat dui lorem sed nulla. Mauris commodo eget tellus non congue. Aenean fermentum tortor odio. Etiam elit ligula, consequat eget interdum sit amet, gravida sed tortor.</p>', 1582572818),
(126, 30, 174, 'contenu : Layout 1 : Cell 1', '\n<div id="HTMLBlock174" class="HTMLBlock">\n<h1>Liste des produits en vente sur ce site !</<1></div>', 1582572817),
(126, 30, 176, 'contenu : Layout 1 : Cell 1', '\n<div id="HTMLBlock176" class="HTMLBlock">\n<h1>Liste des produits en vente sur ce site !</<1></div>', 1582572837),
(126, 33, 135, 'Menu', '<ul class="nav"><li class=""><a href="/" target="_self" class="">Home</a></li><li class="nav-selected nav-path-selected"><a href="/index.php/produit/" target="_self" class="nav-selected nav-path-selected">Produit</a></li><li class=""><a href="/index.php/blog/" target="_self" class="">Blog</a></li><li class=""><a href="/index.php/contact/" target="_self" class="">Contact</a></li><li class=""><a href="/index.php/plan/" target="_self" class="">Plan</a></li></ul>', 1425390549),
(126, 33, 145, 'contenu : Layout 2 : Cell 1', '<img border="0" class="ccm-image-block" alt="" src="/concrete5.6.3.2/files/7114/2480/4456/1.jpg" width="300" height="199" />', 1583156867),
(126, 33, 146, 'contenu : Layout 2 : Cell 2', '<img border="0" class="ccm-image-block" alt="" src="/concrete5.6.3.2/files/3114/2480/4457/2.jpg" width="300" height="167" />', 1583156868),
(126, 33, 147, 'contenu : Layout 2 : Cell 3', '<img border="0" class="ccm-image-block" alt="" src="/concrete5.6.3.2/files/4914/2480/4458/3.jpg" width="300" height="140" />', 1583156868),
(126, 33, 154, 'contenu : Layout 2 : Cell 4', '<p>Lorem ipsum dolor sit amet, consectetur adipiscing elit. Pellentesque consectetur euismod metus in mollis. Mauris ac gravida nisl. Vestibulum ante ipsum primis in faucibus orci luctus et ultrices posuere cubilia Curae; Donec consequat, nibh id commodo suscipit, augue risus eleifend sapien, ac feugiat dui lorem sed nulla. Mauris commodo eget tellus non congue. Aenean fermentum tortor odio. Etiam elit ligula, consequat eget interdum sit amet, gravida sed tortor.</p>', 1583156868);
INSERT INTO `CollectionVersionBlocksOutputCache` (`cID`, `cvID`, `bID`, `arHandle`, `btCachedBlockOutput`, `btCachedBlockOutputExpires`) VALUES
(126, 33, 159, 'contenu : Layout 2 : Cell 6', '<p>Lorem ipsum dolor sit amet, consectetur adipiscing elit. Pellentesque consectetur euismod metus in mollis. Mauris ac gravida nisl. Vestibulum ante ipsum primis in faucibus orci luctus et ultrices posuere cubilia Curae; Donec consequat, nibh id commodo suscipit, augue risus eleifend sapien, ac feugiat dui lorem sed nulla. Mauris commodo eget tellus non congue. Aenean fermentum tortor odio. Etiam elit ligula, consequat eget interdum sit amet, gravida sed tortor.</p>', 1583156868),
(126, 33, 160, 'contenu : Layout 2 : Cell 5', '<p>Lorem ipsum dolor sit amet, consectetur adipiscing elit. Pellentesque consectetur euismod metus in mollis. Mauris ac gravida nisl. Vestibulum ante ipsum primis in faucibus orci luctus et ultrices posuere cubilia Curae; Donec consequat, nibh id commodo suscipit, augue risus eleifend sapien, ac feugiat dui lorem sed nulla. Mauris commodo eget tellus non congue. Aenean fermentum tortor odio. Etiam elit ligula, consequat eget interdum sit amet, gravida sed tortor.</p>', 1583156868),
(126, 33, 175, 'contenu : Layout 1 : Cell 1', '\n	<div id="youtube175" class="youtubeBlock"><div id="youtube175_video">Vous devez installer le lecteur Flash d''Adobe pour voir ce contenu.</div></div>\n	<script type="text/javascript">\n	//<![CDATA[\n	params = {\n		wmode: "transparent"\n	};\n	flashvars = {};\n	swfobject.embedSWF(''//www.youtube.com/v/igRoV2EI92c'', ''youtube175_video'', ''530'', ''315'', ''8.0.0'', false, flashvars, params);\n	//]]>\n	</script>\n	\n', 1583243049),
(126, 33, 176, 'contenu : Layout 1 : Cell 1', '\n<div id="HTMLBlock176" class="HTMLBlock">\n<h1>Liste des produits en vente sur ce site !</<1></div>', 1583156867),
(126, 34, 154, 'contenu : Layout 2 : Cell 4', '<p>Lorem ipsum dolor sit amet, consectetur adipiscing elit. Pellentesque consectetur euismod metus in mollis. Mauris ac gravida nisl. Vestibulum ante ipsum primis in faucibus orci luctus et ultrices posuere cubilia Curae; Donec consequat, nibh id commodo suscipit, augue risus eleifend sapien, ac feugiat dui lorem sed nulla. Mauris commodo eget tellus non congue. Aenean fermentum tortor odio. Etiam elit ligula, consequat eget interdum sit amet, gravida sed tortor.</p>', 1583244403),
(126, 34, 159, 'contenu : Layout 2 : Cell 6', '<p>Lorem ipsum dolor sit amet, consectetur adipiscing elit. Pellentesque consectetur euismod metus in mollis. Mauris ac gravida nisl. Vestibulum ante ipsum primis in faucibus orci luctus et ultrices posuere cubilia Curae; Donec consequat, nibh id commodo suscipit, augue risus eleifend sapien, ac feugiat dui lorem sed nulla. Mauris commodo eget tellus non congue. Aenean fermentum tortor odio. Etiam elit ligula, consequat eget interdum sit amet, gravida sed tortor.</p>', 1583244403),
(126, 34, 160, 'contenu : Layout 2 : Cell 5', '<p>Lorem ipsum dolor sit amet, consectetur adipiscing elit. Pellentesque consectetur euismod metus in mollis. Mauris ac gravida nisl. Vestibulum ante ipsum primis in faucibus orci luctus et ultrices posuere cubilia Curae; Donec consequat, nibh id commodo suscipit, augue risus eleifend sapien, ac feugiat dui lorem sed nulla. Mauris commodo eget tellus non congue. Aenean fermentum tortor odio. Etiam elit ligula, consequat eget interdum sit amet, gravida sed tortor.</p>', 1583244403),
(126, 34, 176, 'contenu : Layout 1 : Cell 1', '\n<div id="HTMLBlock176" class="HTMLBlock">\n<h1>Liste des produits en vente sur ce site !</<1></div>', 1583244403),
(126, 34, 190, 'contenu : Layout 2 : Cell 1', '<img border="0" class="ccm-image-block" alt="" src="/files/7114/2480/4456/1.jpg" width="300" height="199" />', 1583244381),
(126, 34, 191, 'contenu : Layout 2 : Cell 2', '<img border="0" class="ccm-image-block" alt="" src="/files/3114/2480/4457/2.jpg" width="300" height="167" />', 1583244390),
(126, 34, 192, 'contenu : Layout 2 : Cell 3', '<img border="0" class="ccm-image-block" alt="" src="/files/4914/2480/4458/3.jpg" width="300" height="140" />', 1583244398),
(127, 5, 173, 'contenu', '\n<div id="HTMLBlock173" class="HTMLBlock">\n<h1>Liste des articles du blog</h1></div>', 1582572661),
(127, 6, 173, 'contenu', '\n<div id="HTMLBlock173" class="HTMLBlock">\n<h1>Liste des articles du blog</h1></div>', 1582572734),
(127, 7, 136, 'Menu', '<ul class="nav"><li class=""><a href="/" target="_self" class="">Home</a></li><li class=""><a href="/index.php/produit/" target="_self" class="">Produit</a></li><li class="nav-selected nav-path-selected"><a href="/index.php/blog/" target="_self" class="nav-selected nav-path-selected">Blog</a></li><li class=""><a href="/index.php/contact/" target="_self" class="">Contact</a></li><li class=""><a href="/index.php/plan/" target="_self" class="">Plan</a></li></ul>', 1425390561),
(127, 7, 173, 'contenu', '\n<div id="HTMLBlock173" class="HTMLBlock">\n<h1>Liste des articles du blog</h1></div>', 1582573318),
(128, 4, 164, 'contenu', '\n<div id="HTMLBlock164" class="HTMLBlock">\n<h1>Contact</h1></div>', 1582572104),
(128, 5, 164, 'contenu', '\n<div id="HTMLBlock164" class="HTMLBlock">\n<h1>Contact</h1></div>', 1582572151),
(128, 6, 137, 'Menu', '<ul class="nav"><li class=""><a href="/" target="_self" class="">Home</a></li><li class=""><a href="/index.php/produit/" target="_self" class="">Produit</a></li><li class=""><a href="/index.php/blog/" target="_self" class="">Blog</a></li><li class="nav-selected nav-path-selected"><a href="/index.php/contact/" target="_self" class="nav-selected nav-path-selected">Contact</a></li><li class=""><a href="/index.php/plan/" target="_self" class="">Plan</a></li></ul>', 1425390554),
(128, 6, 165, 'contenu', '\n<div id="HTMLBlock165" class="HTMLBlock">\n<h1>Contact</h1></div>', 1582572187),
(129, 7, 171, 'contenu', '<p><span style="text-decoration: underline;">Accès à l''IUT de Calais</span></p>', 1582572542),
(129, 8, 138, 'Menu', '<ul class="nav"><li class=""><a href="/" target="_self" class="">Home</a></li><li class=""><a href="/index.php/produit/" target="_self" class="">Produit</a></li><li class=""><a href="/index.php/blog/" target="_self" class="">Blog</a></li><li class=""><a href="/index.php/contact/" target="_self" class="">Contact</a></li><li class="nav-selected nav-path-selected"><a href="/index.php/plan/" target="_self" class="nav-selected nav-path-selected">Plan</a></li></ul>', 1425390556),
(129, 8, 171, 'contenu', '<p><span style="text-decoration: underline;">Accès à l''IUT de Calais</span></p>', 1582572580),
(129, 8, 172, 'contenu', '	\n	<h3>IUT Calais Boulogne</h3>	<div id="googleMapCanvas172" class="googleMapCanvas"></div>	\n', 1583243056);

-- --------------------------------------------------------

--
-- Structure de la table `CollectionVersionBlockStyles`
--

CREATE TABLE IF NOT EXISTS `CollectionVersionBlockStyles` (
  `cID` int(10) unsigned NOT NULL DEFAULT '0',
  `cvID` int(10) unsigned NOT NULL DEFAULT '0',
  `bID` int(10) unsigned NOT NULL DEFAULT '0',
  `arHandle` varchar(255) NOT NULL,
  `csrID` int(10) unsigned NOT NULL DEFAULT '0',
  PRIMARY KEY (`cID`,`cvID`,`bID`,`arHandle`)
) ENGINE=InnoDB DEFAULT CHARSET=utf8;

--
-- Contenu de la table `CollectionVersionBlockStyles`
--

INSERT INTO `CollectionVersionBlockStyles` (`cID`, `cvID`, `bID`, `arHandle`, `csrID`) VALUES
(1, 2, 14, 'Ma zone', 2),
(1, 3, 14, 'Ma zone', 3),
(1, 4, 14, 'Ma zone', 3),
(1, 5, 14, 'Ma zone', 3),
(1, 6, 14, 'Ma zone', 3),
(1, 7, 14, 'Ma zone', 3),
(1, 7, 18, 'Image_article_1', 4),
(1, 8, 14, 'Ma zone', 3),
(1, 8, 18, 'Image_article_1', 4),
(1, 9, 14, 'Ma zone', 3),
(1, 9, 18, 'Image_article_1', 4),
(1, 9, 22, 'Image_article_2', 5),
(1, 9, 28, 'Image_article_3', 6),
(1, 10, 14, 'Ma zone', 3),
(1, 10, 18, 'Image_article_1', 4),
(1, 10, 22, 'Image_article_2', 5),
(1, 10, 28, 'Image_article_3', 6),
(1, 10, 29, 'Texte_article_1', 7),
(1, 11, 14, 'Ma zone', 3),
(1, 11, 18, 'Image_article_1', 4),
(1, 11, 22, 'Image_article_2', 5),
(1, 11, 28, 'Image_article_3', 6),
(1, 11, 29, 'Texte_article_1', 7),
(1, 11, 30, 'Texte_article_2', 8),
(1, 11, 31, 'Texte_article_3', 9),
(1, 11, 32, 'Sous_titre_article_1', 10),
(1, 11, 33, 'Sous_titre_article_2', 11),
(1, 11, 34, 'Sous_titre_article_3', 12),
(1, 11, 35, 'Titre', 13),
(1, 12, 14, 'Ma zone', 3),
(1, 12, 18, 'Image_article_1', 4),
(1, 12, 22, 'Image_article_2', 5),
(1, 12, 28, 'Image_article_3', 6),
(1, 12, 30, 'Texte_article_2', 8),
(1, 12, 31, 'Texte_article_3', 9),
(1, 12, 32, 'Sous_titre_article_1', 10),
(1, 12, 33, 'Sous_titre_article_2', 11),
(1, 12, 34, 'Sous_titre_article_3', 12),
(1, 12, 35, 'Titre', 13),
(1, 12, 36, 'Texte_article_1', 15),
(1, 13, 14, 'Ma zone', 3),
(1, 13, 18, 'Image_article_1', 4),
(1, 13, 22, 'Image_article_2', 5),
(1, 13, 28, 'Image_article_3', 6),
(1, 13, 31, 'Texte_article_3', 9),
(1, 13, 32, 'Sous_titre_article_1', 10),
(1, 13, 33, 'Sous_titre_article_2', 11),
(1, 13, 34, 'Sous_titre_article_3', 12),
(1, 13, 35, 'Titre', 13),
(1, 13, 37, 'Texte_article_2', 16),
(1, 13, 38, 'Texte_article_1', 17),
(1, 14, 14, 'Ma zone', 3),
(1, 14, 18, 'Image_article_1', 4),
(1, 14, 22, 'Image_article_2', 5),
(1, 14, 28, 'Image_article_3', 6),
(1, 14, 31, 'Texte_article_3', 9),
(1, 14, 32, 'Sous_titre_article_1', 10),
(1, 14, 33, 'Sous_titre_article_2', 11),
(1, 14, 34, 'Sous_titre_article_3', 12),
(1, 14, 35, 'Titre', 13),
(1, 14, 37, 'Texte_article_2', 16),
(1, 14, 38, 'Texte_article_1', 17),
(1, 14, 40, 'Texte_SocialMedia', 18),
(1, 15, 14, 'Ma zone', 3),
(1, 15, 18, 'Image_article_1', 4),
(1, 15, 22, 'Image_article_2', 5),
(1, 15, 28, 'Image_article_3', 6),
(1, 15, 31, 'Texte_article_3', 9),
(1, 15, 32, 'Sous_titre_article_1', 10),
(1, 15, 33, 'Sous_titre_article_2', 11),
(1, 15, 34, 'Sous_titre_article_3', 12),
(1, 15, 35, 'Titre', 13),
(1, 15, 37, 'Texte_article_2', 16),
(1, 15, 38, 'Texte_article_1', 17),
(1, 15, 40, 'Texte_SocialMedia', 18),
(1, 16, 14, 'Ma zone', 3),
(1, 16, 18, 'Image_article_1', 4),
(1, 16, 22, 'Image_article_2', 5),
(1, 16, 28, 'Image_article_3', 6),
(1, 16, 31, 'Texte_article_3', 9),
(1, 16, 32, 'Sous_titre_article_1', 10),
(1, 16, 33, 'Sous_titre_article_2', 11),
(1, 16, 34, 'Sous_titre_article_3', 12),
(1, 16, 35, 'Titre', 13),
(1, 16, 37, 'Texte_article_2', 16),
(1, 16, 38, 'Texte_article_1', 17),
(1, 16, 40, 'Texte_SocialMedia', 18),
(1, 17, 14, 'Ma zone', 3),
(1, 17, 18, 'Image_article_1', 4),
(1, 17, 22, 'Image_article_2', 5),
(1, 17, 28, 'Image_article_3', 6),
(1, 17, 31, 'Texte_article_3', 9),
(1, 17, 32, 'Sous_titre_article_1', 10),
(1, 17, 33, 'Sous_titre_article_2', 11),
(1, 17, 34, 'Sous_titre_article_3', 12),
(1, 17, 35, 'Titre', 13),
(1, 17, 37, 'Texte_article_2', 16),
(1, 17, 38, 'Texte_article_1', 17),
(1, 17, 40, 'Texte_SocialMedia', 18),
(1, 17, 43, 'Form_email_Newsletter', 19),
(1, 18, 14, 'Ma zone', 3),
(1, 18, 18, 'Image_article_1', 4),
(1, 18, 22, 'Image_article_2', 5),
(1, 18, 28, 'Image_article_3', 6),
(1, 18, 31, 'Texte_article_3', 9),
(1, 18, 32, 'Sous_titre_article_1', 10),
(1, 18, 33, 'Sous_titre_article_2', 11),
(1, 18, 34, 'Sous_titre_article_3', 12),
(1, 18, 35, 'Titre', 13),
(1, 18, 37, 'Texte_article_2', 16),
(1, 18, 38, 'Texte_article_1', 17),
(1, 18, 40, 'Texte_SocialMedia', 18),
(1, 18, 43, 'Form_email_Newsletter', 19),
(1, 19, 14, 'Ma zone', 3),
(1, 19, 18, 'Image_article_1', 4),
(1, 19, 22, 'Image_article_2', 5),
(1, 19, 28, 'Image_article_3', 6),
(1, 19, 31, 'Texte_article_3', 9),
(1, 19, 32, 'Sous_titre_article_1', 10),
(1, 19, 33, 'Sous_titre_article_2', 11),
(1, 19, 34, 'Sous_titre_article_3', 12),
(1, 19, 35, 'Titre', 13),
(1, 19, 37, 'Texte_article_2', 16),
(1, 19, 38, 'Texte_article_1', 17),
(1, 19, 40, 'Texte_SocialMedia', 18),
(1, 19, 43, 'Form_email_Newsletter', 19),
(1, 19, 46, 'Form_Contact', 20),
(1, 20, 14, 'Ma zone', 3),
(1, 20, 18, 'Image_article_1', 4),
(1, 20, 22, 'Image_article_2', 5),
(1, 20, 28, 'Image_article_3', 6),
(1, 20, 31, 'Texte_article_3', 9),
(1, 20, 32, 'Sous_titre_article_1', 10),
(1, 20, 33, 'Sous_titre_article_2', 11),
(1, 20, 34, 'Sous_titre_article_3', 12),
(1, 20, 35, 'Titre', 13),
(1, 20, 37, 'Texte_article_2', 16),
(1, 20, 38, 'Texte_article_1', 17),
(1, 20, 40, 'Texte_SocialMedia', 18),
(1, 20, 43, 'Form_email_Newsletter', 19),
(1, 20, 47, 'Form_Contact', 22),
(1, 21, 14, 'Ma zone', 3),
(1, 21, 18, 'Image_article_1', 4),
(1, 21, 22, 'Image_article_2', 5),
(1, 21, 28, 'Image_article_3', 6),
(1, 21, 31, 'Texte_article_3', 9),
(1, 21, 32, 'Sous_titre_article_1', 10),
(1, 21, 33, 'Sous_titre_article_2', 11),
(1, 21, 34, 'Sous_titre_article_3', 12),
(1, 21, 35, 'Titre', 13),
(1, 21, 37, 'Texte_article_2', 16),
(1, 21, 38, 'Texte_article_1', 17),
(1, 21, 40, 'Texte_SocialMedia', 18),
(1, 21, 43, 'Form_email_Newsletter', 19),
(1, 21, 47, 'Form_Contact', 22),
(1, 21, 50, 'Texte_Contact_1', 23),
(1, 21, 52, 'Texte_Contact_2', 24),
(1, 21, 54, 'Texte_Contact_3', 25),
(1, 22, 14, 'Ma zone', 3),
(1, 22, 18, 'Image_article_1', 4),
(1, 22, 22, 'Image_article_2', 5),
(1, 22, 28, 'Image_article_3', 6),
(1, 22, 31, 'Texte_article_3', 9),
(1, 22, 32, 'Sous_titre_article_1', 10),
(1, 22, 33, 'Sous_titre_article_2', 11),
(1, 22, 34, 'Sous_titre_article_3', 12),
(1, 22, 35, 'Titre', 13),
(1, 22, 37, 'Texte_article_2', 16),
(1, 22, 38, 'Texte_article_1', 17),
(1, 22, 40, 'Texte_SocialMedia', 18),
(1, 22, 50, 'Texte_Contact_1', 23),
(1, 22, 52, 'Texte_Contact_2', 24),
(1, 22, 54, 'Texte_Contact_3', 25),
(1, 22, 55, 'Form_email_Newsletter', 19),
(1, 22, 56, 'Form_Contact', 22),
(1, 23, 14, 'Ma zone', 3),
(1, 23, 18, 'Image_article_1', 4),
(1, 23, 22, 'Image_article_2', 5),
(1, 23, 28, 'Image_article_3', 6),
(1, 23, 31, 'Texte_article_3', 9),
(1, 23, 32, 'Sous_titre_article_1', 10),
(1, 23, 33, 'Sous_titre_article_2', 11),
(1, 23, 34, 'Sous_titre_article_3', 12),
(1, 23, 35, 'Titre', 13),
(1, 23, 37, 'Texte_article_2', 16),
(1, 23, 38, 'Texte_article_1', 17),
(1, 23, 40, 'Texte_SocialMedia', 18),
(1, 23, 50, 'Texte_Contact_1', 23),
(1, 23, 52, 'Texte_Contact_2', 24),
(1, 23, 54, 'Texte_Contact_3', 25),
(1, 23, 55, 'Form_email_Newsletter', 19),
(1, 23, 56, 'Form_Contact', 22),
(1, 24, 14, 'Ma zone', 3),
(1, 24, 18, 'Image_article_1', 4),
(1, 24, 22, 'Image_article_2', 5),
(1, 24, 28, 'Image_article_3', 6),
(1, 24, 31, 'Texte_article_3', 9),
(1, 24, 32, 'Sous_titre_article_1', 10),
(1, 24, 33, 'Sous_titre_article_2', 11),
(1, 24, 34, 'Sous_titre_article_3', 12),
(1, 24, 35, 'Titre', 13),
(1, 24, 37, 'Texte_article_2', 16),
(1, 24, 38, 'Texte_article_1', 17),
(1, 24, 40, 'Texte_SocialMedia', 18),
(1, 24, 50, 'Texte_Contact_1', 23),
(1, 24, 52, 'Texte_Contact_2', 24),
(1, 24, 54, 'Texte_Contact_3', 25),
(1, 24, 55, 'Form_email_Newsletter', 19),
(1, 24, 56, 'Form_Contact', 22),
(1, 25, 14, 'Ma zone', 3),
(1, 25, 18, 'Image_article_1', 4),
(1, 25, 22, 'Image_article_2', 5),
(1, 25, 28, 'Image_article_3', 6),
(1, 25, 31, 'Texte_article_3', 9),
(1, 25, 32, 'Sous_titre_article_1', 10),
(1, 25, 33, 'Sous_titre_article_2', 11),
(1, 25, 34, 'Sous_titre_article_3', 12),
(1, 25, 35, 'Titre', 13),
(1, 25, 37, 'Texte_article_2', 16),
(1, 25, 38, 'Texte_article_1', 17),
(1, 25, 40, 'Texte_SocialMedia', 18),
(1, 25, 50, 'Texte_Contact_1', 23),
(1, 25, 52, 'Texte_Contact_2', 24),
(1, 25, 54, 'Texte_Contact_3', 25),
(1, 25, 55, 'Form_email_Newsletter', 19),
(1, 25, 56, 'Form_Contact', 22),
(1, 26, 14, 'Ma zone', 3),
(1, 26, 18, 'Image_article_1', 4),
(1, 26, 22, 'Image_article_2', 5),
(1, 26, 28, 'Image_article_3', 6),
(1, 26, 31, 'Texte_article_3', 9),
(1, 26, 32, 'Sous_titre_article_1', 10),
(1, 26, 33, 'Sous_titre_article_2', 11),
(1, 26, 34, 'Sous_titre_article_3', 12),
(1, 26, 35, 'Titre', 13),
(1, 26, 37, 'Texte_article_2', 16),
(1, 26, 38, 'Texte_article_1', 17),
(1, 26, 40, 'Texte_SocialMedia', 18),
(1, 26, 50, 'Texte_Contact_1', 23),
(1, 26, 52, 'Texte_Contact_2', 24),
(1, 26, 54, 'Texte_Contact_3', 25),
(1, 26, 55, 'Form_email_Newsletter', 19),
(1, 26, 56, 'Form_Contact', 22),
(1, 27, 14, 'Ma zone', 3),
(1, 27, 18, 'Image_article_1', 4),
(1, 27, 22, 'Image_article_2', 5),
(1, 27, 28, 'Image_article_3', 6),
(1, 27, 31, 'Texte_article_3', 9),
(1, 27, 32, 'Sous_titre_article_1', 10),
(1, 27, 33, 'Sous_titre_article_2', 11),
(1, 27, 34, 'Sous_titre_article_3', 12),
(1, 27, 35, 'Titre', 13),
(1, 27, 37, 'Texte_article_2', 16),
(1, 27, 38, 'Texte_article_1', 17),
(1, 27, 40, 'Texte_SocialMedia', 18),
(1, 27, 50, 'Texte_Contact_1', 23),
(1, 27, 52, 'Texte_Contact_2', 24),
(1, 27, 54, 'Texte_Contact_3', 25),
(1, 27, 55, 'Form_email_Newsletter', 19),
(1, 27, 56, 'Form_Contact', 22),
(1, 27, 61, 'news1', 26),
(1, 28, 14, 'Ma zone', 3),
(1, 28, 18, 'Image_article_1', 4),
(1, 28, 22, 'Image_article_2', 5),
(1, 28, 28, 'Image_article_3', 6),
(1, 28, 31, 'Texte_article_3', 9),
(1, 28, 32, 'Sous_titre_article_1', 10),
(1, 28, 33, 'Sous_titre_article_2', 11),
(1, 28, 34, 'Sous_titre_article_3', 12),
(1, 28, 35, 'Titre', 13),
(1, 28, 37, 'Texte_article_2', 16),
(1, 28, 38, 'Texte_article_1', 17),
(1, 28, 40, 'Texte_SocialMedia', 18),
(1, 28, 50, 'Texte_Contact_1', 23),
(1, 28, 52, 'Texte_Contact_2', 24),
(1, 28, 54, 'Texte_Contact_3', 25),
(1, 28, 55, 'Form_email_Newsletter', 19),
(1, 28, 56, 'Form_Contact', 22),
(1, 28, 64, 'news1', 27),
(1, 28, 65, 'news2', 28),
(1, 29, 14, 'Ma zone', 3),
(1, 29, 18, 'Image_article_1', 4),
(1, 29, 22, 'Image_article_2', 5),
(1, 29, 28, 'Image_article_3', 6),
(1, 29, 31, 'Texte_article_3', 9),
(1, 29, 32, 'Sous_titre_article_1', 10),
(1, 29, 33, 'Sous_titre_article_2', 11),
(1, 29, 34, 'Sous_titre_article_3', 12),
(1, 29, 35, 'Titre', 13),
(1, 29, 37, 'Texte_article_2', 16),
(1, 29, 38, 'Texte_article_1', 17),
(1, 29, 40, 'Texte_SocialMedia', 18),
(1, 29, 50, 'Texte_Contact_1', 23),
(1, 29, 52, 'Texte_Contact_2', 24),
(1, 29, 54, 'Texte_Contact_3', 25),
(1, 29, 55, 'Form_email_Newsletter', 19),
(1, 29, 56, 'Form_Contact', 22),
(1, 29, 64, 'news1', 27),
(1, 29, 65, 'news2', 28),
(1, 29, 66, 'news3', 29),
(1, 30, 14, 'Ma zone', 3),
(1, 30, 18, 'Image_article_1', 4),
(1, 30, 22, 'Image_article_2', 5),
(1, 30, 28, 'Image_article_3', 6),
(1, 30, 31, 'Texte_article_3', 9),
(1, 30, 32, 'Sous_titre_article_1', 10),
(1, 30, 33, 'Sous_titre_article_2', 11),
(1, 30, 34, 'Sous_titre_article_3', 12),
(1, 30, 35, 'Titre', 13),
(1, 30, 37, 'Texte_article_2', 16),
(1, 30, 38, 'Texte_article_1', 17),
(1, 30, 40, 'Texte_SocialMedia', 18),
(1, 30, 50, 'Texte_Contact_1', 23),
(1, 30, 52, 'Texte_Contact_2', 24),
(1, 30, 54, 'Texte_Contact_3', 25),
(1, 30, 55, 'Form_email_Newsletter', 19),
(1, 30, 56, 'Form_Contact', 22),
(1, 30, 64, 'news1', 27),
(1, 30, 65, 'news2', 28),
(1, 30, 66, 'news3', 29),
(1, 30, 67, 'logo1', 31),
(1, 30, 68, 'logo2', 32),
(1, 31, 18, 'Image_article_1', 4),
(1, 31, 22, 'Image_article_2', 5),
(1, 31, 28, 'Image_article_3', 6),
(1, 31, 31, 'Texte_article_3', 9),
(1, 31, 32, 'Sous_titre_article_1', 10),
(1, 31, 33, 'Sous_titre_article_2', 11),
(1, 31, 34, 'Sous_titre_article_3', 12),
(1, 31, 35, 'Titre', 13),
(1, 31, 37, 'Texte_article_2', 16),
(1, 31, 38, 'Texte_article_1', 17),
(1, 31, 40, 'Texte_SocialMedia', 18),
(1, 31, 50, 'Texte_Contact_1', 23),
(1, 31, 52, 'Texte_Contact_2', 24),
(1, 31, 54, 'Texte_Contact_3', 25),
(1, 31, 55, 'Form_email_Newsletter', 19),
(1, 31, 56, 'Form_Contact', 22),
(1, 31, 64, 'news1', 27),
(1, 31, 65, 'news2', 28),
(1, 31, 66, 'news3', 29),
(1, 31, 67, 'logo1', 31),
(1, 31, 68, 'logo2', 32),
(1, 31, 69, 'banniere', 34),
(1, 32, 18, 'Image_article_1', 4),
(1, 32, 22, 'Image_article_2', 5),
(1, 32, 28, 'Image_article_3', 6),
(1, 32, 31, 'Texte_article_3', 9),
(1, 32, 32, 'Sous_titre_article_1', 10),
(1, 32, 33, 'Sous_titre_article_2', 11),
(1, 32, 34, 'Sous_titre_article_3', 12),
(1, 32, 35, 'Titre', 13),
(1, 32, 37, 'Texte_article_2', 16),
(1, 32, 38, 'Texte_article_1', 17),
(1, 32, 40, 'Texte_SocialMedia', 18),
(1, 32, 50, 'Texte_Contact_1', 23),
(1, 32, 52, 'Texte_Contact_2', 24),
(1, 32, 54, 'Texte_Contact_3', 25),
(1, 32, 55, 'Form_email_Newsletter', 19),
(1, 32, 56, 'Form_Contact', 22),
(1, 32, 64, 'news1', 27),
(1, 32, 65, 'news2', 28),
(1, 32, 66, 'news3', 29),
(1, 32, 67, 'logo1', 31),
(1, 32, 68, 'logo2', 32),
(1, 32, 69, 'banniere', 34),
(1, 32, 71, 'col1', 35),
(1, 32, 72, 'col1', 36),
(1, 32, 73, 'col1', 38),
(1, 33, 18, 'Image_article_1', 4),
(1, 33, 22, 'Image_article_2', 5),
(1, 33, 28, 'Image_article_3', 6),
(1, 33, 31, 'Texte_article_3', 9),
(1, 33, 32, 'Sous_titre_article_1', 10),
(1, 33, 33, 'Sous_titre_article_2', 11),
(1, 33, 34, 'Sous_titre_article_3', 12),
(1, 33, 35, 'Titre', 13),
(1, 33, 37, 'Texte_article_2', 16),
(1, 33, 38, 'Texte_article_1', 17),
(1, 33, 40, 'Texte_SocialMedia', 18),
(1, 33, 50, 'Texte_Contact_1', 23),
(1, 33, 52, 'Texte_Contact_2', 24),
(1, 33, 54, 'Texte_Contact_3', 25),
(1, 33, 55, 'Form_email_Newsletter', 19),
(1, 33, 56, 'Form_Contact', 22),
(1, 33, 64, 'news1', 27),
(1, 33, 65, 'news2', 28),
(1, 33, 66, 'news3', 29),
(1, 33, 67, 'logo1', 31),
(1, 33, 68, 'logo2', 32),
(1, 33, 69, 'banniere', 34),
(1, 33, 71, 'col1', 35),
(1, 33, 72, 'col1', 36),
(1, 33, 82, 'col1', 40),
(1, 34, 18, 'Image_article_1', 4),
(1, 34, 22, 'Image_article_2', 5),
(1, 34, 28, 'Image_article_3', 6),
(1, 34, 31, 'Texte_article_3', 9),
(1, 34, 32, 'Sous_titre_article_1', 10),
(1, 34, 33, 'Sous_titre_article_2', 11),
(1, 34, 34, 'Sous_titre_article_3', 12),
(1, 34, 35, 'Titre', 13),
(1, 34, 37, 'Texte_article_2', 16),
(1, 34, 38, 'Texte_article_1', 17),
(1, 34, 40, 'Texte_SocialMedia', 18),
(1, 34, 50, 'Texte_Contact_1', 23),
(1, 34, 52, 'Texte_Contact_2', 24),
(1, 34, 54, 'Texte_Contact_3', 25),
(1, 34, 55, 'Form_email_Newsletter', 19),
(1, 34, 56, 'Form_Contact', 22),
(1, 34, 64, 'news1', 27),
(1, 34, 65, 'news2', 28),
(1, 34, 66, 'news3', 29),
(1, 34, 67, 'logo1', 31),
(1, 34, 68, 'logo2', 32),
(1, 34, 69, 'banniere', 34),
(1, 34, 71, 'col1', 35),
(1, 34, 72, 'col1', 36),
(1, 34, 83, 'col1', 41),
(1, 34, 84, 'col2', 42),
(1, 34, 85, 'col3', 43),
(1, 34, 86, 'col2', 44),
(1, 34, 87, 'col3', 45),
(1, 34, 88, 'col2', 48),
(1, 34, 89, 'col3', 47),
(1, 35, 18, 'Image_article_1', 4),
(1, 35, 22, 'Image_article_2', 5),
(1, 35, 28, 'Image_article_3', 6),
(1, 35, 31, 'Texte_article_3', 9),
(1, 35, 32, 'Sous_titre_article_1', 10),
(1, 35, 33, 'Sous_titre_article_2', 11),
(1, 35, 34, 'Sous_titre_article_3', 12),
(1, 35, 35, 'Titre', 13),
(1, 35, 37, 'Texte_article_2', 16),
(1, 35, 38, 'Texte_article_1', 17),
(1, 35, 40, 'Texte_SocialMedia', 18),
(1, 35, 50, 'Texte_Contact_1', 23),
(1, 35, 52, 'Texte_Contact_2', 24),
(1, 35, 54, 'Texte_Contact_3', 25),
(1, 35, 55, 'Form_email_Newsletter', 19),
(1, 35, 56, 'Form_Contact', 22),
(1, 35, 64, 'news1', 27),
(1, 35, 65, 'news2', 28),
(1, 35, 66, 'news3', 29),
(1, 35, 67, 'logo1', 31),
(1, 35, 68, 'logo2', 32),
(1, 35, 69, 'banniere', 34),
(1, 35, 71, 'col1', 35),
(1, 35, 72, 'col1', 36),
(1, 35, 83, 'col1', 41),
(1, 35, 84, 'col2', 42),
(1, 35, 85, 'col3', 43),
(1, 35, 86, 'col2', 44),
(1, 35, 87, 'col3', 45),
(1, 35, 88, 'col2', 48),
(1, 35, 89, 'col3', 47),
(1, 36, 18, 'Image_article_1', 4),
(1, 36, 22, 'Image_article_2', 5),
(1, 36, 28, 'Image_article_3', 6),
(1, 36, 31, 'Texte_article_3', 9),
(1, 36, 32, 'Sous_titre_article_1', 10),
(1, 36, 33, 'Sous_titre_article_2', 11),
(1, 36, 34, 'Sous_titre_article_3', 12),
(1, 36, 35, 'Titre', 13),
(1, 36, 37, 'Texte_article_2', 16),
(1, 36, 38, 'Texte_article_1', 17),
(1, 36, 40, 'Texte_SocialMedia', 18),
(1, 36, 50, 'Texte_Contact_1', 23),
(1, 36, 52, 'Texte_Contact_2', 24),
(1, 36, 54, 'Texte_Contact_3', 25),
(1, 36, 55, 'Form_email_Newsletter', 19),
(1, 36, 56, 'Form_Contact', 22),
(1, 36, 64, 'news1', 27),
(1, 36, 65, 'news2', 28),
(1, 36, 66, 'news3', 29),
(1, 36, 67, 'logo1', 31),
(1, 36, 68, 'logo2', 32),
(1, 36, 69, 'banniere', 34),
(1, 36, 71, 'col1', 35),
(1, 36, 72, 'col1', 36),
(1, 36, 83, 'col1', 41),
(1, 36, 84, 'col2', 42),
(1, 36, 85, 'col3', 43),
(1, 36, 86, 'col2', 44),
(1, 36, 87, 'col3', 45),
(1, 36, 88, 'col2', 48),
(1, 36, 89, 'col3', 47),
(1, 36, 101, 'social : Layout 1 : Cell 1', 50),
(1, 36, 102, 'social', 51),
(1, 36, 103, 'social : Layout 1 : Cell 1', 52),
(1, 37, 18, 'Image_article_1', 4),
(1, 37, 22, 'Image_article_2', 5),
(1, 37, 28, 'Image_article_3', 6),
(1, 37, 31, 'Texte_article_3', 9),
(1, 37, 32, 'Sous_titre_article_1', 10),
(1, 37, 33, 'Sous_titre_article_2', 11),
(1, 37, 34, 'Sous_titre_article_3', 12),
(1, 37, 35, 'Titre', 13),
(1, 37, 37, 'Texte_article_2', 16),
(1, 37, 38, 'Texte_article_1', 17),
(1, 37, 40, 'Texte_SocialMedia', 18),
(1, 37, 50, 'Texte_Contact_1', 23),
(1, 37, 52, 'Texte_Contact_2', 24),
(1, 37, 54, 'Texte_Contact_3', 25),
(1, 37, 55, 'Form_email_Newsletter', 19),
(1, 37, 56, 'Form_Contact', 22),
(1, 37, 64, 'news1', 27),
(1, 37, 65, 'news2', 28),
(1, 37, 66, 'news3', 29),
(1, 37, 67, 'logo1', 31),
(1, 37, 68, 'logo2', 32),
(1, 37, 69, 'banniere', 34),
(1, 37, 71, 'col1', 35),
(1, 37, 72, 'col1', 36),
(1, 37, 83, 'col1', 41),
(1, 37, 84, 'col2', 42),
(1, 37, 85, 'col3', 43),
(1, 37, 86, 'col2', 44),
(1, 37, 87, 'col3', 45),
(1, 37, 88, 'col2', 48),
(1, 37, 89, 'col3', 47),
(1, 37, 101, 'social : Layout 1 : Cell 1', 50),
(1, 37, 102, 'social', 51),
(1, 37, 103, 'social : Layout 1 : Cell 1', 52),
(1, 38, 18, 'Image_article_1', 4),
(1, 38, 22, 'Image_article_2', 5),
(1, 38, 28, 'Image_article_3', 6),
(1, 38, 31, 'Texte_article_3', 9),
(1, 38, 32, 'Sous_titre_article_1', 10),
(1, 38, 33, 'Sous_titre_article_2', 11),
(1, 38, 34, 'Sous_titre_article_3', 12),
(1, 38, 35, 'Titre', 13),
(1, 38, 37, 'Texte_article_2', 16),
(1, 38, 38, 'Texte_article_1', 17),
(1, 38, 40, 'Texte_SocialMedia', 18),
(1, 38, 50, 'Texte_Contact_1', 23),
(1, 38, 52, 'Texte_Contact_2', 24),
(1, 38, 54, 'Texte_Contact_3', 25),
(1, 38, 55, 'Form_email_Newsletter', 19),
(1, 38, 56, 'Form_Contact', 22),
(1, 38, 64, 'news1', 27),
(1, 38, 65, 'news2', 28),
(1, 38, 66, 'news3', 29),
(1, 38, 67, 'logo1', 31),
(1, 38, 68, 'logo2', 32),
(1, 38, 69, 'banniere', 34),
(1, 38, 71, 'col1', 35),
(1, 38, 72, 'col1', 36),
(1, 38, 83, 'col1', 41),
(1, 38, 84, 'col2', 42),
(1, 38, 85, 'col3', 43),
(1, 38, 86, 'col2', 44),
(1, 38, 87, 'col3', 45),
(1, 38, 88, 'col2', 48),
(1, 38, 89, 'col3', 47),
(1, 38, 101, 'social : Layout 1 : Cell 1', 50),
(1, 38, 102, 'social', 51),
(1, 38, 103, 'social : Layout 1 : Cell 1', 52),
(1, 38, 105, 'contact', 53),
(1, 39, 18, 'Image_article_1', 4),
(1, 39, 22, 'Image_article_2', 5),
(1, 39, 28, 'Image_article_3', 6),
(1, 39, 31, 'Texte_article_3', 9),
(1, 39, 32, 'Sous_titre_article_1', 10),
(1, 39, 33, 'Sous_titre_article_2', 11),
(1, 39, 34, 'Sous_titre_article_3', 12),
(1, 39, 35, 'Titre', 13),
(1, 39, 37, 'Texte_article_2', 16),
(1, 39, 38, 'Texte_article_1', 17),
(1, 39, 40, 'Texte_SocialMedia', 18),
(1, 39, 50, 'Texte_Contact_1', 23),
(1, 39, 52, 'Texte_Contact_2', 24),
(1, 39, 54, 'Texte_Contact_3', 25),
(1, 39, 55, 'Form_email_Newsletter', 19),
(1, 39, 56, 'Form_Contact', 22),
(1, 39, 64, 'news1', 27),
(1, 39, 65, 'news2', 28),
(1, 39, 66, 'news3', 29),
(1, 39, 67, 'logo1', 31),
(1, 39, 68, 'logo2', 32),
(1, 39, 69, 'banniere', 34),
(1, 39, 71, 'col1', 35),
(1, 39, 72, 'col1', 36),
(1, 39, 83, 'col1', 41),
(1, 39, 84, 'col2', 42),
(1, 39, 85, 'col3', 43),
(1, 39, 86, 'col2', 44),
(1, 39, 87, 'col3', 45),
(1, 39, 88, 'col2', 48),
(1, 39, 89, 'col3', 47),
(1, 39, 101, 'social : Layout 1 : Cell 1', 50),
(1, 39, 102, 'social', 51),
(1, 39, 103, 'social : Layout 1 : Cell 1', 52),
(1, 39, 105, 'contact', 54),
(1, 40, 18, 'Image_article_1', 4),
(1, 40, 22, 'Image_article_2', 5),
(1, 40, 28, 'Image_article_3', 6),
(1, 40, 31, 'Texte_article_3', 9),
(1, 40, 32, 'Sous_titre_article_1', 10),
(1, 40, 33, 'Sous_titre_article_2', 11),
(1, 40, 34, 'Sous_titre_article_3', 12),
(1, 40, 35, 'Titre', 13),
(1, 40, 37, 'Texte_article_2', 16),
(1, 40, 38, 'Texte_article_1', 17),
(1, 40, 40, 'Texte_SocialMedia', 18),
(1, 40, 50, 'Texte_Contact_1', 23),
(1, 40, 52, 'Texte_Contact_2', 24),
(1, 40, 54, 'Texte_Contact_3', 25),
(1, 40, 55, 'Form_email_Newsletter', 19),
(1, 40, 56, 'Form_Contact', 22),
(1, 40, 64, 'news1', 27),
(1, 40, 65, 'news2', 28),
(1, 40, 66, 'news3', 29),
(1, 40, 67, 'logo1', 31),
(1, 40, 68, 'logo2', 32),
(1, 40, 69, 'banniere', 34),
(1, 40, 71, 'col1', 35),
(1, 40, 72, 'col1', 36),
(1, 40, 83, 'col1', 41),
(1, 40, 84, 'col2', 42),
(1, 40, 85, 'col3', 43),
(1, 40, 86, 'col2', 44),
(1, 40, 87, 'col3', 45),
(1, 40, 88, 'col2', 48),
(1, 40, 89, 'col3', 47),
(1, 40, 101, 'social : Layout 1 : Cell 1', 50),
(1, 40, 102, 'social', 51),
(1, 40, 103, 'social : Layout 1 : Cell 1', 52),
(1, 40, 105, 'contact', 54),
(1, 40, 107, 'contact', 56),
(1, 41, 18, 'Image_article_1', 4),
(1, 41, 22, 'Image_article_2', 5),
(1, 41, 28, 'Image_article_3', 6),
(1, 41, 31, 'Texte_article_3', 9),
(1, 41, 32, 'Sous_titre_article_1', 10),
(1, 41, 33, 'Sous_titre_article_2', 11),
(1, 41, 34, 'Sous_titre_article_3', 12),
(1, 41, 35, 'Titre', 13),
(1, 41, 37, 'Texte_article_2', 16),
(1, 41, 38, 'Texte_article_1', 17),
(1, 41, 40, 'Texte_SocialMedia', 18),
(1, 41, 50, 'Texte_Contact_1', 23),
(1, 41, 52, 'Texte_Contact_2', 24),
(1, 41, 54, 'Texte_Contact_3', 25),
(1, 41, 55, 'Form_email_Newsletter', 19),
(1, 41, 56, 'Form_Contact', 22),
(1, 41, 64, 'news1', 27),
(1, 41, 65, 'news2', 28),
(1, 41, 66, 'news3', 29),
(1, 41, 67, 'logo1', 31),
(1, 41, 68, 'logo2', 32),
(1, 41, 69, 'banniere', 34),
(1, 41, 71, 'col1', 35),
(1, 41, 72, 'col1', 36),
(1, 41, 83, 'col1', 41),
(1, 41, 84, 'col2', 42),
(1, 41, 85, 'col3', 43),
(1, 41, 86, 'col2', 44),
(1, 41, 87, 'col3', 45),
(1, 41, 88, 'col2', 48),
(1, 41, 89, 'col3', 47),
(1, 41, 101, 'social : Layout 1 : Cell 1', 50),
(1, 41, 102, 'social', 51),
(1, 41, 103, 'social : Layout 1 : Cell 1', 52),
(1, 41, 105, 'contact', 54),
(1, 41, 107, 'contact', 56),
(1, 42, 18, 'Image_article_1', 4),
(1, 42, 22, 'Image_article_2', 5),
(1, 42, 28, 'Image_article_3', 6),
(1, 42, 31, 'Texte_article_3', 9),
(1, 42, 32, 'Sous_titre_article_1', 10),
(1, 42, 33, 'Sous_titre_article_2', 11),
(1, 42, 34, 'Sous_titre_article_3', 12),
(1, 42, 35, 'Titre', 13),
(1, 42, 37, 'Texte_article_2', 16),
(1, 42, 38, 'Texte_article_1', 17),
(1, 42, 40, 'Texte_SocialMedia', 18),
(1, 42, 50, 'Texte_Contact_1', 23),
(1, 42, 52, 'Texte_Contact_2', 24),
(1, 42, 54, 'Texte_Contact_3', 25),
(1, 42, 55, 'Form_email_Newsletter', 19),
(1, 42, 56, 'Form_Contact', 22),
(1, 42, 64, 'news1', 27),
(1, 42, 65, 'news2', 28),
(1, 42, 66, 'news3', 29),
(1, 42, 67, 'logo1', 31),
(1, 42, 68, 'logo2', 32),
(1, 42, 69, 'banniere', 34),
(1, 42, 71, 'col1', 35),
(1, 42, 72, 'col1', 36),
(1, 42, 83, 'col1', 41),
(1, 42, 84, 'col2', 42),
(1, 42, 85, 'col3', 43),
(1, 42, 86, 'col2', 44),
(1, 42, 87, 'col3', 45),
(1, 42, 88, 'col2', 48),
(1, 42, 89, 'col3', 47),
(1, 42, 101, 'social : Layout 1 : Cell 1', 50),
(1, 42, 102, 'social', 51),
(1, 42, 103, 'social : Layout 1 : Cell 1', 52),
(1, 42, 105, 'contact', 54),
(1, 42, 107, 'contact', 56),
(1, 43, 18, 'Image_article_1', 4),
(1, 43, 22, 'Image_article_2', 5),
(1, 43, 28, 'Image_article_3', 6),
(1, 43, 31, 'Texte_article_3', 9),
(1, 43, 32, 'Sous_titre_article_1', 10),
(1, 43, 33, 'Sous_titre_article_2', 11),
(1, 43, 34, 'Sous_titre_article_3', 12),
(1, 43, 35, 'Titre', 13),
(1, 43, 37, 'Texte_article_2', 16),
(1, 43, 38, 'Texte_article_1', 17),
(1, 43, 40, 'Texte_SocialMedia', 18),
(1, 43, 50, 'Texte_Contact_1', 23),
(1, 43, 52, 'Texte_Contact_2', 24),
(1, 43, 54, 'Texte_Contact_3', 25),
(1, 43, 55, 'Form_email_Newsletter', 19),
(1, 43, 56, 'Form_Contact', 22),
(1, 43, 64, 'news1', 27),
(1, 43, 65, 'news2', 28),
(1, 43, 66, 'news3', 29),
(1, 43, 67, 'logo1', 31),
(1, 43, 68, 'logo2', 32),
(1, 43, 69, 'banniere', 34),
(1, 43, 71, 'col1', 35),
(1, 43, 72, 'col1', 36),
(1, 43, 83, 'col1', 41),
(1, 43, 84, 'col2', 42),
(1, 43, 85, 'col3', 43),
(1, 43, 86, 'col2', 44),
(1, 43, 87, 'col3', 45),
(1, 43, 88, 'col2', 48),
(1, 43, 89, 'col3', 47),
(1, 43, 101, 'social : Layout 1 : Cell 1', 50),
(1, 43, 102, 'social', 51),
(1, 43, 103, 'social : Layout 1 : Cell 1', 52),
(1, 43, 105, 'contact', 54),
(1, 43, 107, 'contact', 56),
(1, 43, 119, 'actualite : Layout 2 : Cell 2', 65),
(1, 43, 121, 'actualite : Layout 2 : Cell 2', 62),
(1, 43, 123, 'actualite : Layout 2 : Cell 2', 63),
(1, 44, 18, 'Image_article_1', 4),
(1, 44, 22, 'Image_article_2', 5),
(1, 44, 28, 'Image_article_3', 6),
(1, 44, 31, 'Texte_article_3', 9),
(1, 44, 32, 'Sous_titre_article_1', 10),
(1, 44, 33, 'Sous_titre_article_2', 11),
(1, 44, 34, 'Sous_titre_article_3', 12),
(1, 44, 35, 'Titre', 13),
(1, 44, 37, 'Texte_article_2', 16),
(1, 44, 38, 'Texte_article_1', 17),
(1, 44, 40, 'Texte_SocialMedia', 18),
(1, 44, 50, 'Texte_Contact_1', 23),
(1, 44, 52, 'Texte_Contact_2', 24),
(1, 44, 54, 'Texte_Contact_3', 25),
(1, 44, 55, 'Form_email_Newsletter', 19),
(1, 44, 56, 'Form_Contact', 22),
(1, 44, 64, 'news1', 27),
(1, 44, 65, 'news2', 28),
(1, 44, 66, 'news3', 29),
(1, 44, 67, 'logo1', 31),
(1, 44, 68, 'logo2', 32),
(1, 44, 69, 'banniere', 34),
(1, 44, 71, 'col1', 35),
(1, 44, 72, 'col1', 36),
(1, 44, 83, 'col1', 41),
(1, 44, 84, 'col2', 42),
(1, 44, 85, 'col3', 43),
(1, 44, 86, 'col2', 44),
(1, 44, 87, 'col3', 45),
(1, 44, 88, 'col2', 48),
(1, 44, 89, 'col3', 47),
(1, 44, 101, 'social : Layout 1 : Cell 1', 50),
(1, 44, 102, 'social', 51),
(1, 44, 103, 'social : Layout 1 : Cell 1', 52),
(1, 44, 105, 'contact', 54),
(1, 44, 107, 'contact', 56),
(1, 44, 119, 'actualite : Layout 2 : Cell 2', 66),
(1, 44, 124, 'actualite : Layout 2 : Cell 2', 67),
(1, 44, 125, 'actualite : Layout 2 : Cell 2', 68),
(1, 45, 18, 'Image_article_1', 4),
(1, 45, 22, 'Image_article_2', 5),
(1, 45, 28, 'Image_article_3', 6),
(1, 45, 31, 'Texte_article_3', 9),
(1, 45, 32, 'Sous_titre_article_1', 10),
(1, 45, 33, 'Sous_titre_article_2', 11),
(1, 45, 34, 'Sous_titre_article_3', 12),
(1, 45, 35, 'Titre', 13),
(1, 45, 37, 'Texte_article_2', 16),
(1, 45, 38, 'Texte_article_1', 17),
(1, 45, 40, 'Texte_SocialMedia', 18),
(1, 45, 50, 'Texte_Contact_1', 23),
(1, 45, 52, 'Texte_Contact_2', 24),
(1, 45, 54, 'Texte_Contact_3', 25),
(1, 45, 55, 'Form_email_Newsletter', 19),
(1, 45, 56, 'Form_Contact', 22),
(1, 45, 64, 'news1', 27),
(1, 45, 65, 'news2', 28),
(1, 45, 66, 'news3', 29),
(1, 45, 67, 'logo1', 31),
(1, 45, 68, 'logo2', 32),
(1, 45, 69, 'banniere', 34),
(1, 45, 71, 'col1', 35),
(1, 45, 72, 'col1', 36),
(1, 45, 83, 'col1', 41),
(1, 45, 84, 'col2', 42),
(1, 45, 85, 'col3', 43),
(1, 45, 86, 'col2', 44),
(1, 45, 87, 'col3', 45),
(1, 45, 88, 'col2', 48),
(1, 45, 89, 'col3', 47),
(1, 45, 101, 'social : Layout 1 : Cell 1', 50),
(1, 45, 102, 'social', 51),
(1, 45, 103, 'social : Layout 1 : Cell 1', 52),
(1, 45, 105, 'contact', 54),
(1, 45, 107, 'contact', 56),
(1, 45, 126, 'actualite : Layout 2 : Cell 2', 69),
(1, 45, 127, 'actualite : Layout 2 : Cell 2', 70),
(1, 45, 128, 'actualite : Layout 2 : Cell 2', 71),
(1, 46, 18, 'Image_article_1', 4),
(1, 46, 22, 'Image_article_2', 5),
(1, 46, 28, 'Image_article_3', 6),
(1, 46, 31, 'Texte_article_3', 9),
(1, 46, 32, 'Sous_titre_article_1', 10),
(1, 46, 33, 'Sous_titre_article_2', 11),
(1, 46, 34, 'Sous_titre_article_3', 12),
(1, 46, 35, 'Titre', 13),
(1, 46, 37, 'Texte_article_2', 16),
(1, 46, 38, 'Texte_article_1', 17),
(1, 46, 40, 'Texte_SocialMedia', 18),
(1, 46, 50, 'Texte_Contact_1', 23),
(1, 46, 52, 'Texte_Contact_2', 24),
(1, 46, 54, 'Texte_Contact_3', 25),
(1, 46, 55, 'Form_email_Newsletter', 19),
(1, 46, 56, 'Form_Contact', 22),
(1, 46, 64, 'news1', 27),
(1, 46, 65, 'news2', 28),
(1, 46, 66, 'news3', 29),
(1, 46, 67, 'logo1', 31),
(1, 46, 68, 'logo2', 32),
(1, 46, 69, 'banniere', 34),
(1, 46, 71, 'col1', 35),
(1, 46, 72, 'col1', 36),
(1, 46, 83, 'col1', 41),
(1, 46, 84, 'col2', 42),
(1, 46, 85, 'col3', 43),
(1, 46, 86, 'col2', 44),
(1, 46, 87, 'col3', 45),
(1, 46, 88, 'col2', 48),
(1, 46, 89, 'col3', 47),
(1, 46, 101, 'social : Layout 1 : Cell 1', 50),
(1, 46, 102, 'social', 51),
(1, 46, 103, 'social : Layout 1 : Cell 1', 52),
(1, 46, 105, 'contact', 54),
(1, 46, 107, 'contact', 56),
(1, 46, 126, 'actualite : Layout 2 : Cell 2', 72),
(1, 46, 129, 'actualite : Layout 2 : Cell 2', 73),
(1, 46, 130, 'actualite : Layout 2 : Cell 2', 74),
(1, 47, 18, 'Image_article_1', 4),
(1, 47, 22, 'Image_article_2', 5),
(1, 47, 28, 'Image_article_3', 6),
(1, 47, 31, 'Texte_article_3', 9),
(1, 47, 32, 'Sous_titre_article_1', 10),
(1, 47, 33, 'Sous_titre_article_2', 11),
(1, 47, 34, 'Sous_titre_article_3', 12),
(1, 47, 35, 'Titre', 13),
(1, 47, 37, 'Texte_article_2', 16),
(1, 47, 38, 'Texte_article_1', 17),
(1, 47, 40, 'Texte_SocialMedia', 18),
(1, 47, 50, 'Texte_Contact_1', 23),
(1, 47, 52, 'Texte_Contact_2', 24),
(1, 47, 54, 'Texte_Contact_3', 25),
(1, 47, 55, 'Form_email_Newsletter', 19),
(1, 47, 56, 'Form_Contact', 22),
(1, 47, 64, 'news1', 27),
(1, 47, 65, 'news2', 28),
(1, 47, 66, 'news3', 29),
(1, 47, 67, 'logo1', 31),
(1, 47, 68, 'logo2', 32),
(1, 47, 69, 'banniere', 34),
(1, 47, 71, 'col1', 35),
(1, 47, 72, 'col1', 36),
(1, 47, 83, 'col1', 41),
(1, 47, 84, 'col2', 42),
(1, 47, 85, 'col3', 43),
(1, 47, 86, 'col2', 44),
(1, 47, 87, 'col3', 45),
(1, 47, 88, 'col2', 48),
(1, 47, 89, 'col3', 47),
(1, 47, 101, 'social : Layout 1 : Cell 1', 50),
(1, 47, 102, 'social', 51),
(1, 47, 103, 'social : Layout 1 : Cell 1', 52),
(1, 47, 105, 'contact', 54),
(1, 47, 107, 'contact', 56),
(1, 47, 126, 'actualite : Layout 2 : Cell 2', 72),
(1, 47, 129, 'actualite : Layout 2 : Cell 2', 73),
(1, 47, 130, 'actualite : Layout 2 : Cell 2', 74),
(1, 47, 131, 'Menu', 75),
(1, 48, 18, 'Image_article_1', 4),
(1, 48, 22, 'Image_article_2', 5),
(1, 48, 28, 'Image_article_3', 6),
(1, 48, 31, 'Texte_article_3', 9),
(1, 48, 32, 'Sous_titre_article_1', 10),
(1, 48, 33, 'Sous_titre_article_2', 11),
(1, 48, 34, 'Sous_titre_article_3', 12),
(1, 48, 35, 'Titre', 13),
(1, 48, 37, 'Texte_article_2', 16),
(1, 48, 38, 'Texte_article_1', 17),
(1, 48, 40, 'Texte_SocialMedia', 18),
(1, 48, 50, 'Texte_Contact_1', 23),
(1, 48, 52, 'Texte_Contact_2', 24),
(1, 48, 54, 'Texte_Contact_3', 25),
(1, 48, 55, 'Form_email_Newsletter', 19),
(1, 48, 56, 'Form_Contact', 22),
(1, 48, 64, 'news1', 27),
(1, 48, 65, 'news2', 28),
(1, 48, 66, 'news3', 29),
(1, 48, 67, 'logo1', 31),
(1, 48, 68, 'logo2', 32),
(1, 48, 69, 'banniere', 34),
(1, 48, 71, 'col1', 35),
(1, 48, 72, 'col1', 36),
(1, 48, 83, 'col1', 41),
(1, 48, 84, 'col2', 42),
(1, 48, 85, 'col3', 43),
(1, 48, 86, 'col2', 44),
(1, 48, 87, 'col3', 45),
(1, 48, 88, 'col2', 48),
(1, 48, 89, 'col3', 47),
(1, 48, 101, 'social : Layout 1 : Cell 1', 50),
(1, 48, 102, 'social', 51),
(1, 48, 103, 'social : Layout 1 : Cell 1', 52),
(1, 48, 105, 'contact', 54),
(1, 48, 107, 'contact', 56),
(1, 48, 126, 'actualite : Layout 2 : Cell 2', 72),
(1, 48, 129, 'actualite : Layout 2 : Cell 2', 73),
(1, 48, 130, 'actualite : Layout 2 : Cell 2', 74),
(1, 48, 132, 'Menu', 85),
(1, 49, 18, 'Image_article_1', 4),
(1, 49, 22, 'Image_article_2', 5),
(1, 49, 28, 'Image_article_3', 6),
(1, 49, 31, 'Texte_article_3', 9),
(1, 49, 32, 'Sous_titre_article_1', 10),
(1, 49, 33, 'Sous_titre_article_2', 11),
(1, 49, 34, 'Sous_titre_article_3', 12),
(1, 49, 35, 'Titre', 13),
(1, 49, 37, 'Texte_article_2', 16),
(1, 49, 38, 'Texte_article_1', 17),
(1, 49, 40, 'Texte_SocialMedia', 18),
(1, 49, 50, 'Texte_Contact_1', 23),
(1, 49, 52, 'Texte_Contact_2', 24),
(1, 49, 54, 'Texte_Contact_3', 25),
(1, 49, 55, 'Form_email_Newsletter', 19),
(1, 49, 56, 'Form_Contact', 22),
(1, 49, 64, 'news1', 27),
(1, 49, 65, 'news2', 28),
(1, 49, 66, 'news3', 29),
(1, 49, 67, 'logo1', 31),
(1, 49, 68, 'logo2', 32),
(1, 49, 69, 'banniere', 34),
(1, 49, 71, 'col1', 35),
(1, 49, 72, 'col1', 36),
(1, 49, 83, 'col1', 41),
(1, 49, 84, 'col2', 42),
(1, 49, 85, 'col3', 43),
(1, 49, 86, 'col2', 44),
(1, 49, 87, 'col3', 45),
(1, 49, 88, 'col2', 48),
(1, 49, 89, 'col3', 47),
(1, 49, 101, 'social : Layout 1 : Cell 1', 50),
(1, 49, 102, 'social', 51),
(1, 49, 103, 'social : Layout 1 : Cell 1', 52),
(1, 49, 105, 'contact', 54),
(1, 49, 107, 'contact', 56),
(1, 49, 126, 'actualite : Layout 2 : Cell 2', 72),
(1, 49, 129, 'actualite : Layout 2 : Cell 2', 73),
(1, 49, 130, 'actualite : Layout 2 : Cell 2', 74),
(1, 49, 133, 'Menu', 85),
(1, 50, 18, 'Image_article_1', 4),
(1, 50, 22, 'Image_article_2', 5),
(1, 50, 28, 'Image_article_3', 6),
(1, 50, 31, 'Texte_article_3', 9),
(1, 50, 32, 'Sous_titre_article_1', 10),
(1, 50, 33, 'Sous_titre_article_2', 11),
(1, 50, 34, 'Sous_titre_article_3', 12),
(1, 50, 35, 'Titre', 13),
(1, 50, 37, 'Texte_article_2', 16),
(1, 50, 38, 'Texte_article_1', 17),
(1, 50, 40, 'Texte_SocialMedia', 18),
(1, 50, 50, 'Texte_Contact_1', 23),
(1, 50, 52, 'Texte_Contact_2', 24),
(1, 50, 54, 'Texte_Contact_3', 25),
(1, 50, 55, 'Form_email_Newsletter', 19),
(1, 50, 56, 'Form_Contact', 22),
(1, 50, 64, 'news1', 27),
(1, 50, 65, 'news2', 28),
(1, 50, 66, 'news3', 29),
(1, 50, 67, 'logo1', 31),
(1, 50, 68, 'logo2', 32),
(1, 50, 69, 'banniere', 34),
(1, 50, 71, 'col1', 35),
(1, 50, 72, 'col1', 36),
(1, 50, 83, 'col1', 41),
(1, 50, 84, 'col2', 42),
(1, 50, 85, 'col3', 43),
(1, 50, 86, 'col2', 44),
(1, 50, 87, 'col3', 45),
(1, 50, 88, 'col2', 48),
(1, 50, 89, 'col3', 47),
(1, 50, 101, 'social : Layout 1 : Cell 1', 50),
(1, 50, 102, 'social', 51),
(1, 50, 103, 'social : Layout 1 : Cell 1', 52),
(1, 50, 105, 'contact', 54),
(1, 50, 107, 'contact', 56),
(1, 50, 126, 'actualite : Layout 2 : Cell 2', 72),
(1, 50, 129, 'actualite : Layout 2 : Cell 2', 73),
(1, 50, 130, 'actualite : Layout 2 : Cell 2', 74),
(1, 50, 134, 'Menu', 88),
(1, 51, 18, 'Image_article_1', 4),
(1, 51, 22, 'Image_article_2', 5),
(1, 51, 28, 'Image_article_3', 6),
(1, 51, 31, 'Texte_article_3', 9),
(1, 51, 32, 'Sous_titre_article_1', 10),
(1, 51, 33, 'Sous_titre_article_2', 11),
(1, 51, 34, 'Sous_titre_article_3', 12),
(1, 51, 35, 'Titre', 13),
(1, 51, 37, 'Texte_article_2', 16),
(1, 51, 38, 'Texte_article_1', 17),
(1, 51, 40, 'Texte_SocialMedia', 18),
(1, 51, 50, 'Texte_Contact_1', 23),
(1, 51, 52, 'Texte_Contact_2', 24),
(1, 51, 54, 'Texte_Contact_3', 25),
(1, 51, 55, 'Form_email_Newsletter', 19),
(1, 51, 56, 'Form_Contact', 22),
(1, 51, 64, 'news1', 27),
(1, 51, 65, 'news2', 28),
(1, 51, 66, 'news3', 29),
(1, 51, 67, 'logo1', 31),
(1, 51, 68, 'logo2', 32),
(1, 51, 69, 'banniere', 34),
(1, 51, 71, 'col1', 35),
(1, 51, 72, 'col1', 36),
(1, 51, 83, 'col1', 41),
(1, 51, 84, 'col2', 42),
(1, 51, 85, 'col3', 43),
(1, 51, 86, 'col2', 44),
(1, 51, 87, 'col3', 45),
(1, 51, 88, 'col2', 48),
(1, 51, 89, 'col3', 47),
(1, 51, 101, 'social : Layout 1 : Cell 1', 50),
(1, 51, 102, 'social', 51),
(1, 51, 103, 'social : Layout 1 : Cell 1', 52),
(1, 51, 105, 'contact', 54),
(1, 51, 107, 'contact', 56),
(1, 51, 126, 'actualite : Layout 2 : Cell 2', 72),
(1, 51, 129, 'actualite : Layout 2 : Cell 2', 73),
(1, 51, 130, 'actualite : Layout 2 : Cell 2', 74),
(1, 51, 134, 'Menu', 89),
(1, 52, 18, 'Image_article_1', 4),
(1, 52, 22, 'Image_article_2', 5),
(1, 52, 28, 'Image_article_3', 6),
(1, 52, 31, 'Texte_article_3', 9),
(1, 52, 32, 'Sous_titre_article_1', 10),
(1, 52, 33, 'Sous_titre_article_2', 11),
(1, 52, 34, 'Sous_titre_article_3', 12),
(1, 52, 35, 'Titre', 13),
(1, 52, 37, 'Texte_article_2', 16),
(1, 52, 38, 'Texte_article_1', 17),
(1, 52, 40, 'Texte_SocialMedia', 18),
(1, 52, 50, 'Texte_Contact_1', 23),
(1, 52, 52, 'Texte_Contact_2', 24),
(1, 52, 54, 'Texte_Contact_3', 25),
(1, 52, 55, 'Form_email_Newsletter', 19),
(1, 52, 56, 'Form_Contact', 22),
(1, 52, 64, 'news1', 27),
(1, 52, 65, 'news2', 28),
(1, 52, 66, 'news3', 29),
(1, 52, 67, 'logo1', 31),
(1, 52, 68, 'logo2', 32),
(1, 52, 69, 'banniere', 34),
(1, 52, 71, 'col1', 35),
(1, 52, 72, 'col1', 36),
(1, 52, 84, 'col2', 42),
(1, 52, 85, 'col3', 43),
(1, 52, 86, 'col2', 44),
(1, 52, 87, 'col3', 45),
(1, 52, 88, 'col2', 48),
(1, 52, 89, 'col3', 47),
(1, 52, 101, 'social : Layout 1 : Cell 1', 50),
(1, 52, 102, 'social', 51),
(1, 52, 103, 'social : Layout 1 : Cell 1', 52),
(1, 52, 105, 'contact', 54),
(1, 52, 107, 'contact', 56),
(1, 52, 126, 'actualite : Layout 2 : Cell 2', 72),
(1, 52, 129, 'actualite : Layout 2 : Cell 2', 73),
(1, 52, 130, 'actualite : Layout 2 : Cell 2', 74),
(1, 52, 134, 'Menu', 89),
(1, 52, 178, 'col1', 136),
(1, 53, 18, 'Image_article_1', 4),
(1, 53, 22, 'Image_article_2', 5),
(1, 53, 28, 'Image_article_3', 6),
(1, 53, 31, 'Texte_article_3', 9),
(1, 53, 32, 'Sous_titre_article_1', 10),
(1, 53, 33, 'Sous_titre_article_2', 11),
(1, 53, 34, 'Sous_titre_article_3', 12),
(1, 53, 35, 'Titre', 13),
(1, 53, 37, 'Texte_article_2', 16),
(1, 53, 38, 'Texte_article_1', 17),
(1, 53, 40, 'Texte_SocialMedia', 18),
(1, 53, 50, 'Texte_Contact_1', 23),
(1, 53, 52, 'Texte_Contact_2', 24),
(1, 53, 54, 'Texte_Contact_3', 25),
(1, 53, 55, 'Form_email_Newsletter', 19),
(1, 53, 56, 'Form_Contact', 22),
(1, 53, 64, 'news1', 27),
(1, 53, 65, 'news2', 28),
(1, 53, 66, 'news3', 29),
(1, 53, 67, 'logo1', 31),
(1, 53, 68, 'logo2', 32),
(1, 53, 69, 'banniere', 34),
(1, 53, 71, 'col1', 35),
(1, 53, 84, 'col2', 42),
(1, 53, 85, 'col3', 43),
(1, 53, 88, 'col2', 48),
(1, 53, 89, 'col3', 47),
(1, 53, 101, 'social : Layout 1 : Cell 1', 50),
(1, 53, 102, 'social', 51),
(1, 53, 103, 'social : Layout 1 : Cell 1', 52),
(1, 53, 105, 'contact', 54),
(1, 53, 107, 'contact', 56),
(1, 53, 126, 'actualite : Layout 2 : Cell 2', 72),
(1, 53, 129, 'actualite : Layout 2 : Cell 2', 73),
(1, 53, 130, 'actualite : Layout 2 : Cell 2', 74),
(1, 53, 134, 'Menu', 89),
(1, 53, 178, 'col1', 136),
(1, 53, 179, 'col1', 36),
(1, 53, 180, 'col2', 44),
(1, 53, 181, 'col3', 45),
(126, 3, 135, 'Menu', 90),
(126, 4, 135, 'Menu', 90),
(126, 5, 135, 'Menu', 90),
(126, 6, 135, 'Menu', 90),
(126, 7, 135, 'Menu', 90),
(126, 8, 135, 'Menu', 90),
(126, 9, 135, 'Menu', 90),
(126, 10, 135, 'Menu', 90),
(126, 11, 135, 'Menu', 90),
(126, 11, 141, 'contenu', 98),
(126, 12, 135, 'Menu', 90),
(126, 12, 141, 'contenu', 99),
(126, 13, 135, 'Menu', 90),
(126, 13, 142, 'contenu', 99),
(126, 14, 135, 'Menu', 90),
(126, 14, 142, 'contenu', 100),
(126, 15, 135, 'Menu', 90),
(126, 15, 143, 'contenu', 100),
(126, 16, 135, 'Menu', 90),
(126, 16, 143, 'contenu', 101),
(126, 17, 135, 'Menu', 90),
(126, 17, 144, 'contenu', 101),
(126, 18, 135, 'Menu', 90),
(126, 18, 144, 'contenu : Layout 1 : Cell 1', 101),
(126, 18, 145, 'contenu : Layout 2 : Cell 1', 102),
(126, 18, 146, 'contenu : Layout 2 : Cell 2', 103),
(126, 18, 147, 'contenu : Layout 2 : Cell 3', 104),
(126, 19, 135, 'Menu', 90),
(126, 19, 144, 'contenu : Layout 1 : Cell 1', 101),
(126, 19, 145, 'contenu : Layout 2 : Cell 1', 102),
(126, 19, 146, 'contenu : Layout 2 : Cell 2', 103),
(126, 19, 147, 'contenu : Layout 2 : Cell 3', 104),
(126, 20, 135, 'Menu', 90),
(126, 20, 144, 'contenu : Layout 1 : Cell 1', 101),
(126, 20, 145, 'contenu : Layout 2 : Cell 1', 102),
(126, 20, 146, 'contenu : Layout 2 : Cell 2', 103),
(126, 20, 147, 'contenu : Layout 2 : Cell 3', 104),
(126, 20, 151, 'contenu : Layout 2 : Cell 5', 106),
(126, 21, 135, 'Menu', 90),
(126, 21, 145, 'contenu : Layout 2 : Cell 1', 102),
(126, 21, 146, 'contenu : Layout 2 : Cell 2', 103),
(126, 21, 147, 'contenu : Layout 2 : Cell 3', 104),
(126, 21, 151, 'contenu : Layout 2 : Cell 5', 106),
(126, 21, 152, 'contenu : Layout 1 : Cell 1', 107),
(126, 22, 135, 'Menu', 90),
(126, 22, 145, 'contenu : Layout 2 : Cell 1', 102),
(126, 22, 146, 'contenu : Layout 2 : Cell 2', 103),
(126, 22, 147, 'contenu : Layout 2 : Cell 3', 104),
(126, 22, 152, 'contenu : Layout 1 : Cell 1', 107),
(126, 22, 153, 'contenu : Layout 2 : Cell 5', 108),
(126, 22, 154, 'contenu : Layout 2 : Cell 4', 109),
(126, 23, 135, 'Menu', 90),
(126, 23, 145, 'contenu : Layout 2 : Cell 1', 102),
(126, 23, 146, 'contenu : Layout 2 : Cell 2', 103),
(126, 23, 147, 'contenu : Layout 2 : Cell 3', 104),
(126, 23, 152, 'contenu : Layout 1 : Cell 1', 107),
(126, 23, 154, 'contenu : Layout 2 : Cell 4', 110),
(126, 23, 155, 'contenu : Layout 2 : Cell 5', 111),
(126, 23, 156, 'contenu : Layout 2 : Cell 6', 112),
(126, 24, 135, 'Menu', 90),
(126, 24, 145, 'contenu : Layout 2 : Cell 1', 102),
(126, 24, 146, 'contenu : Layout 2 : Cell 2', 103),
(126, 24, 147, 'contenu : Layout 2 : Cell 3', 104),
(126, 24, 152, 'contenu : Layout 1 : Cell 1', 107),
(126, 24, 154, 'contenu : Layout 2 : Cell 4', 110),
(126, 24, 155, 'contenu : Layout 2 : Cell 5', 111),
(126, 24, 156, 'contenu : Layout 2 : Cell 6', 112),
(126, 25, 135, 'Menu', 90),
(126, 25, 145, 'contenu : Layout 2 : Cell 1', 102),
(126, 25, 146, 'contenu : Layout 2 : Cell 2', 103),
(126, 25, 147, 'contenu : Layout 2 : Cell 3', 104),
(126, 25, 154, 'contenu : Layout 2 : Cell 4', 110),
(126, 25, 155, 'contenu : Layout 2 : Cell 5', 111),
(126, 25, 156, 'contenu : Layout 2 : Cell 6', 112),
(126, 25, 157, 'contenu : Layout 1 : Cell 1', 113),
(126, 26, 135, 'Menu', 90),
(126, 26, 145, 'contenu : Layout 2 : Cell 1', 102),
(126, 26, 146, 'contenu : Layout 2 : Cell 2', 103),
(126, 26, 147, 'contenu : Layout 2 : Cell 3', 104),
(126, 26, 154, 'contenu : Layout 2 : Cell 4', 110),
(126, 26, 156, 'contenu : Layout 2 : Cell 6', 112),
(126, 26, 157, 'contenu : Layout 1 : Cell 1', 113),
(126, 26, 158, 'contenu : Layout 2 : Cell 5', 114),
(126, 27, 135, 'Menu', 90),
(126, 27, 145, 'contenu : Layout 2 : Cell 1', 102),
(126, 27, 146, 'contenu : Layout 2 : Cell 2', 103),
(126, 27, 147, 'contenu : Layout 2 : Cell 3', 104),
(126, 27, 154, 'contenu : Layout 2 : Cell 4', 110),
(126, 27, 157, 'contenu : Layout 1 : Cell 1', 113),
(126, 27, 159, 'contenu : Layout 2 : Cell 6', 115),
(126, 27, 160, 'contenu : Layout 2 : Cell 5', 116),
(126, 28, 135, 'Menu', 90),
(126, 28, 145, 'contenu : Layout 2 : Cell 1', 102),
(126, 28, 146, 'contenu : Layout 2 : Cell 2', 103),
(126, 28, 147, 'contenu : Layout 2 : Cell 3', 104),
(126, 28, 154, 'contenu : Layout 2 : Cell 4', 110),
(126, 28, 159, 'contenu : Layout 2 : Cell 6', 115),
(126, 28, 160, 'contenu : Layout 2 : Cell 5', 116),
(126, 28, 161, 'contenu : Layout 1 : Cell 1', 117),
(126, 29, 135, 'Menu', 90),
(126, 29, 145, 'contenu : Layout 2 : Cell 1', 102),
(126, 29, 146, 'contenu : Layout 2 : Cell 2', 103),
(126, 29, 147, 'contenu : Layout 2 : Cell 3', 104),
(126, 29, 154, 'contenu : Layout 2 : Cell 4', 110),
(126, 29, 159, 'contenu : Layout 2 : Cell 6', 115),
(126, 29, 160, 'contenu : Layout 2 : Cell 5', 116),
(126, 29, 161, 'contenu : Layout 1 : Cell 1', 117),
(126, 30, 135, 'Menu', 90),
(126, 30, 145, 'contenu : Layout 2 : Cell 1', 102),
(126, 30, 146, 'contenu : Layout 2 : Cell 2', 103),
(126, 30, 147, 'contenu : Layout 2 : Cell 3', 104),
(126, 30, 154, 'contenu : Layout 2 : Cell 4', 110),
(126, 30, 159, 'contenu : Layout 2 : Cell 6', 115),
(126, 30, 160, 'contenu : Layout 2 : Cell 5', 116),
(126, 30, 175, 'contenu : Layout 1 : Cell 1', 129),
(126, 30, 176, 'contenu : Layout 1 : Cell 1', 130),
(126, 31, 135, 'Menu', 90),
(126, 31, 145, 'contenu : Layout 2 : Cell 1', 102),
(126, 31, 146, 'contenu : Layout 2 : Cell 2', 103),
(126, 31, 147, 'contenu : Layout 2 : Cell 3', 104),
(126, 31, 154, 'contenu : Layout 2 : Cell 4', 110),
(126, 31, 159, 'contenu : Layout 2 : Cell 6', 115),
(126, 31, 160, 'contenu : Layout 2 : Cell 5', 116),
(126, 31, 175, 'contenu : Layout 1 : Cell 1', 129),
(126, 31, 176, 'contenu : Layout 1 : Cell 1', 130),
(126, 32, 135, 'Menu', 90),
(126, 32, 145, 'contenu : Layout 2 : Cell 1', 102),
(126, 32, 146, 'contenu : Layout 2 : Cell 2', 103),
(126, 32, 147, 'contenu : Layout 2 : Cell 3', 104),
(126, 32, 154, 'contenu : Layout 2 : Cell 4', 110),
(126, 32, 159, 'contenu : Layout 2 : Cell 6', 115),
(126, 32, 160, 'contenu : Layout 2 : Cell 5', 116),
(126, 32, 175, 'contenu : Layout 1 : Cell 1', 129),
(126, 32, 176, 'contenu : Layout 1 : Cell 1', 130),
(126, 33, 135, 'Menu', 90),
(126, 33, 145, 'contenu : Layout 2 : Cell 1', 102),
(126, 33, 146, 'contenu : Layout 2 : Cell 2', 103),
(126, 33, 147, 'contenu : Layout 2 : Cell 3', 104),
(126, 33, 154, 'contenu : Layout 2 : Cell 4', 110),
(126, 33, 159, 'contenu : Layout 2 : Cell 6', 115),
(126, 33, 160, 'contenu : Layout 2 : Cell 5', 116),
(126, 33, 175, 'contenu : Layout 1 : Cell 1', 129),
(126, 33, 176, 'contenu : Layout 1 : Cell 1', 130),
(126, 34, 135, 'Menu', 90),
(126, 34, 154, 'contenu : Layout 2 : Cell 4', 110),
(126, 34, 159, 'contenu : Layout 2 : Cell 6', 115),
(126, 34, 160, 'contenu : Layout 2 : Cell 5', 116),
(126, 34, 175, 'contenu : Layout 1 : Cell 1', 129),
(126, 34, 176, 'contenu : Layout 1 : Cell 1', 130),
(126, 34, 190, 'contenu : Layout 2 : Cell 1', 102),
(126, 34, 191, 'contenu : Layout 2 : Cell 2', 103),
(126, 34, 192, 'contenu : Layout 2 : Cell 3', 104),
(127, 3, 136, 'Menu', 91),
(127, 4, 136, 'Menu', 91),
(127, 5, 136, 'Menu', 91),
(127, 5, 173, 'contenu', 127),
(127, 6, 136, 'Menu', 91),
(127, 6, 173, 'contenu', 128),
(127, 7, 136, 'Menu', 91),
(127, 7, 173, 'contenu', 128),
(127, 7, 177, 'contenu', 134),
(128, 2, 137, 'Menu', 92),
(128, 3, 137, 'Menu', 92),
(128, 3, 163, 'contenu', 119),
(128, 4, 137, 'Menu', 92),
(128, 4, 163, 'contenu', 119),
(128, 5, 137, 'Menu', 92),
(128, 5, 163, 'contenu', 119),
(128, 5, 164, 'contenu', 120),
(128, 6, 137, 'Menu', 92),
(128, 6, 165, 'contenu', 122),
(128, 6, 166, 'contenu', 124),
(129, 2, 138, 'Menu', 93),
(129, 3, 138, 'Menu', 93),
(129, 4, 138, 'Menu', 93),
(129, 5, 138, 'Menu', 93),
(129, 6, 138, 'Menu', 93),
(129, 7, 138, 'Menu', 93),
(129, 7, 171, 'contenu', 125),
(129, 8, 138, 'Menu', 93),
(129, 8, 171, 'contenu', 125),
(129, 8, 172, 'contenu', 126);

-- --------------------------------------------------------

--
-- Structure de la table `CollectionVersionRelatedEdits`
--

CREATE TABLE IF NOT EXISTS `CollectionVersionRelatedEdits` (
  `cID` int(10) unsigned NOT NULL DEFAULT '0',
  `cvID` int(10) unsigned NOT NULL DEFAULT '0',
  `cRelationID` int(10) unsigned NOT NULL DEFAULT '0',
  `cvRelationID` int(10) unsigned NOT NULL DEFAULT '0',
  PRIMARY KEY (`cID`,`cvID`,`cRelationID`,`cvRelationID`)
) ENGINE=InnoDB DEFAULT CHARSET=utf8;

-- --------------------------------------------------------

--
-- Structure de la table `CollectionVersions`
--

CREATE TABLE IF NOT EXISTS `CollectionVersions` (
  `cID` int(10) unsigned NOT NULL DEFAULT '0',
  `cvID` int(10) unsigned NOT NULL DEFAULT '1',
  `cvName` text,
  `cvHandle` varchar(255) DEFAULT NULL,
  `cvDescription` text,
  `cvDatePublic` datetime DEFAULT NULL,
  `cvDateCreated` datetime NOT NULL DEFAULT '0000-00-00 00:00:00',
  `cvComments` varchar(255) DEFAULT NULL,
  `cvIsApproved` tinyint(1) NOT NULL DEFAULT '0',
  `cvIsNew` tinyint(1) NOT NULL DEFAULT '0',
  `cvAuthorUID` int(10) unsigned DEFAULT NULL,
  `cvApproverUID` int(10) unsigned DEFAULT NULL,
  `ptID` int(10) unsigned NOT NULL DEFAULT '0',
  `ctID` int(10) unsigned NOT NULL DEFAULT '0',
  `cvActivateDatetime` datetime DEFAULT NULL,
  PRIMARY KEY (`cID`,`cvID`),
  KEY `cvIsApproved` (`cvIsApproved`),
  KEY `ctID` (`ctID`)
) ENGINE=InnoDB DEFAULT CHARSET=utf8;

--
-- Contenu de la table `CollectionVersions`
--

INSERT INTO `CollectionVersions` (`cID`, `cvID`, `cvName`, `cvHandle`, `cvDescription`, `cvDatePublic`, `cvDateCreated`, `cvComments`, `cvIsApproved`, `cvIsNew`, `cvAuthorUID`, `cvApproverUID`, `ptID`, `ctID`, `cvActivateDatetime`) VALUES
(1, 1, 'Home', 'home', '', '2014-12-09 16:48:04', '2014-12-09 16:48:04', 'Version 1', 0, 0, 1, NULL, 7, 4, NULL),
(1, 2, 'Home', 'home', '', '2014-12-09 16:48:04', '2015-01-13 18:15:49', 'Version 2', 0, 0, 1, NULL, 7, 4, NULL),
(1, 3, 'Home', 'home', '', '2014-12-09 16:48:04', '2015-01-13 18:19:05', 'Version 3', 0, 0, 1, 1, 7, 4, NULL),
(1, 4, 'Home', 'home', '', '2014-12-09 16:48:04', '2015-01-20 16:02:17', 'Version 4', 0, 0, 1, 1, 7, 5, NULL),
(1, 5, 'Home', 'home', '', '2014-12-09 16:48:04', '2015-01-20 16:53:01', 'Version 5', 0, 0, 1, 1, 7, 5, NULL),
(1, 6, 'Home', 'home', '', '2014-12-09 16:48:04', '2015-01-20 16:59:09', 'Version 6', 0, 0, 1, 1, 7, 5, NULL),
(1, 7, 'Home', 'home', '', '2014-12-09 16:48:04', '2015-01-20 17:01:53', 'Version 7', 0, 0, 1, 1, 7, 5, NULL),
(1, 8, 'Home', 'home', '', '2014-12-09 16:48:04', '2015-01-20 17:03:40', 'Version 8', 0, 0, 1, 1, 7, 5, NULL),
(1, 9, 'Home', 'home', '', '2014-12-09 16:48:04', '2015-01-20 17:07:17', 'Version 9', 0, 0, 1, 1, 7, 5, NULL),
(1, 10, 'Home', 'home', '', '2014-12-09 16:48:04', '2015-01-20 17:08:13', 'Version 10', 0, 0, 1, 1, 7, 5, NULL),
(1, 11, 'Home', 'home', '', '2014-12-09 16:48:04', '2015-01-20 17:09:51', 'Version 11', 0, 0, 1, 1, 7, 5, NULL),
(1, 12, 'Home', 'home', '', '2014-12-09 16:48:04', '2015-01-20 17:15:40', 'Version 12', 0, 0, 1, 1, 7, 5, NULL),
(1, 13, 'Home', 'home', '', '2014-12-09 16:48:04', '2015-01-20 17:16:20', 'Version 13', 0, 0, 1, 1, 7, 5, NULL),
(1, 14, 'Home', 'home', '', '2014-12-09 16:48:04', '2015-01-20 17:22:34', 'Version 14', 0, 0, 1, 1, 7, 5, NULL),
(1, 15, 'Home', 'home', '', '2014-12-09 16:48:04', '2015-01-20 17:25:56', 'Version 15', 0, 0, 1, 1, 7, 5, NULL),
(1, 16, 'Home', 'home', '', '2014-12-09 16:48:04', '2015-01-20 17:29:35', 'Version 16', 0, 0, 1, 1, 7, 5, NULL),
(1, 17, 'Home', 'home', '', '2014-12-09 16:48:04', '2015-01-20 17:30:36', 'Version 17', 0, 0, 1, 1, 7, 5, NULL),
(1, 18, 'Home', 'home', '', '2014-12-09 16:48:04', '2015-01-20 17:33:59', 'Version 18', 0, 0, 1, 1, 7, 5, NULL),
(1, 19, 'Home', 'home', '', '2014-12-09 16:48:04', '2015-01-20 17:40:22', 'Version 19', 0, 0, 1, 1, 7, 5, NULL),
(1, 20, 'Home', 'home', '', '2014-12-09 16:48:04', '2015-01-20 17:41:03', 'Version 20', 0, 0, 1, 1, 7, 5, NULL),
(1, 21, 'Home', 'home', '', '2014-12-09 16:48:04', '2015-01-20 17:50:19', 'Version 21', 0, 0, 1, 1, 7, 5, NULL),
(1, 22, 'Home', 'home', '', '2014-12-09 16:48:04', '2015-01-20 17:59:38', 'Version 22', 0, 0, 1, 1, 7, 5, NULL),
(1, 23, 'Home', 'home', '', '2014-12-09 16:48:00', '2015-02-24 15:15:22', 'Nouvelle version 23', 0, 0, 1, 1, 7, 5, NULL),
(1, 24, 'Home', 'home', '', '2014-12-09 16:48:00', '2015-02-24 15:16:01', 'Version 24', 0, 0, 1, 1, 7, 5, NULL),
(1, 25, 'Home', 'home', '', '2014-12-09 16:48:00', '2015-02-24 16:13:07', 'Version 25', 0, 0, 1, 1, 7, 5, NULL),
(1, 26, 'Home', 'home', '', '2014-12-09 16:48:00', '2015-02-24 16:33:39', 'Version 26', 0, 0, 1, 1, 7, 5, NULL),
(1, 27, 'Home', 'home', '', '2014-12-09 16:48:00', '2015-02-24 16:34:49', 'Version 27', 0, 0, 1, NULL, 7, 5, NULL),
(1, 28, 'Home', 'home', '', '2014-12-09 16:48:00', '2015-02-24 16:35:20', 'Version 28', 0, 0, 1, NULL, 7, 5, NULL),
(1, 29, 'Home', 'home', '', '2014-12-09 16:48:00', '2015-02-24 16:35:54', 'Version 29', 0, 0, 1, NULL, 7, 5, NULL),
(1, 30, 'Home', 'home', '', '2014-12-09 16:48:00', '2015-02-24 16:41:45', 'Version 30', 0, 0, 1, 1, 7, 5, NULL),
(1, 31, 'Home', 'home', '', '2014-12-09 16:48:00', '2015-02-24 16:52:12', 'Version 31', 0, 0, 1, 1, 7, 5, NULL),
(1, 32, 'Home', 'home', '', '2014-12-09 16:48:00', '2015-02-24 17:09:00', 'Version 32', 0, 0, 1, NULL, 7, 5, NULL),
(1, 33, 'Home', 'home', '', '2014-12-09 16:48:00', '2015-02-24 17:13:33', 'Version 33', 0, 0, 1, NULL, 7, 5, NULL),
(1, 34, 'Home', 'home', '', '2014-12-09 16:48:00', '2015-02-24 17:17:28', 'Version 34', 0, 0, 1, 1, 7, 5, NULL),
(1, 35, 'Home', 'home', '', '2014-12-09 16:48:00', '2015-02-24 17:23:42', 'Version 35', 0, 0, 1, NULL, 7, 5, NULL),
(1, 36, 'Home', 'home', '', '2014-12-09 16:48:00', '2015-02-24 17:37:45', 'Version 36', 0, 0, 1, NULL, 7, 5, NULL),
(1, 37, 'Home', 'home', '', '2014-12-09 16:48:00', '2015-02-24 17:42:34', 'Version 37', 0, 0, 1, NULL, 7, 5, NULL),
(1, 38, 'Home', 'home', '', '2014-12-09 16:48:00', '2015-02-24 17:44:27', 'Version 38', 0, 0, 1, NULL, 7, 5, NULL),
(1, 39, 'Home', 'home', '', '2014-12-09 16:48:00', '2015-02-24 17:47:02', 'Version 39', 0, 0, 1, NULL, 7, 5, NULL),
(1, 40, 'Home', 'home', '', '2014-12-09 16:48:00', '2015-02-24 17:47:40', 'Version 40', 0, 0, 1, 1, 7, 5, NULL),
(1, 41, 'Home', 'home', '', '2014-12-09 16:48:00', '2015-02-24 18:14:03', 'Version 41', 0, 0, 1, NULL, 7, 5, NULL),
(1, 42, 'Home', 'home', '', '2014-12-09 16:48:00', '2015-02-24 18:23:58', 'Version 42', 0, 0, 1, 1, 7, 5, NULL),
(1, 43, 'Home', 'home', '', '2014-12-09 16:48:00', '2015-02-24 18:25:01', 'final', 0, 0, 1, 1, 7, 5, NULL),
(1, 44, 'Home', 'home', '', '2014-12-09 16:48:00', '2015-02-24 18:31:49', 'Version 44', 0, 0, 1, NULL, 7, 5, NULL),
(1, 45, 'Home', 'home', '', '2014-12-09 16:48:00', '2015-02-24 18:32:43', 'Version 45', 0, 0, 1, 1, 7, 5, NULL),
(1, 46, 'Home', 'home', '', '2014-12-09 16:48:00', '2015-02-24 18:33:41', 'Version 46', 0, 0, 1, 1, 7, 5, NULL),
(1, 47, 'Home', 'home', '', '2014-12-09 16:48:00', '2015-02-24 18:43:02', 'Version 47', 0, 0, 1, NULL, 7, 5, NULL),
(1, 48, 'Home', 'home', '', '2014-12-09 16:48:00', '2015-02-24 18:44:49', 'Version 48', 0, 0, 1, NULL, 7, 5, NULL),
(1, 49, 'Home', 'home', '', '2014-12-09 16:48:00', '2015-02-24 19:06:19', 'Version 49', 0, 0, 1, 1, 7, 5, NULL),
(1, 50, 'Home', 'home', '', '2014-12-09 16:48:00', '2015-02-24 19:07:05', 'Version 50', 0, 0, 1, NULL, 7, 5, NULL),
(1, 51, 'Home', 'home', '', '2014-12-09 16:48:00', '2015-02-24 19:08:24', 'Version 51', 0, 0, 1, 1, 7, 5, NULL),
(1, 52, 'Home', 'home', '', '2014-12-09 16:48:00', '2015-03-02 15:59:14', 'Version 52', 0, 0, 1, 1, 7, 5, NULL),
(1, 53, 'Home', 'home', '', '2014-12-09 16:48:00', '2015-03-03 15:01:42', 'Version 53', 1, 0, 1, 1, 7, 5, NULL),
(2, 1, 'Dashboard', 'dashboard', '', '2014-12-09 16:48:24', '2014-12-09 16:48:24', 'Initial Version', 1, 0, 1, NULL, 7, 0, NULL),
(3, 1, 'Composer', 'composer', 'Write for your site.', '2014-12-09 16:48:26', '2014-12-09 16:48:26', 'Initial Version', 1, 0, 1, NULL, 7, 0, NULL),
(4, 1, 'Write', 'write', '', '2014-12-09 16:48:26', '2014-12-09 16:48:26', 'Initial Version', 1, 0, 1, NULL, 7, 0, NULL),
(5, 1, 'Drafts', 'drafts', '', '2014-12-09 16:48:26', '2014-12-09 16:48:26', 'Initial Version', 1, 0, 1, NULL, 7, 0, NULL),
(6, 1, 'Sitemap', 'sitemap', 'Whole world at a glance.', '2014-12-09 16:48:27', '2014-12-09 16:48:27', 'Initial Version', 1, 0, 1, NULL, 7, 0, NULL),
(7, 1, 'Full Sitemap', 'full', '', '2014-12-09 16:48:27', '2014-12-09 16:48:27', 'Initial Version', 1, 0, 1, NULL, 7, 0, NULL),
(8, 1, 'Flat View', 'explore', '', '2014-12-09 16:48:27', '2014-12-09 16:48:27', 'Initial Version', 1, 0, 1, NULL, 7, 0, NULL),
(9, 1, 'Page Search', 'search', '', '2014-12-09 16:48:27', '2014-12-09 16:48:27', 'Initial Version', 1, 0, 1, NULL, 7, 0, NULL),
(10, 1, 'Files', 'files', 'All documents and images.', '2014-12-09 16:48:28', '2014-12-09 16:48:28', 'Initial Version', 1, 0, 1, NULL, 7, 0, NULL),
(11, 1, 'File Manager', 'search', '', '2014-12-09 16:48:28', '2014-12-09 16:48:28', 'Initial Version', 1, 0, 1, NULL, 7, 0, NULL),
(12, 1, 'Attributes', 'attributes', '', '2014-12-09 16:48:28', '2014-12-09 16:48:28', 'Initial Version', 1, 0, 1, NULL, 7, 0, NULL),
(13, 1, 'File Sets', 'sets', '', '2014-12-09 16:48:29', '2014-12-09 16:48:29', 'Initial Version', 1, 0, 1, NULL, 7, 0, NULL),
(14, 1, 'Add File Set', 'add_set', '', '2014-12-09 16:48:29', '2014-12-09 16:48:29', 'Initial Version', 1, 0, 1, NULL, 7, 0, NULL),
(15, 1, 'Members', 'users', 'Add and manage the user accounts and groups on your website.', '2014-12-09 16:48:29', '2014-12-09 16:48:29', 'Initial Version', 1, 0, 1, NULL, 7, 0, NULL),
(16, 1, 'Search Users', 'search', '', '2014-12-09 16:48:30', '2014-12-09 16:48:30', 'Initial Version', 1, 0, 1, NULL, 7, 0, NULL),
(17, 1, 'User Groups', 'groups', '', '2014-12-09 16:48:30', '2014-12-09 16:48:30', 'Initial Version', 1, 0, 1, NULL, 7, 0, NULL),
(18, 1, 'Attributes', 'attributes', '', '2014-12-09 16:48:30', '2014-12-09 16:48:30', 'Initial Version', 1, 0, 1, NULL, 7, 0, NULL),
(19, 1, 'Add User', 'add', '', '2014-12-09 16:48:30', '2014-12-09 16:48:30', 'Initial Version', 1, 0, 1, NULL, 7, 0, NULL),
(20, 1, 'Add Group', 'add_group', '', '2014-12-09 16:48:31', '2014-12-09 16:48:31', 'Initial Version', 1, 0, 1, NULL, 7, 0, NULL),
(21, 1, 'Group Sets', 'group_sets', '', '2014-12-09 16:48:31', '2014-12-09 16:48:31', 'Initial Version', 1, 0, 1, NULL, 7, 0, NULL),
(22, 1, 'Reports', 'reports', 'Get data from forms and logs.', '2014-12-09 16:48:32', '2014-12-09 16:48:32', 'Initial Version', 1, 0, 1, NULL, 7, 0, NULL),
(23, 1, 'Statistics', 'statistics', 'View your site activity.', '2014-12-09 16:48:32', '2014-12-09 16:48:32', 'Initial Version', 1, 0, 1, NULL, 7, 0, NULL),
(24, 1, 'Form Results', 'forms', 'Get submission data.', '2014-12-09 16:48:32', '2014-12-09 16:48:32', 'Initial Version', 1, 0, 1, NULL, 7, 0, NULL),
(25, 1, 'Surveys', 'surveys', '', '2014-12-09 16:48:33', '2014-12-09 16:48:33', 'Initial Version', 1, 0, 1, NULL, 7, 0, NULL),
(26, 1, 'Logs', 'logs', '', '2014-12-09 16:48:33', '2014-12-09 16:48:33', 'Initial Version', 1, 0, 1, NULL, 7, 0, NULL),
(27, 1, 'Pages & Themes', 'pages', 'Reskin your site.', '2014-12-09 16:48:33', '2014-12-09 16:48:33', 'Initial Version', 1, 0, 1, NULL, 7, 0, NULL),
(28, 1, 'Themes', 'themes', 'Reskin your site.', '2014-12-09 16:48:34', '2014-12-09 16:48:34', 'Initial Version', 1, 0, 1, NULL, 7, 0, NULL),
(29, 1, 'Add', 'add', '', '2014-12-09 16:48:34', '2014-12-09 16:48:34', 'Initial Version', 1, 0, 1, NULL, 7, 0, NULL),
(30, 1, 'Inspect', 'inspect', '', '2014-12-09 16:48:34', '2014-12-09 16:48:34', 'Initial Version', 1, 0, 1, NULL, 7, 0, NULL),
(31, 1, 'Customize', 'customize', '', '2014-12-09 16:48:34', '2014-12-09 16:48:34', 'Initial Version', 1, 0, 1, NULL, 7, 0, NULL),
(32, 1, 'Page Types', 'types', 'What goes in your site.', '2014-12-09 16:48:35', '2014-12-09 16:48:35', 'Initial Version', 1, 0, 1, NULL, 7, 0, NULL),
(33, 1, 'Add Page Type', 'add', 'Add page types to your site.', '2014-12-09 16:48:35', '2014-12-09 16:48:35', 'Initial Version', 1, 0, 1, NULL, 7, 0, NULL),
(34, 1, 'Attributes', 'attributes', '', '2014-12-09 16:48:35', '2014-12-09 16:48:35', 'Initial Version', 1, 0, 1, NULL, 7, 0, NULL),
(35, 1, 'Single Pages', 'single', '', '2014-12-09 16:48:36', '2014-12-09 16:48:36', 'Initial Version', 1, 0, 1, NULL, 7, 0, NULL),
(36, 1, 'Workflow', 'workflow', '', '2014-12-09 16:48:36', '2014-12-09 16:48:36', 'Initial Version', 1, 0, 1, NULL, 7, 0, NULL),
(37, 1, 'Workflow List', 'list', '', '2014-12-09 16:48:37', '2014-12-09 16:48:37', 'Initial Version', 1, 0, 1, NULL, 7, 0, NULL),
(38, 1, 'Waiting for Me', 'me', '', '2014-12-09 16:48:37', '2014-12-09 16:48:37', 'Initial Version', 1, 0, 1, NULL, 7, 0, NULL),
(39, 1, 'Stacks & Blocks', 'blocks', 'Manage sitewide content and administer block types.', '2014-12-09 16:48:37', '2014-12-09 16:48:37', 'Initial Version', 1, 0, 1, NULL, 7, 0, NULL),
(40, 1, 'Stacks', 'stacks', 'Share content across your site.', '2014-12-09 16:48:38', '2014-12-09 16:48:38', 'Initial Version', 1, 0, 1, NULL, 7, 0, NULL),
(41, 1, 'Block & Stack Permissions', 'permissions', 'Control who can add blocks and stacks on your site.', '2014-12-09 16:48:38', '2014-12-09 16:48:38', 'Initial Version', 1, 0, 1, NULL, 7, 0, NULL),
(42, 1, 'Stack List', 'list', '', '2014-12-09 16:48:38', '2014-12-09 16:48:38', 'Initial Version', 1, 0, 1, NULL, 7, 0, NULL),
(43, 1, 'Block Types', 'types', 'Manage the installed block types in your site.', '2014-12-09 16:48:39', '2014-12-09 16:48:39', 'Initial Version', 1, 0, 1, NULL, 7, 0, NULL),
(44, 1, 'Extend concrete5', 'extend', 'Connect to the concrete5 marketplace, install custom add-ons, and download updates for marketplace add-ons and themes.', '2014-12-09 16:48:40', '2014-12-09 16:48:40', 'Initial Version', 1, 0, 1, NULL, 7, 0, NULL),
(45, 1, 'Dashboard', 'news', '', '2014-12-09 16:48:40', '2014-12-09 16:48:40', 'Initial Version', 1, 0, 1, NULL, 7, 0, NULL),
(46, 1, 'Add Functionality', 'install', 'Install add-ons & themes.', '2014-12-09 16:48:41', '2014-12-09 16:48:41', 'Initial Version', 1, 0, 1, NULL, 7, 0, NULL),
(47, 1, 'Update Add-Ons', 'update', 'Update your installed packages.', '2014-12-09 16:48:41', '2014-12-09 16:48:41', 'Initial Version', 1, 0, 1, NULL, 7, 0, NULL),
(48, 1, 'Connect to the Community', 'connect', 'Connect to the concrete5 community.', '2014-12-09 16:48:41', '2014-12-09 16:48:41', 'Initial Version', 1, 0, 1, NULL, 7, 0, NULL),
(49, 1, 'Get More Themes', 'themes', 'Download themes from concrete5.org.', '2014-12-09 16:48:42', '2014-12-09 16:48:42', 'Initial Version', 1, 0, 1, NULL, 7, 0, NULL),
(50, 1, 'Get More Add-Ons', 'add-ons', 'Download add-ons from concrete5.org.', '2014-12-09 16:48:42', '2014-12-09 16:48:42', 'Initial Version', 1, 0, 1, NULL, 7, 0, NULL),
(51, 1, 'System & Settings', 'system', 'Secure and setup your site.', '2014-12-09 16:48:43', '2014-12-09 16:48:43', 'Initial Version', 1, 0, 1, NULL, 7, 0, NULL),
(52, 1, 'Basics', 'basics', 'Basic information about your website.', '2014-12-09 16:48:43', '2014-12-09 16:48:43', 'Initial Version', 1, 0, 1, NULL, 7, 0, NULL),
(53, 1, 'Site Name', 'site_name', '', '2014-12-09 16:48:44', '2014-12-09 16:48:44', 'Initial Version', 1, 0, 1, NULL, 7, 0, NULL),
(54, 1, 'Bookmark Icons', 'icons', 'Bookmark icon and mobile home screen icon setup.', '2014-12-09 16:48:44', '2014-12-09 16:48:44', 'Initial Version', 1, 0, 1, NULL, 7, 0, NULL),
(55, 1, 'Rich Text Editor', 'editor', '', '2014-12-09 16:48:44', '2014-12-09 16:48:44', 'Initial Version', 1, 0, 1, NULL, 7, 0, NULL),
(56, 1, 'Languages', 'multilingual', '', '2014-12-09 16:48:45', '2014-12-09 16:48:45', 'Initial Version', 1, 0, 1, NULL, 7, 0, NULL),
(57, 1, 'Time Zone', 'timezone', '', '2014-12-09 16:48:45', '2014-12-09 16:48:45', 'Initial Version', 1, 0, 1, NULL, 7, 0, NULL),
(58, 1, 'Interface Preferences', 'interface', '', '2014-12-09 16:48:46', '2014-12-09 16:48:46', 'Initial Version', 1, 0, 1, NULL, 7, 0, NULL),
(59, 1, 'SEO & Statistics', 'seo', 'Enable pretty URLs, statistics and tracking codes.', '2014-12-09 16:48:47', '2014-12-09 16:48:47', 'Initial Version', 1, 0, 1, NULL, 7, 0, NULL),
(60, 1, 'Pretty URLs', 'urls', '', '2014-12-09 16:48:47', '2014-12-09 16:48:47', 'Initial Version', 1, 0, 1, NULL, 7, 0, NULL),
(61, 1, 'Bulk SEO Updater', 'bulk_seo_tool', '', '2014-12-09 16:48:47', '2014-12-09 16:48:47', 'Initial Version', 1, 0, 1, NULL, 7, 0, NULL),
(62, 1, 'Tracking Codes', 'tracking_codes', '', '2014-12-09 16:48:48', '2014-12-09 16:48:48', 'Initial Version', 1, 0, 1, NULL, 7, 0, NULL),
(63, 1, 'Excluded URL Word List', 'excluded', '', '2014-12-09 16:48:48', '2014-12-09 16:48:48', 'Initial Version', 1, 0, 1, NULL, 7, 0, NULL),
(64, 1, 'Statistics', 'statistics', '', '2014-12-09 16:48:49', '2014-12-09 16:48:49', 'Initial Version', 1, 0, 1, NULL, 7, 0, NULL),
(65, 1, 'Search Index', 'search_index', '', '2014-12-09 16:48:49', '2014-12-09 16:48:49', 'Initial Version', 1, 0, 1, NULL, 7, 0, NULL),
(66, 1, 'Optimization', 'optimization', 'Keep your site running well.', '2014-12-09 16:48:50', '2014-12-09 16:48:50', 'Initial Version', 1, 0, 1, NULL, 7, 0, NULL),
(67, 1, 'Cache & Speed Settings', 'cache', '', '2014-12-09 16:48:50', '2014-12-09 16:48:50', 'Initial Version', 1, 0, 1, NULL, 7, 0, NULL),
(68, 1, 'Clear Cache', 'clear_cache', '', '2014-12-09 16:48:51', '2014-12-09 16:48:51', 'Initial Version', 1, 0, 1, NULL, 7, 0, NULL),
(69, 1, 'Automated Jobs', 'jobs', '', '2014-12-09 16:48:51', '2014-12-09 16:48:51', 'Initial Version', 1, 0, 1, NULL, 7, 0, NULL),
(70, 1, 'Permissions & Access', 'permissions', 'Control who sees and edits your site.', '2014-12-09 16:48:51', '2014-12-09 16:48:51', 'Initial Version', 1, 0, 1, NULL, 7, 0, NULL),
(71, 1, 'Site Access', 'site', '', '2014-12-09 16:48:52', '2014-12-09 16:48:52', 'Initial Version', 1, 0, 1, NULL, 7, 0, NULL),
(72, 1, 'File Manager Permissions', 'files', '', '2014-12-09 16:48:52', '2014-12-09 16:48:52', 'Initial Version', 1, 0, 1, NULL, 7, 0, NULL),
(73, 1, 'Allowed File Types', 'file_types', '', '2014-12-09 16:48:53', '2014-12-09 16:48:53', 'Initial Version', 1, 0, 1, NULL, 7, 0, NULL),
(74, 1, 'Task Permissions', 'tasks', '', '2014-12-09 16:48:53', '2014-12-09 16:48:53', 'Initial Version', 1, 0, 1, NULL, 7, 0, NULL),
(75, 1, 'User Permissions', 'users', '', '2014-12-09 16:48:54', '2014-12-09 16:48:54', 'Initial Version', 1, 0, 1, NULL, 7, 0, NULL),
(76, 1, 'Advanced Permissions', 'advanced', '', '2014-12-09 16:48:54', '2014-12-09 16:48:54', 'Initial Version', 1, 0, 1, NULL, 7, 0, NULL),
(77, 1, 'IP Blacklist', 'ip_blacklist', '', '2014-12-09 16:48:54', '2014-12-09 16:48:54', 'Initial Version', 1, 0, 1, NULL, 7, 0, NULL),
(78, 1, 'Captcha Setup', 'captcha', '', '2014-12-09 16:48:55', '2014-12-09 16:48:55', 'Initial Version', 1, 0, 1, NULL, 7, 0, NULL),
(79, 1, 'Spam Control', 'antispam', '', '2014-12-09 16:48:55', '2014-12-09 16:48:55', 'Initial Version', 1, 0, 1, NULL, 7, 0, NULL),
(80, 1, 'Maintenance Mode', 'maintenance_mode', '', '2014-12-09 16:48:56', '2014-12-09 16:48:56', 'Initial Version', 1, 0, 1, NULL, 7, 0, NULL),
(81, 1, 'Login & Registration', 'registration', 'Change login behaviors and setup public profiles.', '2014-12-09 16:48:57', '2014-12-09 16:48:57', 'Initial Version', 1, 0, 1, NULL, 7, 0, NULL),
(82, 1, 'Login Destination', 'postlogin', '', '2014-12-09 16:48:57', '2014-12-09 16:48:57', 'Initial Version', 1, 0, 1, NULL, 7, 0, NULL),
(83, 1, 'Public Profiles', 'profiles', '', '2014-12-09 16:48:57', '2014-12-09 16:48:57', 'Initial Version', 1, 0, 1, NULL, 7, 0, NULL),
(84, 1, 'Public Registration', 'public_registration', '', '2014-12-09 16:48:58', '2014-12-09 16:48:58', 'Initial Version', 1, 0, 1, NULL, 7, 0, NULL),
(85, 1, 'Email', 'mail', 'Control how your site send and processes mail.', '2014-12-09 16:48:58', '2014-12-09 16:48:58', 'Initial Version', 1, 0, 1, NULL, 7, 0, NULL),
(86, 1, 'SMTP Method', 'method', '', '2014-12-09 16:48:58', '2014-12-09 16:48:58', 'Initial Version', 1, 0, 1, NULL, 7, 0, NULL),
(87, 1, 'Test Mail Settings', 'test_settings', '', '2014-12-09 16:48:59', '2014-12-09 16:48:59', 'Initial Version', 1, 0, 1, NULL, 7, 0, NULL),
(88, 1, 'Email Importers', 'importers', '', '2014-12-09 16:48:59', '2014-12-09 16:48:59', 'Initial Version', 1, 0, 1, NULL, 7, 0, NULL),
(89, 1, 'Attributes', 'attributes', 'Setup attributes for pages, users, files and more.', '2014-12-09 16:48:59', '2014-12-09 16:48:59', 'Initial Version', 1, 0, 1, NULL, 7, 0, NULL),
(90, 1, 'Sets', 'sets', 'Group attributes into sets for easier organization', '2014-12-09 16:49:00', '2014-12-09 16:49:00', 'Initial Version', 1, 0, 1, NULL, 7, 0, NULL),
(91, 1, 'Types', 'types', 'Choose which attribute types are available for different items.', '2014-12-09 16:49:00', '2014-12-09 16:49:00', 'Initial Version', 1, 0, 1, NULL, 7, 0, NULL),
(92, 1, 'Environment', 'environment', 'Advanced settings for web developers.', '2014-12-09 16:49:01', '2014-12-09 16:49:01', 'Initial Version', 1, 0, 1, NULL, 7, 0, NULL),
(93, 1, 'Environment Information', 'info', '', '2014-12-09 16:49:01', '2014-12-09 16:49:01', 'Initial Version', 1, 0, 1, NULL, 7, 0, NULL),
(94, 1, 'Debug Settings', 'debug', '', '2014-12-09 16:49:01', '2014-12-09 16:49:01', 'Initial Version', 1, 0, 1, NULL, 7, 0, NULL),
(95, 1, 'Logging Settings', 'logging', '', '2014-12-09 16:49:02', '2014-12-09 16:49:02', 'Initial Version', 1, 0, 1, NULL, 7, 0, NULL),
(96, 1, 'File Storage Locations', 'file_storage_locations', '', '2014-12-09 16:49:02', '2014-12-09 16:49:02', 'Initial Version', 1, 0, 1, NULL, 7, 0, NULL),
(97, 1, 'Proxy Server', 'proxy', '', '2014-12-09 16:49:03', '2014-12-09 16:49:03', 'Initial Version', 1, 0, 1, NULL, 7, 0, NULL),
(98, 1, 'Backup & Restore', 'backup_restore', 'Backup or restore your website.', '2014-12-09 16:49:03', '2014-12-09 16:49:03', 'Initial Version', 1, 0, 1, NULL, 7, 0, NULL),
(99, 1, 'Backup Database', 'backup', '', '2014-12-09 16:49:04', '2014-12-09 16:49:04', 'Initial Version', 1, 0, 1, NULL, 7, 0, NULL),
(100, 1, 'Update concrete5', 'update', '', '2014-12-09 16:49:04', '2014-12-09 16:49:04', 'Initial Version', 1, 0, 1, NULL, 7, 0, NULL),
(101, 1, 'Database XML', 'database', '', '2014-12-09 16:49:04', '2014-12-09 16:49:04', 'Initial Version', 1, 0, 1, NULL, 7, 0, NULL),
(102, 1, 'Composer', 'composer', '', '2014-12-09 16:49:05', '2014-12-09 16:49:05', 'Initial Version', 1, 0, 1, NULL, 7, 0, NULL),
(103, 1, '', NULL, NULL, '2014-12-09 16:49:05', '2014-12-09 16:49:05', 'Initial Version', 1, 0, NULL, NULL, 0, 1, NULL),
(104, 1, '', NULL, NULL, '2014-12-09 16:49:05', '2014-12-09 16:49:05', 'Initial Version', 1, 0, NULL, NULL, 0, 2, NULL),
(105, 1, '', NULL, NULL, '2014-12-09 16:49:05', '2014-12-09 16:49:05', 'Initial Version', 1, 0, NULL, NULL, 0, 3, NULL),
(106, 1, 'Welcome to concrete5', 'welcome', 'Learn about how to use concrete5, how to develop for concrete5, and get general help.', '2014-12-09 16:49:06', '2014-12-09 16:49:06', 'Initial Version', 1, 0, 1, NULL, 7, 3, NULL),
(107, 1, 'Customize Dashboard Home', 'home', '', '2014-12-09 16:49:06', '2014-12-09 16:49:06', 'Initial Version', 1, 0, 1, NULL, 7, 2, NULL),
(108, 1, 'Drafts', '!drafts', '', '2014-12-09 16:49:25', '2014-12-09 16:49:25', 'Initial Version', 1, 0, 1, NULL, 7, 0, NULL),
(109, 1, 'Trash', '!trash', '', '2014-12-09 16:49:26', '2014-12-09 16:49:26', 'Initial Version', 1, 0, 1, NULL, 7, 0, NULL),
(110, 1, 'Stacks', '!stacks', '', '2014-12-09 16:49:26', '2014-12-09 16:49:26', 'Initial Version', 1, 0, 1, NULL, 7, 0, NULL),
(111, 1, 'Login', 'login', '', '2014-12-09 16:49:27', '2014-12-09 16:49:27', 'Initial Version', 1, 0, 1, NULL, 7, 0, NULL),
(112, 1, 'Register', 'register', '', '2014-12-09 16:49:28', '2014-12-09 16:49:28', 'Initial Version', 1, 0, 1, NULL, 7, 0, NULL),
(113, 1, 'Profile', 'profile', '', '2014-12-09 16:49:29', '2014-12-09 16:49:29', 'Initial Version', 1, 0, 1, NULL, 7, 0, NULL),
(114, 1, 'Edit', 'edit', '', '2014-12-09 16:49:29', '2014-12-09 16:49:29', 'Initial Version', 1, 0, 1, NULL, 7, 0, NULL),
(115, 1, 'Avatar', 'avatar', '', '2014-12-09 16:49:29', '2014-12-09 16:49:29', 'Initial Version', 1, 0, 1, NULL, 7, 0, NULL),
(116, 1, 'Messages', 'messages', '', '2014-12-09 16:49:30', '2014-12-09 16:49:30', 'Initial Version', 1, 0, 1, NULL, 7, 0, NULL),
(117, 1, 'Friends', 'friends', '', '2014-12-09 16:49:30', '2014-12-09 16:49:30', 'Initial Version', 1, 0, 1, NULL, 7, 0, NULL),
(118, 1, 'Page Not Found', 'page_not_found', '', '2014-12-09 16:49:30', '2014-12-09 16:49:30', 'Initial Version', 1, 0, 1, NULL, 7, 0, NULL),
(119, 1, 'Page Forbidden', 'page_forbidden', '', '2014-12-09 16:49:31', '2014-12-09 16:49:31', 'Initial Version', 1, 0, 1, NULL, 7, 0, NULL),
(120, 1, 'Download File', 'download_file', '', '2014-12-09 16:49:31', '2014-12-09 16:49:31', 'Initial Version', 1, 0, 1, NULL, 7, 0, NULL),
(121, 1, 'Members', 'members', '', '2014-12-09 16:49:31', '2014-12-09 16:49:31', 'Initial Version', 1, 0, 1, NULL, 7, 0, NULL),
(122, 1, '', NULL, NULL, '2014-12-09 16:49:33', '2014-12-09 16:49:33', 'Initial Version', 1, 0, NULL, NULL, 0, 4, NULL),
(123, 1, '', NULL, NULL, '2015-01-20 16:01:48', '2015-01-20 16:01:48', 'Initial Version', 1, 0, NULL, NULL, 0, 5, NULL),
(124, 1, 'Designer Content', 'designer_content', NULL, '2015-02-24 15:58:53', '2015-02-24 15:58:53', 'Initial Version', 1, 0, 1, NULL, 7, 0, NULL),
(125, 1, 'Produit', 'produit', '', '2015-02-24 18:16:00', '2015-02-24 18:16:51', 'Initial Version', 1, 0, 1, 1, 7, 4, NULL),
(126, 1, 'produit', 'produit', '', '2015-02-24 18:17:00', '2015-02-24 18:17:46', 'Initial Version', 0, 0, 1, 1, 7, 4, NULL),
(126, 2, 'Produit', 'produit', '', '2015-02-24 18:17:00', '2015-02-24 18:18:36', 'Nouvelle version 2', 0, 0, 1, 1, 7, 4, NULL),
(126, 3, 'Produit', 'produit', '', '2015-02-24 18:17:00', '2015-02-24 19:10:20', 'Version 3', 0, 0, 1, 1, 7, 4, NULL),
(126, 4, 'Produit', 'produit', '', '2015-02-24 18:17:00', '2015-02-24 19:13:47', 'Nouvelle version 4', 0, 0, 1, 1, 7, 4, NULL),
(126, 5, 'Produit', 'produit', '', '2015-02-24 18:17:00', '2015-02-24 19:15:24', 'Nouvelle version 5', 0, 0, 1, 1, 7, 4, NULL),
(126, 6, 'Produit', 'produit', '', '2015-02-24 18:17:00', '2015-02-24 19:26:30', 'Nouvelle version 6', 0, 0, 1, 1, 7, 5, NULL),
(126, 7, 'Produit', 'produit', '', '2015-02-24 18:17:00', '2015-02-24 19:26:57', 'Nouvelle version 7', 0, 0, 1, 1, 7, 4, NULL),
(126, 8, 'Produit', 'produit', '', '2015-02-24 18:17:00', '2015-02-24 19:28:56', 'Nouvelle version 8', 0, 0, 1, 1, 7, 6, NULL),
(126, 9, 'Produit', 'produit', '', '2015-02-24 18:17:00', '2015-02-24 19:40:14', 'Version 9', 0, 0, 1, NULL, 7, 6, NULL),
(126, 10, 'Produit', 'produit', '', '2015-02-24 18:17:00', '2015-02-24 19:43:09', 'Version 10', 0, 0, 1, NULL, 7, 6, NULL),
(126, 11, 'Produit', 'produit', '', '2015-02-24 18:17:00', '2015-02-24 19:43:59', 'Version 11', 0, 0, 1, NULL, 7, 6, NULL),
(126, 12, 'Produit', 'produit', '', '2015-02-24 18:17:00', '2015-02-24 19:45:58', 'Version 12', 0, 0, 1, NULL, 7, 6, NULL),
(126, 13, 'Produit', 'produit', '', '2015-02-24 18:17:00', '2015-02-24 19:48:41', 'Version 13', 0, 0, 1, NULL, 7, 6, NULL),
(126, 14, 'Produit', 'produit', '', '2015-02-24 18:17:00', '2015-02-24 19:49:47', 'Version 14', 0, 0, 1, 1, 7, 6, NULL),
(126, 15, 'Produit', 'produit', '', '2015-02-24 18:17:00', '2015-02-24 19:53:48', 'Version 15', 0, 0, 1, NULL, 7, 6, NULL),
(126, 16, 'Produit', 'produit', '', '2015-02-24 18:17:00', '2015-02-24 19:54:34', 'Version 16', 0, 0, 1, NULL, 7, 6, NULL),
(126, 17, 'Produit', 'produit', '', '2015-02-24 18:17:00', '2015-02-24 19:55:03', 'Version 17', 0, 0, 1, NULL, 7, 6, NULL),
(126, 18, 'Produit', 'produit', '', '2015-02-24 18:17:00', '2015-02-24 19:57:05', 'Version 18', 0, 0, 1, NULL, 7, 6, NULL),
(126, 19, 'Produit', 'produit', '', '2015-02-24 18:17:00', '2015-02-24 20:03:44', 'Version 19', 0, 0, 1, NULL, 7, 6, NULL),
(126, 20, 'Produit', 'produit', '', '2015-02-24 18:17:00', '2015-02-24 20:04:44', 'Version 20', 0, 0, 1, NULL, 7, 6, NULL),
(126, 21, 'Produit', 'produit', '', '2015-02-24 18:17:00', '2015-02-24 20:05:42', 'Version 21', 0, 0, 1, NULL, 7, 6, NULL),
(126, 22, 'Produit', 'produit', '', '2015-02-24 18:17:00', '2015-02-24 20:06:14', 'Version 22', 0, 0, 1, NULL, 7, 6, NULL),
(126, 23, 'Produit', 'produit', '', '2015-02-24 18:17:00', '2015-02-24 20:06:56', 'Version 23', 0, 0, 1, NULL, 7, 6, NULL),
(126, 24, 'Produit', 'produit', '', '2015-02-24 18:17:00', '2015-02-24 20:08:07', 'Version 24', 0, 0, 1, NULL, 7, 6, NULL),
(126, 25, 'Produit', 'produit', '', '2015-02-24 18:17:00', '2015-02-24 20:09:08', 'Version 25', 0, 0, 1, NULL, 7, 6, NULL),
(126, 26, 'Produit', 'produit', '', '2015-02-24 18:17:00', '2015-02-24 20:10:15', 'Version 26', 0, 0, 1, NULL, 7, 6, NULL),
(126, 27, 'Produit', 'produit', '', '2015-02-24 18:17:00', '2015-02-24 20:10:54', 'Version 27', 0, 0, 1, NULL, 7, 6, NULL),
(126, 28, 'Produit', 'produit', '', '2015-02-24 18:17:00', '2015-02-24 20:12:12', 'Version 28', 0, 0, 1, NULL, 7, 6, NULL),
(126, 29, 'Produit', 'produit', '', '2015-02-24 18:17:00', '2015-02-24 20:33:01', 'Version 29', 0, 0, 1, NULL, 7, 6, NULL),
(126, 30, 'Produit', 'produit', '', '2015-02-24 18:17:00', '2015-02-24 20:33:36', 'Version 30', 0, 0, 1, 1, 7, 6, NULL),
(126, 31, 'Produit', 'produit', '', '2015-02-24 18:17:00', '2015-02-24 20:40:28', 'Nouvelle version 31', 0, 0, 1, 1, 7, 4, NULL),
(126, 32, 'Produit', 'produit', '', '2015-02-24 18:17:00', '2015-02-24 20:40:51', 'Nouvelle version 32', 0, 0, 1, 1, 7, 4, NULL),
(126, 33, 'Produit', 'produit', '', '2015-02-24 18:17:00', '2015-02-24 20:41:05', 'Nouvelle version 33', 0, 0, 1, 1, 7, 4, NULL),
(126, 34, 'Produit', 'produit', '', '2015-02-24 18:17:00', '2015-03-03 15:06:20', 'Version 34', 1, 0, 1, 1, 7, 4, NULL),
(127, 1, 'blog', 'blog', '', '2015-02-24 18:17:00', '2015-02-24 18:18:01', 'Initial Version', 0, 0, 1, 1, 7, 4, NULL),
(127, 2, 'Blog', 'blog', '', '2015-02-24 18:17:00', '2015-02-24 18:18:27', 'Nouvelle version 2', 1, 0, 1, 1, 7, 4, NULL),
(127, 3, 'Blog', 'blog', '', '2015-02-24 18:17:00', '2015-02-24 19:10:58', 'Version 3', 0, 0, 1, NULL, 7, 4, NULL),
(127, 4, 'Blog', 'blog', '', '2015-02-24 18:17:00', '2015-02-24 20:14:31', 'Version 4', 0, 0, 1, NULL, 7, 4, NULL),
(127, 5, 'Blog', 'blog', '', '2015-02-24 18:17:00', '2015-02-24 20:31:01', 'Version 5', 0, 0, 1, NULL, 7, 4, NULL),
(127, 6, 'Blog', 'blog', '', '2015-02-24 18:17:00', '2015-02-24 20:32:13', 'Version 6', 0, 0, 1, NULL, 7, 4, NULL),
(127, 7, 'Blog', 'blog', '', '2015-02-24 18:17:00', '2015-02-24 20:41:49', 'Version 7', 0, 0, 1, NULL, 7, 4, NULL),
(128, 1, 'Contact', 'contact', '', '2015-02-24 18:18:00', '2015-02-24 18:18:15', 'Initial Version', 1, 0, 1, 1, 7, 4, NULL),
(128, 2, 'Contact', 'contact', '', '2015-02-24 18:18:00', '2015-02-24 19:11:22', 'Version 2', 0, 0, 1, NULL, 7, 4, NULL),
(128, 3, 'Contact', 'contact', '', '2015-02-24 18:18:00', '2015-02-24 20:17:35', 'Version 3', 0, 0, 1, NULL, 7, 4, NULL),
(128, 4, 'Contact', 'contact', '', '2015-02-24 18:18:00', '2015-02-24 20:21:43', 'Version 4', 0, 0, 1, NULL, 7, 4, NULL),
(128, 5, 'Contact', 'contact', '', '2015-02-24 18:18:00', '2015-02-24 20:22:30', 'Version 5', 0, 0, 1, NULL, 7, 4, NULL),
(128, 6, 'Contact', 'contact', '', '2015-02-24 18:18:00', '2015-02-24 20:23:06', 'Version 6', 0, 0, 1, NULL, 7, 4, NULL),
(129, 1, 'Plan', 'plan', '', '2015-02-24 18:18:00', '2015-02-24 18:18:48', 'Initial Version', 0, 0, 1, 1, 7, 4, NULL),
(129, 2, 'Plan', 'plan', '', '2015-02-24 18:18:00', '2015-02-24 19:11:44', 'Version 2', 0, 0, 1, 1, 7, 4, NULL),
(129, 3, 'Plan', 'plan', '', '2015-02-24 18:18:00', '2015-02-24 20:25:44', 'Version 3', 0, 0, 1, NULL, 7, 4, NULL),
(129, 4, 'Plan', 'plan', '', '2015-02-24 18:18:00', '2015-02-24 20:26:27', 'Version 4', 0, 0, 1, NULL, 7, 4, NULL),
(129, 5, 'Plan', 'plan', '', '2015-02-24 18:18:00', '2015-02-24 20:27:26', 'Version 5', 0, 0, 1, NULL, 7, 4, NULL),
(129, 6, 'Plan', 'plan', '', '2015-02-24 18:18:00', '2015-02-24 20:27:40', 'Version 6', 0, 0, 1, NULL, 7, 4, NULL),
(129, 7, 'Plan', 'plan', '', '2015-02-24 18:18:00', '2015-02-24 20:29:01', 'Version 7', 0, 0, 1, NULL, 7, 4, NULL),
(129, 8, 'Plan', 'plan', '', '2015-02-24 18:18:00', '2015-02-24 20:29:39', 'final_v2', 1, 0, 1, 1, 7, 4, NULL),
(130, 1, '', NULL, NULL, '2015-02-24 19:28:09', '2015-02-24 19:28:09', 'Initial Version', 1, 0, NULL, NULL, 0, 6, NULL),
(131, 1, 'col1', 'col1', '', '2015-02-24 20:38:00', '2015-02-24 20:38:33', 'Initial Version', 1, 0, 1, 1, 7, 5, NULL);

-- --------------------------------------------------------

--
-- Structure de la table `ComposerContentLayout`
--

CREATE TABLE IF NOT EXISTS `ComposerContentLayout` (
  `cclID` int(10) unsigned NOT NULL AUTO_INCREMENT,
  `bID` int(10) unsigned NOT NULL DEFAULT '0',
  `akID` int(10) unsigned NOT NULL DEFAULT '0',
  `displayOrder` int(10) unsigned NOT NULL DEFAULT '0',
  `ctID` int(10) unsigned NOT NULL DEFAULT '0',
  `ccFilename` varchar(128) DEFAULT NULL,
  PRIMARY KEY (`cclID`)
) ENGINE=InnoDB DEFAULT CHARSET=utf8 AUTO_INCREMENT=1 ;

-- --------------------------------------------------------

--
-- Structure de la table `ComposerDrafts`
--

CREATE TABLE IF NOT EXISTS `ComposerDrafts` (
  `cID` int(10) unsigned NOT NULL DEFAULT '0',
  `cpPublishParentID` int(10) unsigned NOT NULL DEFAULT '0',
  PRIMARY KEY (`cID`)
) ENGINE=InnoDB DEFAULT CHARSET=utf8;

-- --------------------------------------------------------

--
-- Structure de la table `ComposerTypes`
--

CREATE TABLE IF NOT EXISTS `ComposerTypes` (
  `ctID` int(10) unsigned NOT NULL DEFAULT '0',
  `ctComposerPublishPageMethod` varchar(64) NOT NULL DEFAULT 'CHOOSE',
  `ctComposerPublishPageTypeID` int(10) unsigned NOT NULL DEFAULT '0',
  `ctComposerPublishPageParentID` int(10) unsigned NOT NULL DEFAULT '0',
  PRIMARY KEY (`ctID`)
) ENGINE=InnoDB DEFAULT CHARSET=utf8;

-- --------------------------------------------------------

--
-- Structure de la table `Config`
--

CREATE TABLE IF NOT EXISTS `Config` (
  `cfKey` varchar(64) NOT NULL,
  `timestamp` timestamp NOT NULL DEFAULT CURRENT_TIMESTAMP ON UPDATE CURRENT_TIMESTAMP,
  `cfValue` longtext,
  `uID` int(10) unsigned NOT NULL DEFAULT '0',
  `pkgID` int(10) unsigned NOT NULL DEFAULT '0',
  PRIMARY KEY (`cfKey`,`uID`),
  KEY `uID` (`uID`)
) ENGINE=InnoDB DEFAULT CHARSET=utf8;

--
-- Contenu de la table `Config`
--

INSERT INTO `Config` (`cfKey`, `timestamp`, `cfValue`, `uID`, `pkgID`) VALUES
('ACCESS_ENTITY_UPDATED', '2015-01-13 17:05:08', '1421168708', 0, 0),
('ANTISPAM_LOG_SPAM', '2014-12-09 15:49:32', '1', 0, 0),
('APP_VERSION_LATEST', '2015-03-02 13:25:53', '5.6.3.3', 0, 0),
('DO_PAGE_REINDEX_CHECK', '2015-03-03 14:06:44', '0', 0, 0),
('ENABLE_BLOCK_CACHE', '2014-12-09 15:49:32', '1', 0, 0),
('ENABLE_LOG_EMAILS', '2014-12-09 15:49:32', '1', 0, 0),
('ENABLE_LOG_ERRORS', '2014-12-09 15:49:32', '1', 0, 0),
('ENABLE_MARKETPLACE_SUPPORT', '2014-12-09 15:49:32', '1', 0, 0),
('ENABLE_OVERRIDE_CACHE', '2014-12-09 15:49:32', '1', 0, 0),
('FULL_PAGE_CACHE_GLOBAL', '2014-12-09 15:49:32', '0', 0, 0),
('NEWSFLOW_LAST_VIEWED', '2015-03-03 13:48:18', '1425390498', 1, 0),
('QUICK_NAV_BOOKMARKS', '0000-00-00 00:00:00', 'O:21:"ConcreteDashboardMenu":1:{s:8:"\0*\0items";a:8:{i:0;s:25:"/dashboard/composer/write";i:1;s:26:"/dashboard/composer/drafts";i:3;s:25:"/dashboard/sitemap/search";i:4;s:23:"/dashboard/files/search";i:5;s:21:"/dashboard/files/sets";i:6;s:29:"/dashboard/reports/statistics";i:7;s:24:"/dashboard/reports/forms";i:8;s:23:"/dashboard/sitemap/full";}}', 1, 0),
('SECURITY_TOKEN_ENCRYPTION', '2014-12-09 15:49:37', 'NxQuQiiNPxr7psoAP3mT7C2CkesrnAile0H2JTfOyBsXv870UWpOTjuI12QRnKWf', 0, 0),
('SECURITY_TOKEN_JOBS', '2014-12-09 15:49:37', 'aJ79EMWqmhlO3sOywrIOqOXuymozrT61kFLNCEGiahHxU9AFFalMSInO9uSwi19J', 0, 0),
('SECURITY_TOKEN_VALIDATION', '2014-12-09 15:49:37', 'Z0oIxqiVYrEIOEgEQTjOIOqvSU0kbZqcbHtARIaZeTNp8eX3LXwAFcwopMNuaNpK', 0, 0),
('SEEN_INTRODUCTION', '2014-12-09 15:49:57', '1', 0, 0),
('SITE', '2014-12-09 16:31:06', 'Concrete', 0, 0),
('SITE_APP_VERSION', '2014-12-09 15:49:35', '5.6.3.2', 0, 0),
('SITE_DEBUG_LEVEL', '2014-12-09 15:49:32', '1', 0, 0),
('SITE_INSTALLED_APP_VERSION', '2014-12-09 15:49:35', '5.6.3.2', 0, 0),
('SITE_LOCALE', '2014-12-09 15:49:35', 'fr_FR', 0, 0);

-- --------------------------------------------------------

--
-- Structure de la table `CustomStylePresets`
--

CREATE TABLE IF NOT EXISTS `CustomStylePresets` (
  `cspID` int(10) unsigned NOT NULL AUTO_INCREMENT,
  `cspName` varchar(255) NOT NULL,
  `csrID` int(10) unsigned NOT NULL DEFAULT '0',
  PRIMARY KEY (`cspID`)
) ENGINE=InnoDB DEFAULT CHARSET=utf8 AUTO_INCREMENT=1 ;

-- --------------------------------------------------------

--
-- Structure de la table `CustomStyleRules`
--

CREATE TABLE IF NOT EXISTS `CustomStyleRules` (
  `csrID` int(10) unsigned NOT NULL AUTO_INCREMENT,
  `css_id` varchar(128) DEFAULT NULL,
  `css_class` varchar(128) DEFAULT NULL,
  `css_serialized` text,
  `css_custom` text,
  PRIMARY KEY (`csrID`)
) ENGINE=InnoDB  DEFAULT CHARSET=utf8 AUTO_INCREMENT=137 ;

--
-- Contenu de la table `CustomStyleRules`
--

INSERT INTO `CustomStyleRules` (`csrID`, `css_id`, `css_class`, `css_serialized`, `css_custom`) VALUES
(1, '', '', 'a:20:{s:11:"font_family";s:7:"inherit";s:5:"color";s:0:"";s:9:"font_size";s:0:"";s:11:"line_height";s:0:"";s:10:"text_align";s:6:"center";s:16:"background_color";s:0:"";s:12:"border_style";s:4:"none";s:12:"border_color";s:0:"";s:12:"border_width";s:1:"0";s:15:"border_position";s:4:"full";s:10:"margin_top";s:0:"";s:12:"margin_right";s:0:"";s:13:"margin_bottom";s:0:"";s:11:"margin_left";s:0:"";s:11:"padding_top";s:0:"";s:13:"padding_right";s:0:"";s:14:"padding_bottom";s:0:"";s:12:"padding_left";s:0:"";s:16:"background_image";s:1:"0";s:17:"background_repeat";s:9:"no-repeat";}', ''),
(2, 'banniere', '', 'a:20:{s:11:"font_family";s:7:"inherit";s:5:"color";s:0:"";s:9:"font_size";s:0:"";s:11:"line_height";s:0:"";s:10:"text_align";s:0:"";s:16:"background_color";s:0:"";s:12:"border_style";s:4:"none";s:12:"border_color";s:0:"";s:12:"border_width";s:1:"0";s:15:"border_position";s:4:"full";s:10:"margin_top";s:0:"";s:12:"margin_right";s:0:"";s:13:"margin_bottom";s:0:"";s:11:"margin_left";s:0:"";s:11:"padding_top";s:0:"";s:13:"padding_right";s:0:"";s:14:"padding_bottom";s:0:"";s:12:"padding_left";s:0:"";s:16:"background_image";s:1:"0";s:17:"background_repeat";s:9:"no-repeat";}', ''),
(3, 'banniere', '', 'a:20:{s:11:"font_family";s:7:"inherit";s:5:"color";s:0:"";s:9:"font_size";s:0:"";s:11:"line_height";s:0:"";s:10:"text_align";s:6:"center";s:16:"background_color";s:0:"";s:12:"border_style";s:4:"none";s:12:"border_color";s:0:"";s:12:"border_width";s:1:"0";s:15:"border_position";s:4:"full";s:10:"margin_top";s:0:"";s:12:"margin_right";s:0:"";s:13:"margin_bottom";s:0:"";s:11:"margin_left";s:0:"";s:11:"padding_top";s:0:"";s:13:"padding_right";s:0:"";s:14:"padding_bottom";s:0:"";s:12:"padding_left";s:0:"";s:16:"background_image";s:1:"0";s:17:"background_repeat";s:9:"no-repeat";}', ''),
(4, 'MonImage', '', 'a:20:{s:11:"font_family";s:7:"inherit";s:5:"color";s:0:"";s:9:"font_size";s:0:"";s:11:"line_height";s:0:"";s:10:"text_align";s:0:"";s:16:"background_color";s:0:"";s:12:"border_style";s:4:"none";s:12:"border_color";s:0:"";s:12:"border_width";s:1:"0";s:15:"border_position";s:4:"full";s:10:"margin_top";s:0:"";s:12:"margin_right";s:0:"";s:13:"margin_bottom";s:0:"";s:11:"margin_left";s:0:"";s:11:"padding_top";s:0:"";s:13:"padding_right";s:0:"";s:14:"padding_bottom";s:0:"";s:12:"padding_left";s:0:"";s:16:"background_image";s:1:"0";s:17:"background_repeat";s:9:"no-repeat";}', ''),
(5, 'MonImage', '', 'a:20:{s:11:"font_family";s:7:"inherit";s:5:"color";s:0:"";s:9:"font_size";s:0:"";s:11:"line_height";s:0:"";s:10:"text_align";s:0:"";s:16:"background_color";s:0:"";s:12:"border_style";s:4:"none";s:12:"border_color";s:0:"";s:12:"border_width";s:1:"0";s:15:"border_position";s:4:"full";s:10:"margin_top";s:0:"";s:12:"margin_right";s:0:"";s:13:"margin_bottom";s:0:"";s:11:"margin_left";s:0:"";s:11:"padding_top";s:0:"";s:13:"padding_right";s:0:"";s:14:"padding_bottom";s:0:"";s:12:"padding_left";s:0:"";s:16:"background_image";s:1:"0";s:17:"background_repeat";s:9:"no-repeat";}', ''),
(6, 'MonImage', '', 'a:20:{s:11:"font_family";s:7:"inherit";s:5:"color";s:0:"";s:9:"font_size";s:0:"";s:11:"line_height";s:0:"";s:10:"text_align";s:0:"";s:16:"background_color";s:0:"";s:12:"border_style";s:4:"none";s:12:"border_color";s:0:"";s:12:"border_width";s:1:"0";s:15:"border_position";s:4:"full";s:10:"margin_top";s:0:"";s:12:"margin_right";s:0:"";s:13:"margin_bottom";s:0:"";s:11:"margin_left";s:0:"";s:11:"padding_top";s:0:"";s:13:"padding_right";s:0:"";s:14:"padding_bottom";s:0:"";s:12:"padding_left";s:0:"";s:16:"background_image";s:1:"0";s:17:"background_repeat";s:9:"no-repeat";}', ''),
(7, '', 'CorpsArticle', 'a:20:{s:11:"font_family";s:7:"inherit";s:5:"color";s:0:"";s:9:"font_size";s:0:"";s:11:"line_height";s:0:"";s:10:"text_align";s:0:"";s:16:"background_color";s:0:"";s:12:"border_style";s:4:"none";s:12:"border_color";s:0:"";s:12:"border_width";s:1:"0";s:15:"border_position";s:4:"full";s:10:"margin_top";s:0:"";s:12:"margin_right";s:0:"";s:13:"margin_bottom";s:0:"";s:11:"margin_left";s:0:"";s:11:"padding_top";s:0:"";s:13:"padding_right";s:0:"";s:14:"padding_bottom";s:0:"";s:12:"padding_left";s:0:"";s:16:"background_image";s:1:"0";s:17:"background_repeat";s:9:"no-repeat";}', ''),
(8, '', 'CorpsArticle', 'a:20:{s:11:"font_family";s:7:"inherit";s:5:"color";s:0:"";s:9:"font_size";s:0:"";s:11:"line_height";s:0:"";s:10:"text_align";s:0:"";s:16:"background_color";s:0:"";s:12:"border_style";s:4:"none";s:12:"border_color";s:0:"";s:12:"border_width";s:1:"0";s:15:"border_position";s:4:"full";s:10:"margin_top";s:0:"";s:12:"margin_right";s:0:"";s:13:"margin_bottom";s:0:"";s:11:"margin_left";s:0:"";s:11:"padding_top";s:0:"";s:13:"padding_right";s:0:"";s:14:"padding_bottom";s:0:"";s:12:"padding_left";s:0:"";s:16:"background_image";s:1:"0";s:17:"background_repeat";s:9:"no-repeat";}', ''),
(9, '', 'CorpsArticle', 'a:20:{s:11:"font_family";s:7:"inherit";s:5:"color";s:0:"";s:9:"font_size";s:0:"";s:11:"line_height";s:0:"";s:10:"text_align";s:0:"";s:16:"background_color";s:0:"";s:12:"border_style";s:4:"none";s:12:"border_color";s:0:"";s:12:"border_width";s:1:"0";s:15:"border_position";s:4:"full";s:10:"margin_top";s:0:"";s:12:"margin_right";s:0:"";s:13:"margin_bottom";s:0:"";s:11:"margin_left";s:0:"";s:11:"padding_top";s:0:"";s:13:"padding_right";s:0:"";s:14:"padding_bottom";s:0:"";s:12:"padding_left";s:0:"";s:16:"background_image";s:1:"0";s:17:"background_repeat";s:9:"no-repeat";}', ''),
(10, '', 'SousTitre', 'a:20:{s:11:"font_family";s:7:"inherit";s:5:"color";s:0:"";s:9:"font_size";s:0:"";s:11:"line_height";s:0:"";s:10:"text_align";s:0:"";s:16:"background_color";s:0:"";s:12:"border_style";s:4:"none";s:12:"border_color";s:0:"";s:12:"border_width";s:1:"0";s:15:"border_position";s:4:"full";s:10:"margin_top";s:0:"";s:12:"margin_right";s:0:"";s:13:"margin_bottom";s:0:"";s:11:"margin_left";s:0:"";s:11:"padding_top";s:0:"";s:13:"padding_right";s:0:"";s:14:"padding_bottom";s:0:"";s:12:"padding_left";s:0:"";s:16:"background_image";s:1:"0";s:17:"background_repeat";s:9:"no-repeat";}', ''),
(11, '', 'SousTitre', 'a:20:{s:11:"font_family";s:7:"inherit";s:5:"color";s:0:"";s:9:"font_size";s:0:"";s:11:"line_height";s:0:"";s:10:"text_align";s:0:"";s:16:"background_color";s:0:"";s:12:"border_style";s:4:"none";s:12:"border_color";s:0:"";s:12:"border_width";s:1:"0";s:15:"border_position";s:4:"full";s:10:"margin_top";s:0:"";s:12:"margin_right";s:0:"";s:13:"margin_bottom";s:0:"";s:11:"margin_left";s:0:"";s:11:"padding_top";s:0:"";s:13:"padding_right";s:0:"";s:14:"padding_bottom";s:0:"";s:12:"padding_left";s:0:"";s:16:"background_image";s:1:"0";s:17:"background_repeat";s:9:"no-repeat";}', ''),
(12, '', 'SousTitre', 'a:20:{s:11:"font_family";s:7:"inherit";s:5:"color";s:0:"";s:9:"font_size";s:0:"";s:11:"line_height";s:0:"";s:10:"text_align";s:0:"";s:16:"background_color";s:0:"";s:12:"border_style";s:4:"none";s:12:"border_color";s:0:"";s:12:"border_width";s:1:"0";s:15:"border_position";s:4:"full";s:10:"margin_top";s:0:"";s:12:"margin_right";s:0:"";s:13:"margin_bottom";s:0:"";s:11:"margin_left";s:0:"";s:11:"padding_top";s:0:"";s:13:"padding_right";s:0:"";s:14:"padding_bottom";s:0:"";s:12:"padding_left";s:0:"";s:16:"background_image";s:1:"0";s:17:"background_repeat";s:9:"no-repeat";}', ''),
(13, 'Titre', '', 'a:20:{s:11:"font_family";s:7:"inherit";s:5:"color";s:0:"";s:9:"font_size";s:0:"";s:11:"line_height";s:0:"";s:10:"text_align";s:0:"";s:16:"background_color";s:0:"";s:12:"border_style";s:4:"none";s:12:"border_color";s:0:"";s:12:"border_width";s:1:"0";s:15:"border_position";s:4:"full";s:10:"margin_top";s:0:"";s:12:"margin_right";s:0:"";s:13:"margin_bottom";s:0:"";s:11:"margin_left";s:0:"";s:11:"padding_top";s:0:"";s:13:"padding_right";s:0:"";s:14:"padding_bottom";s:0:"";s:12:"padding_left";s:0:"";s:16:"background_image";s:1:"0";s:17:"background_repeat";s:9:"no-repeat";}', ''),
(14, '', 'CorpsArticle', 'a:20:{s:11:"font_family";s:7:"inherit";s:5:"color";s:0:"";s:9:"font_size";s:0:"";s:11:"line_height";s:0:"";s:10:"text_align";s:7:"justify";s:16:"background_color";s:0:"";s:12:"border_style";s:4:"none";s:12:"border_color";s:0:"";s:12:"border_width";s:1:"0";s:15:"border_position";s:4:"full";s:10:"margin_top";s:0:"";s:12:"margin_right";s:0:"";s:13:"margin_bottom";s:0:"";s:11:"margin_left";s:0:"";s:11:"padding_top";s:0:"";s:13:"padding_right";s:0:"";s:14:"padding_bottom";s:0:"";s:12:"padding_left";s:0:"";s:16:"background_image";s:1:"0";s:17:"background_repeat";s:9:"no-repeat";}', ''),
(15, '', 'CorpsArticle', 'a:20:{s:11:"font_family";s:7:"inherit";s:5:"color";s:0:"";s:9:"font_size";s:0:"";s:11:"line_height";s:0:"";s:10:"text_align";s:6:"center";s:16:"background_color";s:0:"";s:12:"border_style";s:4:"none";s:12:"border_color";s:0:"";s:12:"border_width";s:1:"0";s:15:"border_position";s:4:"full";s:10:"margin_top";s:0:"";s:12:"margin_right";s:0:"";s:13:"margin_bottom";s:0:"";s:11:"margin_left";s:0:"";s:11:"padding_top";s:0:"";s:13:"padding_right";s:0:"";s:14:"padding_bottom";s:0:"";s:12:"padding_left";s:0:"";s:16:"background_image";s:1:"0";s:17:"background_repeat";s:9:"no-repeat";}', ''),
(16, '', 'CorpsArticle', 'a:20:{s:11:"font_family";s:7:"inherit";s:5:"color";s:0:"";s:9:"font_size";s:0:"";s:11:"line_height";s:0:"";s:10:"text_align";s:0:"";s:16:"background_color";s:0:"";s:12:"border_style";s:4:"none";s:12:"border_color";s:0:"";s:12:"border_width";s:1:"0";s:15:"border_position";s:4:"full";s:10:"margin_top";s:0:"";s:12:"margin_right";s:0:"";s:13:"margin_bottom";s:0:"";s:11:"margin_left";s:0:"";s:11:"padding_top";s:0:"";s:13:"padding_right";s:0:"";s:14:"padding_bottom";s:0:"";s:12:"padding_left";s:0:"";s:16:"background_image";s:1:"0";s:17:"background_repeat";s:9:"no-repeat";}', ''),
(17, '', 'CorpsArticle', 'a:20:{s:11:"font_family";s:7:"inherit";s:5:"color";s:0:"";s:9:"font_size";s:0:"";s:11:"line_height";s:0:"";s:10:"text_align";s:0:"";s:16:"background_color";s:0:"";s:12:"border_style";s:4:"none";s:12:"border_color";s:0:"";s:12:"border_width";s:1:"0";s:15:"border_position";s:4:"full";s:10:"margin_top";s:0:"";s:12:"margin_right";s:0:"";s:13:"margin_bottom";s:0:"";s:11:"margin_left";s:0:"";s:11:"padding_top";s:0:"";s:13:"padding_right";s:0:"";s:14:"padding_bottom";s:0:"";s:12:"padding_left";s:0:"";s:16:"background_image";s:1:"0";s:17:"background_repeat";s:9:"no-repeat";}', ''),
(18, '', 'CorpsArticle', 'a:20:{s:11:"font_family";s:7:"inherit";s:5:"color";s:0:"";s:9:"font_size";s:0:"";s:11:"line_height";s:0:"";s:10:"text_align";s:0:"";s:16:"background_color";s:0:"";s:12:"border_style";s:4:"none";s:12:"border_color";s:0:"";s:12:"border_width";s:1:"0";s:15:"border_position";s:4:"full";s:10:"margin_top";s:0:"";s:12:"margin_right";s:0:"";s:13:"margin_bottom";s:0:"";s:11:"margin_left";s:0:"";s:11:"padding_top";s:0:"";s:13:"padding_right";s:0:"";s:14:"padding_bottom";s:0:"";s:12:"padding_left";s:0:"";s:16:"background_image";s:1:"0";s:17:"background_repeat";s:9:"no-repeat";}', ''),
(19, 'Email', '', 'a:20:{s:11:"font_family";s:7:"inherit";s:5:"color";s:0:"";s:9:"font_size";s:0:"";s:11:"line_height";s:0:"";s:10:"text_align";s:0:"";s:16:"background_color";s:0:"";s:12:"border_style";s:4:"none";s:12:"border_color";s:0:"";s:12:"border_width";s:1:"0";s:15:"border_position";s:4:"full";s:10:"margin_top";s:0:"";s:12:"margin_right";s:0:"";s:13:"margin_bottom";s:0:"";s:11:"margin_left";s:0:"";s:11:"padding_top";s:0:"";s:13:"padding_right";s:0:"";s:14:"padding_bottom";s:0:"";s:12:"padding_left";s:0:"";s:16:"background_image";s:1:"0";s:17:"background_repeat";s:9:"no-repeat";}', ''),
(20, 'Mail', '', 'a:20:{s:11:"font_family";s:7:"inherit";s:5:"color";s:0:"";s:9:"font_size";s:0:"";s:11:"line_height";s:0:"";s:10:"text_align";s:0:"";s:16:"background_color";s:0:"";s:12:"border_style";s:4:"none";s:12:"border_color";s:0:"";s:12:"border_width";s:1:"0";s:15:"border_position";s:4:"full";s:10:"margin_top";s:0:"";s:12:"margin_right";s:0:"";s:13:"margin_bottom";s:0:"";s:11:"margin_left";s:0:"";s:11:"padding_top";s:0:"";s:13:"padding_right";s:0:"";s:14:"padding_bottom";s:0:"";s:12:"padding_left";s:0:"";s:16:"background_image";s:1:"0";s:17:"background_repeat";s:9:"no-repeat";}', ''),
(21, 'Name', '', 'a:20:{s:11:"font_family";s:7:"inherit";s:5:"color";s:0:"";s:9:"font_size";s:0:"";s:11:"line_height";s:0:"";s:10:"text_align";s:0:"";s:16:"background_color";s:0:"";s:12:"border_style";s:4:"none";s:12:"border_color";s:0:"";s:12:"border_width";s:1:"0";s:15:"border_position";s:4:"full";s:10:"margin_top";s:0:"";s:12:"margin_right";s:0:"";s:13:"margin_bottom";s:0:"";s:11:"margin_left";s:0:"";s:11:"padding_top";s:0:"";s:13:"padding_right";s:0:"";s:14:"padding_bottom";s:0:"";s:12:"padding_left";s:0:"";s:16:"background_image";s:1:"0";s:17:"background_repeat";s:9:"no-repeat";}', ''),
(22, '', '', 'a:20:{s:11:"font_family";s:7:"inherit";s:5:"color";s:0:"";s:9:"font_size";s:0:"";s:11:"line_height";s:0:"";s:10:"text_align";s:0:"";s:16:"background_color";s:0:"";s:12:"border_style";s:4:"none";s:12:"border_color";s:0:"";s:12:"border_width";s:1:"0";s:15:"border_position";s:4:"full";s:10:"margin_top";s:0:"";s:12:"margin_right";s:0:"";s:13:"margin_bottom";s:0:"";s:11:"margin_left";s:0:"";s:11:"padding_top";s:0:"";s:13:"padding_right";s:0:"";s:14:"padding_bottom";s:0:"";s:12:"padding_left";s:0:"";s:16:"background_image";s:1:"0";s:17:"background_repeat";s:9:"no-repeat";}', ''),
(23, '', 'new-article', 'a:20:{s:11:"font_family";s:7:"inherit";s:5:"color";s:0:"";s:9:"font_size";s:0:"";s:11:"line_height";s:0:"";s:10:"text_align";s:0:"";s:16:"background_color";s:0:"";s:12:"border_style";s:4:"none";s:12:"border_color";s:0:"";s:12:"border_width";s:1:"0";s:15:"border_position";s:4:"full";s:10:"margin_top";s:0:"";s:12:"margin_right";s:0:"";s:13:"margin_bottom";s:0:"";s:11:"margin_left";s:0:"";s:11:"padding_top";s:0:"";s:13:"padding_right";s:0:"";s:14:"padding_bottom";s:0:"";s:12:"padding_left";s:0:"";s:16:"background_image";s:1:"0";s:17:"background_repeat";s:9:"no-repeat";}', ''),
(24, '', 'new-article', 'a:20:{s:11:"font_family";s:7:"inherit";s:5:"color";s:0:"";s:9:"font_size";s:0:"";s:11:"line_height";s:0:"";s:10:"text_align";s:0:"";s:16:"background_color";s:0:"";s:12:"border_style";s:4:"none";s:12:"border_color";s:0:"";s:12:"border_width";s:1:"0";s:15:"border_position";s:4:"full";s:10:"margin_top";s:0:"";s:12:"margin_right";s:0:"";s:13:"margin_bottom";s:0:"";s:11:"margin_left";s:0:"";s:11:"padding_top";s:0:"";s:13:"padding_right";s:0:"";s:14:"padding_bottom";s:0:"";s:12:"padding_left";s:0:"";s:16:"background_image";s:1:"0";s:17:"background_repeat";s:9:"no-repeat";}', ''),
(25, '', 'new-article', 'a:20:{s:11:"font_family";s:7:"inherit";s:5:"color";s:0:"";s:9:"font_size";s:0:"";s:11:"line_height";s:0:"";s:10:"text_align";s:0:"";s:16:"background_color";s:0:"";s:12:"border_style";s:4:"none";s:12:"border_color";s:0:"";s:12:"border_width";s:1:"0";s:15:"border_position";s:4:"full";s:10:"margin_top";s:0:"";s:12:"margin_right";s:0:"";s:13:"margin_bottom";s:0:"";s:11:"margin_left";s:0:"";s:11:"padding_top";s:0:"";s:13:"padding_right";s:0:"";s:14:"padding_bottom";s:0:"";s:12:"padding_left";s:0:"";s:16:"background_image";s:1:"0";s:17:"background_repeat";s:9:"no-repeat";}', ''),
(26, '', '', 'a:20:{s:11:"font_family";s:7:"inherit";s:5:"color";s:0:"";s:9:"font_size";s:0:"";s:11:"line_height";s:0:"";s:10:"text_align";s:0:"";s:16:"background_color";s:0:"";s:12:"border_style";s:4:"none";s:12:"border_color";s:0:"";s:12:"border_width";s:1:"0";s:15:"border_position";s:4:"full";s:10:"margin_top";s:0:"";s:12:"margin_right";s:0:"";s:13:"margin_bottom";s:2:"-5";s:11:"margin_left";s:0:"";s:11:"padding_top";s:0:"";s:13:"padding_right";s:0:"";s:14:"padding_bottom";s:0:"";s:12:"padding_left";s:0:"";s:16:"background_image";s:1:"0";s:17:"background_repeat";s:9:"no-repeat";}', ''),
(27, '', '', 'a:20:{s:11:"font_family";s:7:"inherit";s:5:"color";s:0:"";s:9:"font_size";s:0:"";s:11:"line_height";s:0:"";s:10:"text_align";s:0:"";s:16:"background_color";s:0:"";s:12:"border_style";s:4:"none";s:12:"border_color";s:0:"";s:12:"border_width";s:1:"0";s:15:"border_position";s:4:"full";s:10:"margin_top";s:0:"";s:12:"margin_right";s:0:"";s:13:"margin_bottom";s:2:"-8";s:11:"margin_left";s:0:"";s:11:"padding_top";s:0:"";s:13:"padding_right";s:0:"";s:14:"padding_bottom";s:0:"";s:12:"padding_left";s:0:"";s:16:"background_image";s:1:"0";s:17:"background_repeat";s:9:"no-repeat";}', ''),
(28, '', '', 'a:20:{s:11:"font_family";s:7:"inherit";s:5:"color";s:0:"";s:9:"font_size";s:0:"";s:11:"line_height";s:0:"";s:10:"text_align";s:0:"";s:16:"background_color";s:0:"";s:12:"border_style";s:4:"none";s:12:"border_color";s:0:"";s:12:"border_width";s:1:"0";s:15:"border_position";s:4:"full";s:10:"margin_top";s:0:"";s:12:"margin_right";s:0:"";s:13:"margin_bottom";s:2:"-8";s:11:"margin_left";s:0:"";s:11:"padding_top";s:0:"";s:13:"padding_right";s:0:"";s:14:"padding_bottom";s:0:"";s:12:"padding_left";s:0:"";s:16:"background_image";s:1:"0";s:17:"background_repeat";s:9:"no-repeat";}', ''),
(29, '', '', 'a:20:{s:11:"font_family";s:7:"inherit";s:5:"color";s:0:"";s:9:"font_size";s:0:"";s:11:"line_height";s:0:"";s:10:"text_align";s:0:"";s:16:"background_color";s:0:"";s:12:"border_style";s:4:"none";s:12:"border_color";s:0:"";s:12:"border_width";s:1:"0";s:15:"border_position";s:4:"full";s:10:"margin_top";s:0:"";s:12:"margin_right";s:0:"";s:13:"margin_bottom";s:2:"-8";s:11:"margin_left";s:0:"";s:11:"padding_top";s:0:"";s:13:"padding_right";s:0:"";s:14:"padding_bottom";s:0:"";s:12:"padding_left";s:0:"";s:16:"background_image";s:1:"0";s:17:"background_repeat";s:9:"no-repeat";}', ''),
(30, '', '', 'a:20:{s:11:"font_family";s:7:"inherit";s:5:"color";s:0:"";s:9:"font_size";s:0:"";s:11:"line_height";s:0:"";s:10:"text_align";s:4:"left";s:16:"background_color";s:0:"";s:12:"border_style";s:4:"none";s:12:"border_color";s:0:"";s:12:"border_width";s:1:"0";s:15:"border_position";s:4:"full";s:10:"margin_top";s:0:"";s:12:"margin_right";s:0:"";s:13:"margin_bottom";s:0:"";s:11:"margin_left";s:0:"";s:11:"padding_top";s:0:"";s:13:"padding_right";s:0:"";s:14:"padding_bottom";s:0:"";s:12:"padding_left";s:0:"";s:16:"background_image";s:1:"0";s:17:"background_repeat";s:9:"no-repeat";}', ''),
(31, 'SocialMedia', '', 'a:20:{s:11:"font_family";s:7:"inherit";s:5:"color";s:0:"";s:9:"font_size";s:0:"";s:11:"line_height";s:0:"";s:10:"text_align";s:4:"left";s:16:"background_color";s:0:"";s:12:"border_style";s:4:"none";s:12:"border_color";s:0:"";s:12:"border_width";s:1:"0";s:15:"border_position";s:4:"full";s:10:"margin_top";s:0:"";s:12:"margin_right";s:0:"";s:13:"margin_bottom";s:0:"";s:11:"margin_left";s:0:"";s:11:"padding_top";s:0:"";s:13:"padding_right";s:0:"";s:14:"padding_bottom";s:0:"";s:12:"padding_left";s:0:"";s:16:"background_image";s:1:"0";s:17:"background_repeat";s:9:"no-repeat";}', ''),
(32, 'SocialMedia', '', 'a:20:{s:11:"font_family";s:7:"inherit";s:5:"color";s:0:"";s:9:"font_size";s:0:"";s:11:"line_height";s:0:"";s:10:"text_align";s:0:"";s:16:"background_color";s:0:"";s:12:"border_style";s:4:"none";s:12:"border_color";s:0:"";s:12:"border_width";s:1:"0";s:15:"border_position";s:4:"full";s:10:"margin_top";s:0:"";s:12:"margin_right";s:0:"";s:13:"margin_bottom";s:0:"";s:11:"margin_left";s:0:"";s:11:"padding_top";s:0:"";s:13:"padding_right";s:0:"";s:14:"padding_bottom";s:0:"";s:12:"padding_left";s:0:"";s:16:"background_image";s:1:"0";s:17:"background_repeat";s:9:"no-repeat";}', ''),
(33, '', '', 'a:20:{s:11:"font_family";s:7:"inherit";s:5:"color";s:0:"";s:9:"font_size";s:0:"";s:11:"line_height";s:0:"";s:10:"text_align";s:6:"center";s:16:"background_color";s:0:"";s:12:"border_style";s:4:"none";s:12:"border_color";s:0:"";s:12:"border_width";s:1:"0";s:15:"border_position";s:4:"full";s:10:"margin_top";s:0:"";s:12:"margin_right";s:0:"";s:13:"margin_bottom";s:0:"";s:11:"margin_left";s:0:"";s:11:"padding_top";s:0:"";s:13:"padding_right";s:0:"";s:14:"padding_bottom";s:0:"";s:12:"padding_left";s:0:"";s:16:"background_image";s:1:"0";s:17:"background_repeat";s:9:"no-repeat";}', ''),
(34, 'banniere', '', 'a:20:{s:11:"font_family";s:7:"inherit";s:5:"color";s:0:"";s:9:"font_size";s:0:"";s:11:"line_height";s:0:"";s:10:"text_align";s:6:"center";s:16:"background_color";s:0:"";s:12:"border_style";s:4:"none";s:12:"border_color";s:0:"";s:12:"border_width";s:1:"0";s:15:"border_position";s:4:"full";s:10:"margin_top";s:0:"";s:12:"margin_right";s:0:"";s:13:"margin_bottom";s:0:"";s:11:"margin_left";s:0:"";s:11:"padding_top";s:0:"";s:13:"padding_right";s:0:"";s:14:"padding_bottom";s:0:"";s:12:"padding_left";s:0:"";s:16:"background_image";s:1:"0";s:17:"background_repeat";s:9:"no-repeat";}', ''),
(35, '', 'SousTitre', 'a:20:{s:11:"font_family";s:7:"inherit";s:5:"color";s:0:"";s:9:"font_size";s:0:"";s:11:"line_height";s:0:"";s:10:"text_align";s:0:"";s:16:"background_color";s:0:"";s:12:"border_style";s:4:"none";s:12:"border_color";s:0:"";s:12:"border_width";s:1:"0";s:15:"border_position";s:4:"full";s:10:"margin_top";s:0:"";s:12:"margin_right";s:0:"";s:13:"margin_bottom";s:0:"";s:11:"margin_left";s:0:"";s:11:"padding_top";s:0:"";s:13:"padding_right";s:0:"";s:14:"padding_bottom";s:0:"";s:12:"padding_left";s:0:"";s:16:"background_image";s:1:"0";s:17:"background_repeat";s:9:"no-repeat";}', ''),
(36, 'MonImage', '', 'a:20:{s:11:"font_family";s:7:"inherit";s:5:"color";s:0:"";s:9:"font_size";s:0:"";s:11:"line_height";s:0:"";s:10:"text_align";s:0:"";s:16:"background_color";s:0:"";s:12:"border_style";s:4:"none";s:12:"border_color";s:0:"";s:12:"border_width";s:1:"0";s:15:"border_position";s:4:"full";s:10:"margin_top";s:0:"";s:12:"margin_right";s:0:"";s:13:"margin_bottom";s:0:"";s:11:"margin_left";s:0:"";s:11:"padding_top";s:0:"";s:13:"padding_right";s:0:"";s:14:"padding_bottom";s:0:"";s:12:"padding_left";s:0:"";s:16:"background_image";s:1:"0";s:17:"background_repeat";s:9:"no-repeat";}', ''),
(37, '', 'CorpsArticle', 'a:20:{s:11:"font_family";s:7:"inherit";s:5:"color";s:0:"";s:9:"font_size";s:0:"";s:11:"line_height";s:0:"";s:10:"text_align";s:0:"";s:16:"background_color";s:0:"";s:12:"border_style";s:4:"none";s:12:"border_color";s:0:"";s:12:"border_width";s:1:"0";s:15:"border_position";s:4:"full";s:10:"margin_top";s:0:"";s:12:"margin_right";s:0:"";s:13:"margin_bottom";s:0:"";s:11:"margin_left";s:0:"";s:11:"padding_top";s:0:"";s:13:"padding_right";s:0:"";s:14:"padding_bottom";s:0:"";s:12:"padding_left";s:0:"";s:16:"background_image";s:1:"0";s:17:"background_repeat";s:9:"no-repeat";}', ''),
(38, '', 'CorpsArticle', 'a:20:{s:11:"font_family";s:7:"inherit";s:5:"color";s:0:"";s:9:"font_size";s:0:"";s:11:"line_height";s:0:"";s:10:"text_align";s:7:"justify";s:16:"background_color";s:0:"";s:12:"border_style";s:4:"none";s:12:"border_color";s:0:"";s:12:"border_width";s:1:"0";s:15:"border_position";s:4:"full";s:10:"margin_top";s:0:"";s:12:"margin_right";s:0:"";s:13:"margin_bottom";s:0:"";s:11:"margin_left";s:0:"";s:11:"padding_top";s:0:"";s:13:"padding_right";s:0:"";s:14:"padding_bottom";s:0:"";s:12:"padding_left";s:0:"";s:16:"background_image";s:1:"0";s:17:"background_repeat";s:9:"no-repeat";}', ''),
(39, '', 'CorpsArticle', 'a:20:{s:11:"font_family";s:7:"inherit";s:5:"color";s:0:"";s:9:"font_size";s:0:"";s:11:"line_height";s:0:"";s:10:"text_align";s:4:"left";s:16:"background_color";s:0:"";s:12:"border_style";s:4:"none";s:12:"border_color";s:0:"";s:12:"border_width";s:1:"0";s:15:"border_position";s:4:"full";s:10:"margin_top";s:0:"";s:12:"margin_right";s:0:"";s:13:"margin_bottom";s:0:"";s:11:"margin_left";s:0:"";s:11:"padding_top";s:0:"";s:13:"padding_right";s:0:"";s:14:"padding_bottom";s:0:"";s:12:"padding_left";s:0:"";s:16:"background_image";s:1:"0";s:17:"background_repeat";s:9:"no-repeat";}', ''),
(40, '', '', 'a:20:{s:11:"font_family";s:7:"inherit";s:5:"color";s:0:"";s:9:"font_size";s:0:"";s:11:"line_height";s:0:"";s:10:"text_align";s:4:"left";s:16:"background_color";s:0:"";s:12:"border_style";s:4:"none";s:12:"border_color";s:0:"";s:12:"border_width";s:1:"0";s:15:"border_position";s:4:"full";s:10:"margin_top";s:0:"";s:12:"margin_right";s:0:"";s:13:"margin_bottom";s:0:"";s:11:"margin_left";s:0:"";s:11:"padding_top";s:0:"";s:13:"padding_right";s:0:"";s:14:"padding_bottom";s:0:"";s:12:"padding_left";s:0:"";s:16:"background_image";s:1:"0";s:17:"background_repeat";s:9:"no-repeat";}', ''),
(41, '', 'CorpsArticle', 'a:20:{s:11:"font_family";s:7:"inherit";s:5:"color";s:0:"";s:9:"font_size";s:0:"";s:11:"line_height";s:0:"";s:10:"text_align";s:4:"left";s:16:"background_color";s:0:"";s:12:"border_style";s:4:"none";s:12:"border_color";s:0:"";s:12:"border_width";s:1:"0";s:15:"border_position";s:4:"full";s:10:"margin_top";s:0:"";s:12:"margin_right";s:0:"";s:13:"margin_bottom";s:0:"";s:11:"margin_left";s:0:"";s:11:"padding_top";s:0:"";s:13:"padding_right";s:0:"";s:14:"padding_bottom";s:0:"";s:12:"padding_left";s:0:"";s:16:"background_image";s:1:"0";s:17:"background_repeat";s:9:"no-repeat";}', ''),
(42, '', 'CorpsArticle', 'a:20:{s:11:"font_family";s:7:"inherit";s:5:"color";s:0:"";s:9:"font_size";s:0:"";s:11:"line_height";s:0:"";s:10:"text_align";s:0:"";s:16:"background_color";s:0:"";s:12:"border_style";s:4:"none";s:12:"border_color";s:0:"";s:12:"border_width";s:1:"0";s:15:"border_position";s:4:"full";s:10:"margin_top";s:0:"";s:12:"margin_right";s:0:"";s:13:"margin_bottom";s:0:"";s:11:"margin_left";s:0:"";s:11:"padding_top";s:0:"";s:13:"padding_right";s:0:"";s:14:"padding_bottom";s:0:"";s:12:"padding_left";s:0:"";s:16:"background_image";s:1:"0";s:17:"background_repeat";s:9:"no-repeat";}', ''),
(43, '', 'CorpsArticle', 'a:20:{s:11:"font_family";s:7:"inherit";s:5:"color";s:0:"";s:9:"font_size";s:0:"";s:11:"line_height";s:0:"";s:10:"text_align";s:0:"";s:16:"background_color";s:0:"";s:12:"border_style";s:4:"none";s:12:"border_color";s:0:"";s:12:"border_width";s:1:"0";s:15:"border_position";s:4:"full";s:10:"margin_top";s:0:"";s:12:"margin_right";s:0:"";s:13:"margin_bottom";s:0:"";s:11:"margin_left";s:0:"";s:11:"padding_top";s:0:"";s:13:"padding_right";s:0:"";s:14:"padding_bottom";s:0:"";s:12:"padding_left";s:0:"";s:16:"background_image";s:1:"0";s:17:"background_repeat";s:9:"no-repeat";}', ''),
(44, 'MonImage', '', 'a:20:{s:11:"font_family";s:7:"inherit";s:5:"color";s:0:"";s:9:"font_size";s:0:"";s:11:"line_height";s:0:"";s:10:"text_align";s:0:"";s:16:"background_color";s:0:"";s:12:"border_style";s:4:"none";s:12:"border_color";s:0:"";s:12:"border_width";s:1:"0";s:15:"border_position";s:4:"full";s:10:"margin_top";s:0:"";s:12:"margin_right";s:0:"";s:13:"margin_bottom";s:0:"";s:11:"margin_left";s:0:"";s:11:"padding_top";s:0:"";s:13:"padding_right";s:0:"";s:14:"padding_bottom";s:0:"";s:12:"padding_left";s:0:"";s:16:"background_image";s:1:"0";s:17:"background_repeat";s:9:"no-repeat";}', ''),
(45, 'MonImage', '', 'a:20:{s:11:"font_family";s:7:"inherit";s:5:"color";s:0:"";s:9:"font_size";s:0:"";s:11:"line_height";s:0:"";s:10:"text_align";s:0:"";s:16:"background_color";s:0:"";s:12:"border_style";s:4:"none";s:12:"border_color";s:0:"";s:12:"border_width";s:1:"0";s:15:"border_position";s:4:"full";s:10:"margin_top";s:0:"";s:12:"margin_right";s:0:"";s:13:"margin_bottom";s:0:"";s:11:"margin_left";s:0:"";s:11:"padding_top";s:0:"";s:13:"padding_right";s:0:"";s:14:"padding_bottom";s:0:"";s:12:"padding_left";s:0:"";s:16:"background_image";s:1:"0";s:17:"background_repeat";s:9:"no-repeat";}', ''),
(46, 'SousTitre', '', 'a:20:{s:11:"font_family";s:7:"inherit";s:5:"color";s:0:"";s:9:"font_size";s:0:"";s:11:"line_height";s:0:"";s:10:"text_align";s:0:"";s:16:"background_color";s:0:"";s:12:"border_style";s:4:"none";s:12:"border_color";s:0:"";s:12:"border_width";s:1:"0";s:15:"border_position";s:4:"full";s:10:"margin_top";s:0:"";s:12:"margin_right";s:0:"";s:13:"margin_bottom";s:0:"";s:11:"margin_left";s:0:"";s:11:"padding_top";s:0:"";s:13:"padding_right";s:0:"";s:14:"padding_bottom";s:0:"";s:12:"padding_left";s:0:"";s:16:"background_image";s:1:"0";s:17:"background_repeat";s:9:"no-repeat";}', ''),
(47, '', 'SousTitre', 'a:20:{s:11:"font_family";s:7:"inherit";s:5:"color";s:0:"";s:9:"font_size";s:0:"";s:11:"line_height";s:0:"";s:10:"text_align";s:0:"";s:16:"background_color";s:0:"";s:12:"border_style";s:4:"none";s:12:"border_color";s:0:"";s:12:"border_width";s:1:"0";s:15:"border_position";s:4:"full";s:10:"margin_top";s:0:"";s:12:"margin_right";s:0:"";s:13:"margin_bottom";s:0:"";s:11:"margin_left";s:0:"";s:11:"padding_top";s:0:"";s:13:"padding_right";s:0:"";s:14:"padding_bottom";s:0:"";s:12:"padding_left";s:0:"";s:16:"background_image";s:1:"0";s:17:"background_repeat";s:9:"no-repeat";}', ''),
(48, '', 'SousTitre', 'a:20:{s:11:"font_family";s:7:"inherit";s:5:"color";s:0:"";s:9:"font_size";s:0:"";s:11:"line_height";s:0:"";s:10:"text_align";s:0:"";s:16:"background_color";s:0:"";s:12:"border_style";s:4:"none";s:12:"border_color";s:0:"";s:12:"border_width";s:1:"0";s:15:"border_position";s:4:"full";s:10:"margin_top";s:0:"";s:12:"margin_right";s:0:"";s:13:"margin_bottom";s:0:"";s:11:"margin_left";s:0:"";s:11:"padding_top";s:0:"";s:13:"padding_right";s:0:"";s:14:"padding_bottom";s:0:"";s:12:"padding_left";s:0:"";s:16:"background_image";s:1:"0";s:17:"background_repeat";s:9:"no-repeat";}', ''),
(49, 'SocialMedia', '', 'a:20:{s:11:"font_family";s:7:"inherit";s:5:"color";s:0:"";s:9:"font_size";s:0:"";s:11:"line_height";s:0:"";s:10:"text_align";s:0:"";s:16:"background_color";s:0:"";s:12:"border_style";s:4:"none";s:12:"border_color";s:0:"";s:12:"border_width";s:1:"0";s:15:"border_position";s:4:"full";s:10:"margin_top";s:0:"";s:12:"margin_right";s:0:"";s:13:"margin_bottom";s:0:"";s:11:"margin_left";s:0:"";s:11:"padding_top";s:0:"";s:13:"padding_right";s:0:"";s:14:"padding_bottom";s:0:"";s:12:"padding_left";s:0:"";s:16:"background_image";s:1:"0";s:17:"background_repeat";s:9:"no-repeat";}', ''),
(50, '', '', 'a:20:{s:11:"font_family";s:7:"inherit";s:5:"color";s:0:"";s:9:"font_size";s:0:"";s:11:"line_height";s:0:"";s:10:"text_align";s:0:"";s:16:"background_color";s:0:"";s:12:"border_style";s:4:"none";s:12:"border_color";s:0:"";s:12:"border_width";s:1:"0";s:15:"border_position";s:4:"full";s:10:"margin_top";s:0:"";s:12:"margin_right";s:0:"";s:13:"margin_bottom";s:0:"";s:11:"margin_left";s:0:"";s:11:"padding_top";s:0:"";s:13:"padding_right";s:0:"";s:14:"padding_bottom";s:0:"";s:12:"padding_left";s:0:"";s:16:"background_image";s:1:"0";s:17:"background_repeat";s:9:"no-repeat";}', ''),
(51, 'Newsletter', '', 'a:20:{s:11:"font_family";s:7:"inherit";s:5:"color";s:0:"";s:9:"font_size";s:0:"";s:11:"line_height";s:0:"";s:10:"text_align";s:0:"";s:16:"background_color";s:0:"";s:12:"border_style";s:4:"none";s:12:"border_color";s:0:"";s:12:"border_width";s:1:"0";s:15:"border_position";s:4:"full";s:10:"margin_top";s:0:"";s:12:"margin_right";s:0:"";s:13:"margin_bottom";s:0:"";s:11:"margin_left";s:0:"";s:11:"padding_top";s:0:"";s:13:"padding_right";s:0:"";s:14:"padding_bottom";s:0:"";s:12:"padding_left";s:0:"";s:16:"background_image";s:1:"0";s:17:"background_repeat";s:9:"no-repeat";}', ''),
(52, '', 'CorpsArticle', 'a:20:{s:11:"font_family";s:7:"inherit";s:5:"color";s:0:"";s:9:"font_size";s:0:"";s:11:"line_height";s:0:"";s:10:"text_align";s:0:"";s:16:"background_color";s:0:"";s:12:"border_style";s:4:"none";s:12:"border_color";s:0:"";s:12:"border_width";s:1:"0";s:15:"border_position";s:4:"full";s:10:"margin_top";s:0:"";s:12:"margin_right";s:0:"";s:13:"margin_bottom";s:0:"";s:11:"margin_left";s:0:"";s:11:"padding_top";s:0:"";s:13:"padding_right";s:0:"";s:14:"padding_bottom";s:0:"";s:12:"padding_left";s:0:"";s:16:"background_image";s:1:"0";s:17:"background_repeat";s:9:"no-repeat";}', ''),
(53, 'Contact', '', 'a:20:{s:11:"font_family";s:7:"inherit";s:5:"color";s:0:"";s:9:"font_size";s:0:"";s:11:"line_height";s:0:"";s:10:"text_align";s:0:"";s:16:"background_color";s:0:"";s:12:"border_style";s:4:"none";s:12:"border_color";s:0:"";s:12:"border_width";s:1:"0";s:15:"border_position";s:4:"full";s:10:"margin_top";s:0:"";s:12:"margin_right";s:0:"";s:13:"margin_bottom";s:0:"";s:11:"margin_left";s:0:"";s:11:"padding_top";s:0:"";s:13:"padding_right";s:0:"";s:14:"padding_bottom";s:0:"";s:12:"padding_left";s:0:"";s:16:"background_image";s:1:"0";s:17:"background_repeat";s:9:"no-repeat";}', ''),
(54, '', '', 'a:20:{s:11:"font_family";s:7:"inherit";s:5:"color";s:0:"";s:9:"font_size";s:0:"";s:11:"line_height";s:0:"";s:10:"text_align";s:0:"";s:16:"background_color";s:0:"";s:12:"border_style";s:4:"none";s:12:"border_color";s:0:"";s:12:"border_width";s:1:"0";s:15:"border_position";s:4:"full";s:10:"margin_top";s:0:"";s:12:"margin_right";s:0:"";s:13:"margin_bottom";s:0:"";s:11:"margin_left";s:0:"";s:11:"padding_top";s:0:"";s:13:"padding_right";s:0:"";s:14:"padding_bottom";s:0:"";s:12:"padding_left";s:0:"";s:16:"background_image";s:1:"0";s:17:"background_repeat";s:9:"no-repeat";}', ''),
(55, '', '', 'a:20:{s:11:"font_family";s:7:"inherit";s:5:"color";s:0:"";s:9:"font_size";s:0:"";s:11:"line_height";s:0:"";s:10:"text_align";s:6:"center";s:16:"background_color";s:0:"";s:12:"border_style";s:4:"none";s:12:"border_color";s:0:"";s:12:"border_width";s:1:"0";s:15:"border_position";s:4:"full";s:10:"margin_top";s:0:"";s:12:"margin_right";s:0:"";s:13:"margin_bottom";s:0:"";s:11:"margin_left";s:0:"";s:11:"padding_top";s:0:"";s:13:"padding_right";s:0:"";s:14:"padding_bottom";s:0:"";s:12:"padding_left";s:0:"";s:16:"background_image";s:1:"0";s:17:"background_repeat";s:9:"no-repeat";}', ''),
(56, '', '', 'a:20:{s:11:"font_family";s:7:"inherit";s:5:"color";s:0:"";s:9:"font_size";s:0:"";s:11:"line_height";s:0:"";s:10:"text_align";s:5:"right";s:16:"background_color";s:0:"";s:12:"border_style";s:4:"none";s:12:"border_color";s:0:"";s:12:"border_width";s:1:"0";s:15:"border_position";s:4:"full";s:10:"margin_top";s:0:"";s:12:"margin_right";s:0:"";s:13:"margin_bottom";s:0:"";s:11:"margin_left";s:0:"";s:11:"padding_top";s:0:"";s:13:"padding_right";s:0:"";s:14:"padding_bottom";s:0:"";s:12:"padding_left";s:0:"";s:16:"background_image";s:1:"0";s:17:"background_repeat";s:9:"no-repeat";}', ''),
(57, '', '', 'a:20:{s:11:"font_family";s:7:"inherit";s:5:"color";s:0:"";s:9:"font_size";s:0:"";s:11:"line_height";s:0:"";s:10:"text_align";s:0:"";s:16:"background_color";s:0:"";s:12:"border_style";s:4:"none";s:12:"border_color";s:0:"";s:12:"border_width";s:1:"0";s:15:"border_position";s:4:"full";s:10:"margin_top";s:2:"15";s:12:"margin_right";s:0:"";s:13:"margin_bottom";s:0:"";s:11:"margin_left";s:0:"";s:11:"padding_top";s:0:"";s:13:"padding_right";s:0:"";s:14:"padding_bottom";s:0:"";s:12:"padding_left";s:0:"";s:16:"background_image";s:1:"0";s:17:"background_repeat";s:9:"no-repeat";}', ''),
(58, '', '', 'a:20:{s:11:"font_family";s:7:"inherit";s:5:"color";s:0:"";s:9:"font_size";s:0:"";s:11:"line_height";s:0:"";s:10:"text_align";s:6:"center";s:16:"background_color";s:0:"";s:12:"border_style";s:4:"none";s:12:"border_color";s:0:"";s:12:"border_width";s:1:"0";s:15:"border_position";s:4:"full";s:10:"margin_top";s:2:"15";s:12:"margin_right";s:0:"";s:13:"margin_bottom";s:0:"";s:11:"margin_left";s:0:"";s:11:"padding_top";s:0:"";s:13:"padding_right";s:0:"";s:14:"padding_bottom";s:0:"";s:12:"padding_left";s:0:"";s:16:"background_image";s:1:"0";s:17:"background_repeat";s:9:"no-repeat";}', ''),
(59, '', '', 'a:20:{s:11:"font_family";s:7:"inherit";s:5:"color";s:0:"";s:9:"font_size";s:0:"";s:11:"line_height";s:0:"";s:10:"text_align";s:5:"right";s:16:"background_color";s:0:"";s:12:"border_style";s:4:"none";s:12:"border_color";s:0:"";s:12:"border_width";s:1:"0";s:15:"border_position";s:4:"full";s:10:"margin_top";s:2:"15";s:12:"margin_right";s:0:"";s:13:"margin_bottom";s:0:"";s:11:"margin_left";s:0:"";s:11:"padding_top";s:0:"";s:13:"padding_right";s:0:"";s:14:"padding_bottom";s:0:"";s:12:"padding_left";s:0:"";s:16:"background_image";s:1:"0";s:17:"background_repeat";s:9:"no-repeat";}', ''),
(60, '', '', 'a:20:{s:11:"font_family";s:7:"inherit";s:5:"color";s:0:"";s:9:"font_size";s:0:"";s:11:"line_height";s:0:"";s:10:"text_align";s:4:"left";s:16:"background_color";s:0:"";s:12:"border_style";s:4:"none";s:12:"border_color";s:0:"";s:12:"border_width";s:1:"0";s:15:"border_position";s:4:"full";s:10:"margin_top";s:2:"15";s:12:"margin_right";s:0:"";s:13:"margin_bottom";s:0:"";s:11:"margin_left";s:0:"";s:11:"padding_top";s:0:"";s:13:"padding_right";s:0:"";s:14:"padding_bottom";s:0:"";s:12:"padding_left";s:0:"";s:16:"background_image";s:1:"0";s:17:"background_repeat";s:9:"no-repeat";}', ''),
(61, '', '', 'a:20:{s:11:"font_family";s:7:"inherit";s:5:"color";s:0:"";s:9:"font_size";s:0:"";s:11:"line_height";s:0:"";s:10:"text_align";s:4:"left";s:16:"background_color";s:0:"";s:12:"border_style";s:4:"none";s:12:"border_color";s:0:"";s:12:"border_width";s:1:"0";s:15:"border_position";s:4:"full";s:10:"margin_top";s:2:"15";s:12:"margin_right";s:0:"";s:13:"margin_bottom";s:2:"15";s:11:"margin_left";s:0:"";s:11:"padding_top";s:0:"";s:13:"padding_right";s:0:"";s:14:"padding_bottom";s:0:"";s:12:"padding_left";s:0:"";s:16:"background_image";s:1:"0";s:17:"background_repeat";s:9:"no-repeat";}', ''),
(62, '', '', 'a:20:{s:11:"font_family";s:7:"inherit";s:5:"color";s:0:"";s:9:"font_size";s:0:"";s:11:"line_height";s:0:"";s:10:"text_align";s:0:"";s:16:"background_color";s:0:"";s:12:"border_style";s:4:"none";s:12:"border_color";s:0:"";s:12:"border_width";s:1:"0";s:15:"border_position";s:4:"full";s:10:"margin_top";s:2:"15";s:12:"margin_right";s:0:"";s:13:"margin_bottom";s:2:"15";s:11:"margin_left";s:0:"";s:11:"padding_top";s:0:"";s:13:"padding_right";s:0:"";s:14:"padding_bottom";s:0:"";s:12:"padding_left";s:0:"";s:16:"background_image";s:1:"0";s:17:"background_repeat";s:9:"no-repeat";}', ''),
(63, '', '', 'a:20:{s:11:"font_family";s:7:"inherit";s:5:"color";s:0:"";s:9:"font_size";s:0:"";s:11:"line_height";s:0:"";s:10:"text_align";s:0:"";s:16:"background_color";s:0:"";s:12:"border_style";s:4:"none";s:12:"border_color";s:0:"";s:12:"border_width";s:1:"0";s:15:"border_position";s:4:"full";s:10:"margin_top";s:2:"15";s:12:"margin_right";s:0:"";s:13:"margin_bottom";s:2:"15";s:11:"margin_left";s:0:"";s:11:"padding_top";s:0:"";s:13:"padding_right";s:0:"";s:14:"padding_bottom";s:0:"";s:12:"padding_left";s:0:"";s:16:"background_image";s:1:"0";s:17:"background_repeat";s:9:"no-repeat";}', ''),
(64, '', '', 'a:20:{s:11:"font_family";s:7:"inherit";s:5:"color";s:0:"";s:9:"font_size";s:0:"";s:11:"line_height";s:0:"";s:10:"text_align";s:4:"left";s:16:"background_color";s:0:"";s:12:"border_style";s:6:"dotted";s:12:"border_color";s:0:"";s:12:"border_width";s:1:"1";s:15:"border_position";s:6:"bottom";s:10:"margin_top";s:2:"15";s:12:"margin_right";s:0:"";s:13:"margin_bottom";s:2:"15";s:11:"margin_left";s:0:"";s:11:"padding_top";s:0:"";s:13:"padding_right";s:0:"";s:14:"padding_bottom";s:0:"";s:12:"padding_left";s:0:"";s:16:"background_image";s:1:"0";s:17:"background_repeat";s:9:"no-repeat";}', ''),
(65, '', '', 'a:20:{s:11:"font_family";s:7:"inherit";s:5:"color";s:0:"";s:9:"font_size";s:0:"";s:11:"line_height";s:0:"";s:10:"text_align";s:4:"left";s:16:"background_color";s:0:"";s:12:"border_style";s:6:"dotted";s:12:"border_color";s:0:"";s:12:"border_width";s:1:"0";s:15:"border_position";s:4:"full";s:10:"margin_top";s:2:"15";s:12:"margin_right";s:0:"";s:13:"margin_bottom";s:2:"15";s:11:"margin_left";s:0:"";s:11:"padding_top";s:0:"";s:13:"padding_right";s:0:"";s:14:"padding_bottom";s:0:"";s:12:"padding_left";s:0:"";s:16:"background_image";s:1:"0";s:17:"background_repeat";s:9:"no-repeat";}', ''),
(66, '', '', 'a:20:{s:11:"font_family";s:7:"inherit";s:5:"color";s:0:"";s:9:"font_size";s:0:"";s:11:"line_height";s:0:"";s:10:"text_align";s:4:"left";s:16:"background_color";s:0:"";s:12:"border_style";s:6:"dotted";s:12:"border_color";s:0:"";s:12:"border_width";s:1:"0";s:15:"border_position";s:4:"full";s:10:"margin_top";s:2:"15";s:12:"margin_right";s:0:"";s:13:"margin_bottom";s:2:"15";s:11:"margin_left";s:0:"";s:11:"padding_top";s:0:"";s:13:"padding_right";s:0:"";s:14:"padding_bottom";s:1:"5";s:12:"padding_left";s:0:"";s:16:"background_image";s:1:"0";s:17:"background_repeat";s:9:"no-repeat";}', ''),
(67, '', '', 'a:20:{s:11:"font_family";s:7:"inherit";s:5:"color";s:0:"";s:9:"font_size";s:0:"";s:11:"line_height";s:0:"";s:10:"text_align";s:0:"";s:16:"background_color";s:0:"";s:12:"border_style";s:4:"none";s:12:"border_color";s:0:"";s:12:"border_width";s:1:"0";s:15:"border_position";s:4:"full";s:10:"margin_top";s:2:"15";s:12:"margin_right";s:0:"";s:13:"margin_bottom";s:2:"15";s:11:"margin_left";s:0:"";s:11:"padding_top";s:0:"";s:13:"padding_right";s:0:"";s:14:"padding_bottom";s:1:"5";s:12:"padding_left";s:0:"";s:16:"background_image";s:1:"0";s:17:"background_repeat";s:9:"no-repeat";}', ''),
(68, '', '', 'a:20:{s:11:"font_family";s:7:"inherit";s:5:"color";s:0:"";s:9:"font_size";s:0:"";s:11:"line_height";s:0:"";s:10:"text_align";s:0:"";s:16:"background_color";s:0:"";s:12:"border_style";s:4:"none";s:12:"border_color";s:0:"";s:12:"border_width";s:1:"0";s:15:"border_position";s:4:"full";s:10:"margin_top";s:2:"15";s:12:"margin_right";s:0:"";s:13:"margin_bottom";s:2:"15";s:11:"margin_left";s:0:"";s:11:"padding_top";s:0:"";s:13:"padding_right";s:0:"";s:14:"padding_bottom";s:1:"5";s:12:"padding_left";s:0:"";s:16:"background_image";s:1:"0";s:17:"background_repeat";s:9:"no-repeat";}', ''),
(69, '', '', 'a:20:{s:11:"font_family";s:7:"inherit";s:5:"color";s:0:"";s:9:"font_size";s:0:"";s:11:"line_height";s:0:"";s:10:"text_align";s:4:"left";s:16:"background_color";s:0:"";s:12:"border_style";s:6:"dotted";s:12:"border_color";s:0:"";s:12:"border_width";s:1:"0";s:15:"border_position";s:4:"full";s:10:"margin_top";s:2:"15";s:12:"margin_right";s:0:"";s:13:"margin_bottom";s:2:"15";s:11:"margin_left";s:0:"";s:11:"padding_top";s:0:"";s:13:"padding_right";s:0:"";s:14:"padding_bottom";s:2:"10";s:12:"padding_left";s:0:"";s:16:"background_image";s:1:"0";s:17:"background_repeat";s:9:"no-repeat";}', ''),
(70, '', '', 'a:20:{s:11:"font_family";s:7:"inherit";s:5:"color";s:0:"";s:9:"font_size";s:0:"";s:11:"line_height";s:0:"";s:10:"text_align";s:0:"";s:16:"background_color";s:0:"";s:12:"border_style";s:4:"none";s:12:"border_color";s:0:"";s:12:"border_width";s:1:"0";s:15:"border_position";s:4:"full";s:10:"margin_top";s:2:"15";s:12:"margin_right";s:0:"";s:13:"margin_bottom";s:2:"15";s:11:"margin_left";s:0:"";s:11:"padding_top";s:0:"";s:13:"padding_right";s:0:"";s:14:"padding_bottom";s:2:"10";s:12:"padding_left";s:0:"";s:16:"background_image";s:1:"0";s:17:"background_repeat";s:9:"no-repeat";}', ''),
(71, '', '', 'a:20:{s:11:"font_family";s:7:"inherit";s:5:"color";s:0:"";s:9:"font_size";s:0:"";s:11:"line_height";s:0:"";s:10:"text_align";s:0:"";s:16:"background_color";s:0:"";s:12:"border_style";s:4:"none";s:12:"border_color";s:0:"";s:12:"border_width";s:1:"0";s:15:"border_position";s:4:"full";s:10:"margin_top";s:2:"15";s:12:"margin_right";s:0:"";s:13:"margin_bottom";s:2:"15";s:11:"margin_left";s:0:"";s:11:"padding_top";s:0:"";s:13:"padding_right";s:0:"";s:14:"padding_bottom";s:2:"10";s:12:"padding_left";s:0:"";s:16:"background_image";s:1:"0";s:17:"background_repeat";s:9:"no-repeat";}', ''),
(72, '', '', 'a:20:{s:11:"font_family";s:7:"inherit";s:5:"color";s:0:"";s:9:"font_size";s:0:"";s:11:"line_height";s:0:"";s:10:"text_align";s:4:"left";s:16:"background_color";s:0:"";s:12:"border_style";s:6:"dotted";s:12:"border_color";s:0:"";s:12:"border_width";s:1:"0";s:15:"border_position";s:4:"full";s:10:"margin_top";s:2:"15";s:12:"margin_right";s:0:"";s:13:"margin_bottom";s:2:"15";s:11:"margin_left";s:0:"";s:11:"padding_top";s:0:"";s:13:"padding_right";s:0:"";s:14:"padding_bottom";s:2:"15";s:12:"padding_left";s:0:"";s:16:"background_image";s:1:"0";s:17:"background_repeat";s:9:"no-repeat";}', ''),
(73, '', '', 'a:20:{s:11:"font_family";s:7:"inherit";s:5:"color";s:0:"";s:9:"font_size";s:0:"";s:11:"line_height";s:0:"";s:10:"text_align";s:0:"";s:16:"background_color";s:0:"";s:12:"border_style";s:4:"none";s:12:"border_color";s:0:"";s:12:"border_width";s:1:"0";s:15:"border_position";s:4:"full";s:10:"margin_top";s:2:"15";s:12:"margin_right";s:0:"";s:13:"margin_bottom";s:2:"15";s:11:"margin_left";s:0:"";s:11:"padding_top";s:0:"";s:13:"padding_right";s:0:"";s:14:"padding_bottom";s:2:"15";s:12:"padding_left";s:0:"";s:16:"background_image";s:1:"0";s:17:"background_repeat";s:9:"no-repeat";}', ''),
(74, '', '', 'a:20:{s:11:"font_family";s:7:"inherit";s:5:"color";s:0:"";s:9:"font_size";s:0:"";s:11:"line_height";s:0:"";s:10:"text_align";s:0:"";s:16:"background_color";s:0:"";s:12:"border_style";s:4:"none";s:12:"border_color";s:0:"";s:12:"border_width";s:1:"0";s:15:"border_position";s:4:"full";s:10:"margin_top";s:2:"15";s:12:"margin_right";s:0:"";s:13:"margin_bottom";s:2:"15";s:11:"margin_left";s:0:"";s:11:"padding_top";s:0:"";s:13:"padding_right";s:0:"";s:14:"padding_bottom";s:2:"15";s:12:"padding_left";s:0:"";s:16:"background_image";s:1:"0";s:17:"background_repeat";s:9:"no-repeat";}', ''),
(75, '', 'SousMenu', 'a:20:{s:11:"font_family";s:7:"inherit";s:5:"color";s:0:"";s:9:"font_size";s:0:"";s:11:"line_height";s:0:"";s:10:"text_align";s:0:"";s:16:"background_color";s:0:"";s:12:"border_style";s:4:"none";s:12:"border_color";s:0:"";s:12:"border_width";s:1:"0";s:15:"border_position";s:4:"full";s:10:"margin_top";s:0:"";s:12:"margin_right";s:0:"";s:13:"margin_bottom";s:0:"";s:11:"margin_left";s:0:"";s:11:"padding_top";s:0:"";s:13:"padding_right";s:0:"";s:14:"padding_bottom";s:0:"";s:12:"padding_left";s:0:"";s:16:"background_image";s:1:"0";s:17:"background_repeat";s:9:"no-repeat";}', ''),
(76, '', '', 'a:20:{s:11:"font_family";s:7:"inherit";s:5:"color";s:0:"";s:9:"font_size";s:0:"";s:11:"line_height";s:0:"";s:10:"text_align";s:0:"";s:16:"background_color";s:0:"";s:12:"border_style";s:4:"none";s:12:"border_color";s:0:"";s:12:"border_width";s:1:"0";s:15:"border_position";s:4:"full";s:10:"margin_top";s:0:"";s:12:"margin_right";s:0:"";s:13:"margin_bottom";s:0:"";s:11:"margin_left";s:0:"";s:11:"padding_top";s:0:"";s:13:"padding_right";s:0:"";s:14:"padding_bottom";s:0:"";s:12:"padding_left";s:0:"";s:16:"background_image";s:1:"0";s:17:"background_repeat";s:9:"no-repeat";}', '#navlist li { display: inline; list-style-type: none; padding-right: 20px; } '),
(77, 'navlist', '', 'a:20:{s:11:"font_family";s:7:"inherit";s:5:"color";s:0:"";s:9:"font_size";s:0:"";s:11:"line_height";s:0:"";s:10:"text_align";s:0:"";s:16:"background_color";s:0:"";s:12:"border_style";s:4:"none";s:12:"border_color";s:0:"";s:12:"border_width";s:1:"0";s:15:"border_position";s:4:"full";s:10:"margin_top";s:0:"";s:12:"margin_right";s:0:"";s:13:"margin_bottom";s:0:"";s:11:"margin_left";s:0:"";s:11:"padding_top";s:0:"";s:13:"padding_right";s:0:"";s:14:"padding_bottom";s:0:"";s:12:"padding_left";s:0:"";s:16:"background_image";s:1:"0";s:17:"background_repeat";s:9:"no-repeat";}', '#navlist li { display: inline; list-style-type: none; padding-right: 20px; } '),
(78, '', '', 'a:20:{s:11:"font_family";s:7:"inherit";s:5:"color";s:0:"";s:9:"font_size";s:0:"";s:11:"line_height";s:0:"";s:10:"text_align";s:0:"";s:16:"background_color";s:0:"";s:12:"border_style";s:4:"none";s:12:"border_color";s:0:"";s:12:"border_width";s:1:"0";s:15:"border_position";s:4:"full";s:10:"margin_top";s:0:"";s:12:"margin_right";s:0:"";s:13:"margin_bottom";s:0:"";s:11:"margin_left";s:0:"";s:11:"padding_top";s:0:"";s:13:"padding_right";s:0:"";s:14:"padding_bottom";s:0:"";s:12:"padding_left";s:0:"";s:16:"background_image";s:1:"0";s:17:"background_repeat";s:9:"no-repeat";}', 'display: inline; list-style-type: none; padding-right: 20px;'),
(79, 'navmanu', '', 'a:20:{s:11:"font_family";s:7:"inherit";s:5:"color";s:0:"";s:9:"font_size";s:0:"";s:11:"line_height";s:0:"";s:10:"text_align";s:0:"";s:16:"background_color";s:0:"";s:12:"border_style";s:4:"none";s:12:"border_color";s:0:"";s:12:"border_width";s:1:"0";s:15:"border_position";s:4:"full";s:10:"margin_top";s:0:"";s:12:"margin_right";s:0:"";s:13:"margin_bottom";s:0:"";s:11:"margin_left";s:0:"";s:11:"padding_top";s:0:"";s:13:"padding_right";s:0:"";s:14:"padding_bottom";s:0:"";s:12:"padding_left";s:0:"";s:16:"background_image";s:1:"0";s:17:"background_repeat";s:9:"no-repeat";}', '#navmenu{\r\ndisplay: inline; \r\nlist-style-type: none; \r\npadding-right: 20px;\r\n}'),
(80, 'navmanu', '', 'a:20:{s:11:"font_family";s:7:"inherit";s:5:"color";s:0:"";s:9:"font_size";s:0:"";s:11:"line_height";s:0:"";s:10:"text_align";s:0:"";s:16:"background_color";s:0:"";s:12:"border_style";s:4:"none";s:12:"border_color";s:0:"";s:12:"border_width";s:1:"0";s:15:"border_position";s:4:"full";s:10:"margin_top";s:0:"";s:12:"margin_right";s:3:"150";s:13:"margin_bottom";s:0:"";s:11:"margin_left";s:0:"";s:11:"padding_top";s:0:"";s:13:"padding_right";s:0:"";s:14:"padding_bottom";s:0:"";s:12:"padding_left";s:0:"";s:16:"background_image";s:1:"0";s:17:"background_repeat";s:9:"no-repeat";}', '#navmenu{\r\ndisplay: inline; \r\nlist-style-type: none; \r\npadding-right: 20px;\r\n}'),
(81, 'navmanu', '', 'a:20:{s:11:"font_family";s:7:"inherit";s:5:"color";s:0:"";s:9:"font_size";s:0:"";s:11:"line_height";s:0:"";s:10:"text_align";s:0:"";s:16:"background_color";s:0:"";s:12:"border_style";s:4:"none";s:12:"border_color";s:0:"";s:12:"border_width";s:1:"0";s:15:"border_position";s:4:"full";s:10:"margin_top";s:0:"";s:12:"margin_right";s:0:"";s:13:"margin_bottom";s:0:"";s:11:"margin_left";s:3:"150";s:11:"padding_top";s:0:"";s:13:"padding_right";s:0:"";s:14:"padding_bottom";s:0:"";s:12:"padding_left";s:0:"";s:16:"background_image";s:1:"0";s:17:"background_repeat";s:9:"no-repeat";}', '#navmenu{\r\ndisplay: inline; \r\nlist-style-type: none; \r\npadding-right: 20px;\r\n}'),
(82, 'navmanu', '', 'a:20:{s:11:"font_family";s:7:"inherit";s:5:"color";s:0:"";s:9:"font_size";s:0:"";s:11:"line_height";s:0:"";s:10:"text_align";s:0:"";s:16:"background_color";s:0:"";s:12:"border_style";s:4:"none";s:12:"border_color";s:0:"";s:12:"border_width";s:1:"0";s:15:"border_position";s:4:"full";s:10:"margin_top";s:0:"";s:12:"margin_right";s:0:"";s:13:"margin_bottom";s:0:"";s:11:"margin_left";s:3:"250";s:11:"padding_top";s:0:"";s:13:"padding_right";s:0:"";s:14:"padding_bottom";s:0:"";s:12:"padding_left";s:0:"";s:16:"background_image";s:1:"0";s:17:"background_repeat";s:9:"no-repeat";}', '#navmenu{\r\ndisplay: inline; \r\nlist-style-type: none; \r\npadding-right: 20px;\r\n}');
INSERT INTO `CustomStyleRules` (`csrID`, `css_id`, `css_class`, `css_serialized`, `css_custom`) VALUES
(83, 'navmanu', '', 'a:20:{s:11:"font_family";s:7:"inherit";s:5:"color";s:0:"";s:9:"font_size";s:0:"";s:11:"line_height";s:0:"";s:10:"text_align";s:0:"";s:16:"background_color";s:0:"";s:12:"border_style";s:4:"none";s:12:"border_color";s:0:"";s:12:"border_width";s:1:"0";s:15:"border_position";s:4:"full";s:10:"margin_top";s:0:"";s:12:"margin_right";s:0:"";s:13:"margin_bottom";s:0:"";s:11:"margin_left";s:3:"300";s:11:"padding_top";s:0:"";s:13:"padding_right";s:0:"";s:14:"padding_bottom";s:0:"";s:12:"padding_left";s:0:"";s:16:"background_image";s:1:"0";s:17:"background_repeat";s:9:"no-repeat";}', '#navmenu{\r\ndisplay: inline; \r\nlist-style-type: none; \r\npadding-right: 20px;\r\n}'),
(84, 'navmanu', '', 'a:20:{s:11:"font_family";s:7:"inherit";s:5:"color";s:0:"";s:9:"font_size";s:0:"";s:11:"line_height";s:0:"";s:10:"text_align";s:0:"";s:16:"background_color";s:0:"";s:12:"border_style";s:4:"none";s:12:"border_color";s:0:"";s:12:"border_width";s:1:"0";s:15:"border_position";s:4:"full";s:10:"margin_top";s:0:"";s:12:"margin_right";s:0:"";s:13:"margin_bottom";s:0:"";s:11:"margin_left";s:0:"";s:11:"padding_top";s:0:"";s:13:"padding_right";s:0:"";s:14:"padding_bottom";s:0:"";s:12:"padding_left";s:0:"";s:16:"background_image";s:1:"0";s:17:"background_repeat";s:9:"no-repeat";}', '#navmenu{\r\ndisplay: inline; \r\nlist-style-type: none; \r\npadding-right: 20px;\r\n}'),
(85, 'menu', '', 'a:20:{s:11:"font_family";s:7:"inherit";s:5:"color";s:0:"";s:9:"font_size";s:0:"";s:11:"line_height";s:0:"";s:10:"text_align";s:0:"";s:16:"background_color";s:0:"";s:12:"border_style";s:4:"none";s:12:"border_color";s:0:"";s:12:"border_width";s:1:"0";s:15:"border_position";s:4:"full";s:10:"margin_top";s:0:"";s:12:"margin_right";s:0:"";s:13:"margin_bottom";s:0:"";s:11:"margin_left";s:0:"";s:11:"padding_top";s:0:"";s:13:"padding_right";s:0:"";s:14:"padding_bottom";s:0:"";s:12:"padding_left";s:0:"";s:16:"background_image";s:1:"0";s:17:"background_repeat";s:9:"no-repeat";}', '#navmenu{\r\ndisplay: inline; \r\nlist-style-type: none; \r\npadding-right: 20px;\r\n}'),
(86, 'menu', '', 'a:20:{s:11:"font_family";s:7:"inherit";s:5:"color";s:0:"";s:9:"font_size";s:0:"";s:11:"line_height";s:0:"";s:10:"text_align";s:0:"";s:16:"background_color";s:0:"";s:12:"border_style";s:4:"none";s:12:"border_color";s:0:"";s:12:"border_width";s:1:"0";s:15:"border_position";s:4:"full";s:10:"margin_top";s:0:"";s:12:"margin_right";s:0:"";s:13:"margin_bottom";s:0:"";s:11:"margin_left";s:0:"";s:11:"padding_top";s:0:"";s:13:"padding_right";s:0:"";s:14:"padding_bottom";s:0:"";s:12:"padding_left";s:0:"";s:16:"background_image";s:1:"0";s:17:"background_repeat";s:9:"no-repeat";}', ''),
(87, 'menu', '', 'a:20:{s:11:"font_family";s:7:"inherit";s:5:"color";s:0:"";s:9:"font_size";s:2:"16";s:11:"line_height";s:0:"";s:10:"text_align";s:0:"";s:16:"background_color";s:0:"";s:12:"border_style";s:4:"none";s:12:"border_color";s:0:"";s:12:"border_width";s:1:"0";s:15:"border_position";s:4:"full";s:10:"margin_top";s:0:"";s:12:"margin_right";s:0:"";s:13:"margin_bottom";s:0:"";s:11:"margin_left";s:0:"";s:11:"padding_top";s:0:"";s:13:"padding_right";s:0:"";s:14:"padding_bottom";s:0:"";s:12:"padding_left";s:0:"";s:16:"background_image";s:1:"0";s:17:"background_repeat";s:9:"no-repeat";}', ''),
(88, 'menu', '', 'a:20:{s:11:"font_family";s:7:"inherit";s:5:"color";s:0:"";s:9:"font_size";s:2:"20";s:11:"line_height";s:0:"";s:10:"text_align";s:0:"";s:16:"background_color";s:0:"";s:12:"border_style";s:4:"none";s:12:"border_color";s:0:"";s:12:"border_width";s:1:"0";s:15:"border_position";s:4:"full";s:10:"margin_top";s:0:"";s:12:"margin_right";s:0:"";s:13:"margin_bottom";s:0:"";s:11:"margin_left";s:0:"";s:11:"padding_top";s:0:"";s:13:"padding_right";s:0:"";s:14:"padding_bottom";s:0:"";s:12:"padding_left";s:0:"";s:16:"background_image";s:1:"0";s:17:"background_repeat";s:9:"no-repeat";}', ''),
(89, 'menu', '', 'a:20:{s:11:"font_family";s:7:"inherit";s:5:"color";s:0:"";s:9:"font_size";s:2:"26";s:11:"line_height";s:0:"";s:10:"text_align";s:0:"";s:16:"background_color";s:0:"";s:12:"border_style";s:4:"none";s:12:"border_color";s:0:"";s:12:"border_width";s:1:"0";s:15:"border_position";s:4:"full";s:10:"margin_top";s:0:"";s:12:"margin_right";s:0:"";s:13:"margin_bottom";s:0:"";s:11:"margin_left";s:0:"";s:11:"padding_top";s:0:"";s:13:"padding_right";s:0:"";s:14:"padding_bottom";s:0:"";s:12:"padding_left";s:0:"";s:16:"background_image";s:1:"0";s:17:"background_repeat";s:9:"no-repeat";}', ''),
(90, 'menu', '', 'a:20:{s:11:"font_family";s:7:"inherit";s:5:"color";s:0:"";s:9:"font_size";s:2:"26";s:11:"line_height";s:0:"";s:10:"text_align";s:0:"";s:16:"background_color";s:0:"";s:12:"border_style";s:4:"none";s:12:"border_color";s:0:"";s:12:"border_width";s:1:"0";s:15:"border_position";s:4:"full";s:10:"margin_top";s:0:"";s:12:"margin_right";s:0:"";s:13:"margin_bottom";s:0:"";s:11:"margin_left";s:0:"";s:11:"padding_top";s:0:"";s:13:"padding_right";s:0:"";s:14:"padding_bottom";s:0:"";s:12:"padding_left";s:0:"";s:16:"background_image";s:1:"0";s:17:"background_repeat";s:9:"no-repeat";}', ''),
(91, 'menu', '', 'a:20:{s:11:"font_family";s:7:"inherit";s:5:"color";s:0:"";s:9:"font_size";s:2:"26";s:11:"line_height";s:0:"";s:10:"text_align";s:0:"";s:16:"background_color";s:0:"";s:12:"border_style";s:4:"none";s:12:"border_color";s:0:"";s:12:"border_width";s:1:"0";s:15:"border_position";s:4:"full";s:10:"margin_top";s:0:"";s:12:"margin_right";s:0:"";s:13:"margin_bottom";s:0:"";s:11:"margin_left";s:0:"";s:11:"padding_top";s:0:"";s:13:"padding_right";s:0:"";s:14:"padding_bottom";s:0:"";s:12:"padding_left";s:0:"";s:16:"background_image";s:1:"0";s:17:"background_repeat";s:9:"no-repeat";}', ''),
(92, 'menu', '', 'a:20:{s:11:"font_family";s:7:"inherit";s:5:"color";s:0:"";s:9:"font_size";s:2:"26";s:11:"line_height";s:0:"";s:10:"text_align";s:0:"";s:16:"background_color";s:0:"";s:12:"border_style";s:4:"none";s:12:"border_color";s:0:"";s:12:"border_width";s:1:"0";s:15:"border_position";s:4:"full";s:10:"margin_top";s:0:"";s:12:"margin_right";s:0:"";s:13:"margin_bottom";s:0:"";s:11:"margin_left";s:0:"";s:11:"padding_top";s:0:"";s:13:"padding_right";s:0:"";s:14:"padding_bottom";s:0:"";s:12:"padding_left";s:0:"";s:16:"background_image";s:1:"0";s:17:"background_repeat";s:9:"no-repeat";}', ''),
(93, 'menu', '', 'a:20:{s:11:"font_family";s:7:"inherit";s:5:"color";s:0:"";s:9:"font_size";s:2:"26";s:11:"line_height";s:0:"";s:10:"text_align";s:0:"";s:16:"background_color";s:0:"";s:12:"border_style";s:4:"none";s:12:"border_color";s:0:"";s:12:"border_width";s:1:"0";s:15:"border_position";s:4:"full";s:10:"margin_top";s:0:"";s:12:"margin_right";s:0:"";s:13:"margin_bottom";s:0:"";s:11:"margin_left";s:0:"";s:11:"padding_top";s:0:"";s:13:"padding_right";s:0:"";s:14:"padding_bottom";s:0:"";s:12:"padding_left";s:0:"";s:16:"background_image";s:1:"0";s:17:"background_repeat";s:9:"no-repeat";}', ''),
(94, '', '', 'a:20:{s:11:"font_family";s:7:"inherit";s:5:"color";s:0:"";s:9:"font_size";s:0:"";s:11:"line_height";s:0:"";s:10:"text_align";s:6:"center";s:16:"background_color";s:0:"";s:12:"border_style";s:4:"none";s:12:"border_color";s:0:"";s:12:"border_width";s:1:"0";s:15:"border_position";s:4:"full";s:10:"margin_top";s:0:"";s:12:"margin_right";s:0:"";s:13:"margin_bottom";s:0:"";s:11:"margin_left";s:0:"";s:11:"padding_top";s:0:"";s:13:"padding_right";s:0:"";s:14:"padding_bottom";s:0:"";s:12:"padding_left";s:0:"";s:16:"background_image";s:1:"0";s:17:"background_repeat";s:9:"no-repeat";}', ''),
(95, '', '', 'a:20:{s:11:"font_family";s:7:"inherit";s:5:"color";s:0:"";s:9:"font_size";s:0:"";s:11:"line_height";s:0:"";s:10:"text_align";s:6:"center";s:16:"background_color";s:0:"";s:12:"border_style";s:4:"none";s:12:"border_color";s:0:"";s:12:"border_width";s:1:"0";s:15:"border_position";s:4:"full";s:10:"margin_top";s:0:"";s:12:"margin_right";s:0:"";s:13:"margin_bottom";s:0:"";s:11:"margin_left";s:3:"200";s:11:"padding_top";s:0:"";s:13:"padding_right";s:0:"";s:14:"padding_bottom";s:0:"";s:12:"padding_left";s:0:"";s:16:"background_image";s:1:"0";s:17:"background_repeat";s:9:"no-repeat";}', ''),
(96, '', '', 'a:20:{s:11:"font_family";s:7:"inherit";s:5:"color";s:0:"";s:9:"font_size";s:0:"";s:11:"line_height";s:0:"";s:10:"text_align";s:6:"center";s:16:"background_color";s:0:"";s:12:"border_style";s:4:"none";s:12:"border_color";s:0:"";s:12:"border_width";s:1:"0";s:15:"border_position";s:4:"full";s:10:"margin_top";s:0:"";s:12:"margin_right";s:0:"";s:13:"margin_bottom";s:0:"";s:11:"margin_left";s:3:"300";s:11:"padding_top";s:0:"";s:13:"padding_right";s:0:"";s:14:"padding_bottom";s:0:"";s:12:"padding_left";s:0:"";s:16:"background_image";s:1:"0";s:17:"background_repeat";s:9:"no-repeat";}', ''),
(97, '', '', 'a:20:{s:11:"font_family";s:7:"inherit";s:5:"color";s:0:"";s:9:"font_size";s:0:"";s:11:"line_height";s:0:"";s:10:"text_align";s:6:"center";s:16:"background_color";s:0:"";s:12:"border_style";s:4:"none";s:12:"border_color";s:0:"";s:12:"border_width";s:1:"0";s:15:"border_position";s:4:"full";s:10:"margin_top";s:0:"";s:12:"margin_right";s:0:"";s:13:"margin_bottom";s:0:"";s:11:"margin_left";s:3:"340";s:11:"padding_top";s:0:"";s:13:"padding_right";s:0:"";s:14:"padding_bottom";s:0:"";s:12:"padding_left";s:0:"";s:16:"background_image";s:1:"0";s:17:"background_repeat";s:9:"no-repeat";}', ''),
(98, '', '', 'a:20:{s:11:"font_family";s:7:"inherit";s:5:"color";s:0:"";s:9:"font_size";s:0:"";s:11:"line_height";s:0:"";s:10:"text_align";s:6:"center";s:16:"background_color";s:0:"";s:12:"border_style";s:4:"none";s:12:"border_color";s:0:"";s:12:"border_width";s:1:"0";s:15:"border_position";s:4:"full";s:10:"margin_top";s:0:"";s:12:"margin_right";s:0:"";s:13:"margin_bottom";s:0:"";s:11:"margin_left";s:3:"350";s:11:"padding_top";s:0:"";s:13:"padding_right";s:0:"";s:14:"padding_bottom";s:0:"";s:12:"padding_left";s:0:"";s:16:"background_image";s:1:"0";s:17:"background_repeat";s:9:"no-repeat";}', ''),
(99, 'video', '', 'a:20:{s:11:"font_family";s:7:"inherit";s:5:"color";s:0:"";s:9:"font_size";s:0:"";s:11:"line_height";s:0:"";s:10:"text_align";s:6:"center";s:16:"background_color";s:0:"";s:12:"border_style";s:4:"none";s:12:"border_color";s:0:"";s:12:"border_width";s:1:"0";s:15:"border_position";s:4:"full";s:10:"margin_top";s:0:"";s:12:"margin_right";s:0:"";s:13:"margin_bottom";s:0:"";s:11:"margin_left";s:3:"350";s:11:"padding_top";s:0:"";s:13:"padding_right";s:0:"";s:14:"padding_bottom";s:0:"";s:12:"padding_left";s:0:"";s:16:"background_image";s:1:"0";s:17:"background_repeat";s:9:"no-repeat";}', ''),
(100, 'video', '', 'a:20:{s:11:"font_family";s:7:"inherit";s:5:"color";s:0:"";s:9:"font_size";s:0:"";s:11:"line_height";s:0:"";s:10:"text_align";s:6:"center";s:16:"background_color";s:0:"";s:12:"border_style";s:4:"none";s:12:"border_color";s:0:"";s:12:"border_width";s:1:"0";s:15:"border_position";s:4:"full";s:10:"margin_top";s:0:"";s:12:"margin_right";s:0:"";s:13:"margin_bottom";s:0:"";s:11:"margin_left";s:0:"";s:11:"padding_top";s:0:"";s:13:"padding_right";s:0:"";s:14:"padding_bottom";s:0:"";s:12:"padding_left";s:0:"";s:16:"background_image";s:1:"0";s:17:"background_repeat";s:9:"no-repeat";}', ''),
(101, '', '', 'a:20:{s:11:"font_family";s:7:"inherit";s:5:"color";s:0:"";s:9:"font_size";s:0:"";s:11:"line_height";s:0:"";s:10:"text_align";s:6:"center";s:16:"background_color";s:0:"";s:12:"border_style";s:4:"none";s:12:"border_color";s:0:"";s:12:"border_width";s:1:"0";s:15:"border_position";s:4:"full";s:10:"margin_top";s:0:"";s:12:"margin_right";s:0:"";s:13:"margin_bottom";s:0:"";s:11:"margin_left";s:0:"";s:11:"padding_top";s:0:"";s:13:"padding_right";s:0:"";s:14:"padding_bottom";s:0:"";s:12:"padding_left";s:0:"";s:16:"background_image";s:1:"0";s:17:"background_repeat";s:9:"no-repeat";}', ''),
(102, '', '', 'a:20:{s:11:"font_family";s:7:"inherit";s:5:"color";s:0:"";s:9:"font_size";s:0:"";s:11:"line_height";s:0:"";s:10:"text_align";s:6:"center";s:16:"background_color";s:0:"";s:12:"border_style";s:4:"none";s:12:"border_color";s:0:"";s:12:"border_width";s:1:"0";s:15:"border_position";s:4:"full";s:10:"margin_top";s:0:"";s:12:"margin_right";s:0:"";s:13:"margin_bottom";s:0:"";s:11:"margin_left";s:0:"";s:11:"padding_top";s:0:"";s:13:"padding_right";s:0:"";s:14:"padding_bottom";s:0:"";s:12:"padding_left";s:0:"";s:16:"background_image";s:1:"0";s:17:"background_repeat";s:9:"no-repeat";}', ''),
(103, '', '', 'a:20:{s:11:"font_family";s:7:"inherit";s:5:"color";s:0:"";s:9:"font_size";s:0:"";s:11:"line_height";s:0:"";s:10:"text_align";s:6:"center";s:16:"background_color";s:0:"";s:12:"border_style";s:4:"none";s:12:"border_color";s:0:"";s:12:"border_width";s:1:"0";s:15:"border_position";s:4:"full";s:10:"margin_top";s:0:"";s:12:"margin_right";s:0:"";s:13:"margin_bottom";s:0:"";s:11:"margin_left";s:0:"";s:11:"padding_top";s:0:"";s:13:"padding_right";s:0:"";s:14:"padding_bottom";s:0:"";s:12:"padding_left";s:0:"";s:16:"background_image";s:1:"0";s:17:"background_repeat";s:9:"no-repeat";}', ''),
(104, '', '', 'a:20:{s:11:"font_family";s:7:"inherit";s:5:"color";s:0:"";s:9:"font_size";s:0:"";s:11:"line_height";s:0:"";s:10:"text_align";s:6:"center";s:16:"background_color";s:0:"";s:12:"border_style";s:4:"none";s:12:"border_color";s:0:"";s:12:"border_width";s:1:"0";s:15:"border_position";s:4:"full";s:10:"margin_top";s:0:"";s:12:"margin_right";s:0:"";s:13:"margin_bottom";s:0:"";s:11:"margin_left";s:0:"";s:11:"padding_top";s:0:"";s:13:"padding_right";s:0:"";s:14:"padding_bottom";s:0:"";s:12:"padding_left";s:0:"";s:16:"background_image";s:1:"0";s:17:"background_repeat";s:9:"no-repeat";}', ''),
(105, '', '', 'a:20:{s:11:"font_family";s:7:"inherit";s:5:"color";s:0:"";s:9:"font_size";s:0:"";s:11:"line_height";s:0:"";s:10:"text_align";s:0:"";s:16:"background_color";s:0:"";s:12:"border_style";s:4:"none";s:12:"border_color";s:0:"";s:12:"border_width";s:1:"0";s:15:"border_position";s:4:"full";s:10:"margin_top";s:0:"";s:12:"margin_right";s:2:"25";s:13:"margin_bottom";s:0:"";s:11:"margin_left";s:0:"";s:11:"padding_top";s:0:"";s:13:"padding_right";s:0:"";s:14:"padding_bottom";s:0:"";s:12:"padding_left";s:0:"";s:16:"background_image";s:1:"0";s:17:"background_repeat";s:9:"no-repeat";}', ''),
(106, '', '', 'a:20:{s:11:"font_family";s:7:"inherit";s:5:"color";s:0:"";s:9:"font_size";s:0:"";s:11:"line_height";s:0:"";s:10:"text_align";s:0:"";s:16:"background_color";s:0:"";s:12:"border_style";s:4:"none";s:12:"border_color";s:0:"";s:12:"border_width";s:1:"0";s:15:"border_position";s:4:"full";s:10:"margin_top";s:0:"";s:12:"margin_right";s:2:"25";s:13:"margin_bottom";s:0:"";s:11:"margin_left";s:0:"";s:11:"padding_top";s:0:"";s:13:"padding_right";s:0:"";s:14:"padding_bottom";s:0:"";s:12:"padding_left";s:0:"";s:16:"background_image";s:1:"0";s:17:"background_repeat";s:9:"no-repeat";}', ''),
(107, '', '', 'a:20:{s:11:"font_family";s:7:"inherit";s:5:"color";s:0:"";s:9:"font_size";s:0:"";s:11:"line_height";s:0:"";s:10:"text_align";s:6:"center";s:16:"background_color";s:0:"";s:12:"border_style";s:4:"none";s:12:"border_color";s:0:"";s:12:"border_width";s:1:"0";s:15:"border_position";s:4:"full";s:10:"margin_top";s:0:"";s:12:"margin_right";s:0:"";s:13:"margin_bottom";s:0:"";s:11:"margin_left";s:0:"";s:11:"padding_top";s:0:"";s:13:"padding_right";s:0:"";s:14:"padding_bottom";s:2:"20";s:12:"padding_left";s:0:"";s:16:"background_image";s:1:"0";s:17:"background_repeat";s:9:"no-repeat";}', ''),
(108, '', '', 'a:20:{s:11:"font_family";s:7:"inherit";s:5:"color";s:0:"";s:9:"font_size";s:0:"";s:11:"line_height";s:0:"";s:10:"text_align";s:0:"";s:16:"background_color";s:0:"";s:12:"border_style";s:4:"none";s:12:"border_color";s:0:"";s:12:"border_width";s:1:"0";s:15:"border_position";s:4:"full";s:10:"margin_top";s:0:"";s:12:"margin_right";s:0:"";s:13:"margin_bottom";s:0:"";s:11:"margin_left";s:0:"";s:11:"padding_top";s:0:"";s:13:"padding_right";s:2:"25";s:14:"padding_bottom";s:0:"";s:12:"padding_left";s:2:"25";s:16:"background_image";s:1:"0";s:17:"background_repeat";s:9:"no-repeat";}', ''),
(109, '', '', 'a:20:{s:11:"font_family";s:7:"inherit";s:5:"color";s:0:"";s:9:"font_size";s:0:"";s:11:"line_height";s:0:"";s:10:"text_align";s:0:"";s:16:"background_color";s:0:"";s:12:"border_style";s:4:"none";s:12:"border_color";s:0:"";s:12:"border_width";s:1:"0";s:15:"border_position";s:4:"full";s:10:"margin_top";s:0:"";s:12:"margin_right";s:0:"";s:13:"margin_bottom";s:0:"";s:11:"margin_left";s:0:"";s:11:"padding_top";s:0:"";s:13:"padding_right";s:2:"20";s:14:"padding_bottom";s:0:"";s:12:"padding_left";s:2:"20";s:16:"background_image";s:1:"0";s:17:"background_repeat";s:9:"no-repeat";}', ''),
(110, '', '', 'a:20:{s:11:"font_family";s:7:"inherit";s:5:"color";s:0:"";s:9:"font_size";s:0:"";s:11:"line_height";s:0:"";s:10:"text_align";s:0:"";s:16:"background_color";s:0:"";s:12:"border_style";s:4:"none";s:12:"border_color";s:0:"";s:12:"border_width";s:1:"0";s:15:"border_position";s:4:"full";s:10:"margin_top";s:0:"";s:12:"margin_right";s:0:"";s:13:"margin_bottom";s:0:"";s:11:"margin_left";s:0:"";s:11:"padding_top";s:2:"15";s:13:"padding_right";s:2:"20";s:14:"padding_bottom";s:0:"";s:12:"padding_left";s:2:"20";s:16:"background_image";s:1:"0";s:17:"background_repeat";s:9:"no-repeat";}', ''),
(111, '', '', 'a:20:{s:11:"font_family";s:7:"inherit";s:5:"color";s:0:"";s:9:"font_size";s:0:"";s:11:"line_height";s:0:"";s:10:"text_align";s:0:"";s:16:"background_color";s:0:"";s:12:"border_style";s:4:"none";s:12:"border_color";s:0:"";s:12:"border_width";s:1:"0";s:15:"border_position";s:4:"full";s:10:"margin_top";s:0:"";s:12:"margin_right";s:0:"";s:13:"margin_bottom";s:0:"";s:11:"margin_left";s:0:"";s:11:"padding_top";s:2:"15";s:13:"padding_right";s:2:"20";s:14:"padding_bottom";s:0:"";s:12:"padding_left";s:2:"20";s:16:"background_image";s:1:"0";s:17:"background_repeat";s:9:"no-repeat";}', ''),
(112, '', '', 'a:20:{s:11:"font_family";s:7:"inherit";s:5:"color";s:0:"";s:9:"font_size";s:0:"";s:11:"line_height";s:0:"";s:10:"text_align";s:0:"";s:16:"background_color";s:0:"";s:12:"border_style";s:4:"none";s:12:"border_color";s:0:"";s:12:"border_width";s:1:"0";s:15:"border_position";s:4:"full";s:10:"margin_top";s:0:"";s:12:"margin_right";s:0:"";s:13:"margin_bottom";s:0:"";s:11:"margin_left";s:0:"";s:11:"padding_top";s:2:"15";s:13:"padding_right";s:2:"20";s:14:"padding_bottom";s:2:"20";s:12:"padding_left";s:0:"";s:16:"background_image";s:1:"0";s:17:"background_repeat";s:9:"no-repeat";}', ''),
(113, '', '', 'a:20:{s:11:"font_family";s:7:"inherit";s:5:"color";s:0:"";s:9:"font_size";s:0:"";s:11:"line_height";s:0:"";s:10:"text_align";s:6:"center";s:16:"background_color";s:0:"";s:12:"border_style";s:4:"none";s:12:"border_color";s:0:"";s:12:"border_width";s:1:"0";s:15:"border_position";s:4:"full";s:10:"margin_top";s:0:"";s:12:"margin_right";s:0:"";s:13:"margin_bottom";s:0:"";s:11:"margin_left";s:0:"";s:11:"padding_top";s:0:"";s:13:"padding_right";s:0:"";s:14:"padding_bottom";s:2:"30";s:12:"padding_left";s:0:"";s:16:"background_image";s:1:"0";s:17:"background_repeat";s:9:"no-repeat";}', ''),
(114, '', '', 'a:20:{s:11:"font_family";s:7:"inherit";s:5:"color";s:0:"";s:9:"font_size";s:0:"";s:11:"line_height";s:0:"";s:10:"text_align";s:0:"";s:16:"background_color";s:0:"";s:12:"border_style";s:4:"none";s:12:"border_color";s:0:"";s:12:"border_width";s:1:"0";s:15:"border_position";s:4:"full";s:10:"margin_top";s:0:"";s:12:"margin_right";s:0:"";s:13:"margin_bottom";s:0:"";s:11:"margin_left";s:0:"";s:11:"padding_top";s:2:"15";s:13:"padding_right";s:2:"20";s:14:"padding_bottom";s:0:"";s:12:"padding_left";s:2:"15";s:16:"background_image";s:1:"0";s:17:"background_repeat";s:9:"no-repeat";}', ''),
(115, '', '', 'a:20:{s:11:"font_family";s:7:"inherit";s:5:"color";s:0:"";s:9:"font_size";s:0:"";s:11:"line_height";s:0:"";s:10:"text_align";s:0:"";s:16:"background_color";s:0:"";s:12:"border_style";s:4:"none";s:12:"border_color";s:0:"";s:12:"border_width";s:1:"0";s:15:"border_position";s:4:"full";s:10:"margin_top";s:0:"";s:12:"margin_right";s:0:"";s:13:"margin_bottom";s:0:"";s:11:"margin_left";s:0:"";s:11:"padding_top";s:2:"15";s:13:"padding_right";s:2:"20";s:14:"padding_bottom";s:0:"";s:12:"padding_left";s:2:"20";s:16:"background_image";s:1:"0";s:17:"background_repeat";s:9:"no-repeat";}', ''),
(116, '', '', 'a:20:{s:11:"font_family";s:7:"inherit";s:5:"color";s:0:"";s:9:"font_size";s:0:"";s:11:"line_height";s:0:"";s:10:"text_align";s:0:"";s:16:"background_color";s:0:"";s:12:"border_style";s:4:"none";s:12:"border_color";s:0:"";s:12:"border_width";s:1:"0";s:15:"border_position";s:4:"full";s:10:"margin_top";s:0:"";s:12:"margin_right";s:0:"";s:13:"margin_bottom";s:0:"";s:11:"margin_left";s:0:"";s:11:"padding_top";s:2:"15";s:13:"padding_right";s:2:"20";s:14:"padding_bottom";s:0:"";s:12:"padding_left";s:2:"20";s:16:"background_image";s:1:"0";s:17:"background_repeat";s:9:"no-repeat";}', ''),
(117, '', '', 'a:20:{s:11:"font_family";s:7:"inherit";s:5:"color";s:0:"";s:9:"font_size";s:0:"";s:11:"line_height";s:0:"";s:10:"text_align";s:6:"center";s:16:"background_color";s:0:"";s:12:"border_style";s:4:"none";s:12:"border_color";s:0:"";s:12:"border_width";s:1:"0";s:15:"border_position";s:4:"full";s:10:"margin_top";s:0:"";s:12:"margin_right";s:0:"";s:13:"margin_bottom";s:0:"";s:11:"margin_left";s:0:"";s:11:"padding_top";s:0:"";s:13:"padding_right";s:0:"";s:14:"padding_bottom";s:2:"45";s:12:"padding_left";s:0:"";s:16:"background_image";s:1:"0";s:17:"background_repeat";s:9:"no-repeat";}', ''),
(118, '', '', 'a:20:{s:11:"font_family";s:7:"inherit";s:5:"color";s:0:"";s:9:"font_size";s:0:"";s:11:"line_height";s:0:"";s:10:"text_align";s:6:"center";s:16:"background_color";s:0:"";s:12:"border_style";s:4:"none";s:12:"border_color";s:0:"";s:12:"border_width";s:1:"0";s:15:"border_position";s:4:"full";s:10:"margin_top";s:0:"";s:12:"margin_right";s:0:"";s:13:"margin_bottom";s:0:"";s:11:"margin_left";s:0:"";s:11:"padding_top";s:0:"";s:13:"padding_right";s:0:"";s:14:"padding_bottom";s:0:"";s:12:"padding_left";s:0:"";s:16:"background_image";s:1:"0";s:17:"background_repeat";s:9:"no-repeat";}', ''),
(119, 'formulaire_contact', '', 'a:20:{s:11:"font_family";s:7:"inherit";s:5:"color";s:0:"";s:9:"font_size";s:0:"";s:11:"line_height";s:0:"";s:10:"text_align";s:6:"center";s:16:"background_color";s:0:"";s:12:"border_style";s:4:"none";s:12:"border_color";s:0:"";s:12:"border_width";s:1:"0";s:15:"border_position";s:4:"full";s:10:"margin_top";s:0:"";s:12:"margin_right";s:0:"";s:13:"margin_bottom";s:0:"";s:11:"margin_left";s:0:"";s:11:"padding_top";s:0:"";s:13:"padding_right";s:0:"";s:14:"padding_bottom";s:0:"";s:12:"padding_left";s:0:"";s:16:"background_image";s:1:"0";s:17:"background_repeat";s:9:"no-repeat";}', ''),
(120, '', '', 'a:20:{s:11:"font_family";s:7:"inherit";s:5:"color";s:0:"";s:9:"font_size";s:0:"";s:11:"line_height";s:0:"";s:10:"text_align";s:6:"center";s:16:"background_color";s:0:"";s:12:"border_style";s:5:"solid";s:12:"border_color";s:0:"";s:12:"border_width";s:1:"1";s:15:"border_position";s:6:"bottom";s:10:"margin_top";s:0:"";s:12:"margin_right";s:0:"";s:13:"margin_bottom";s:0:"";s:11:"margin_left";s:0:"";s:11:"padding_top";s:0:"";s:13:"padding_right";s:0:"";s:14:"padding_bottom";s:0:"";s:12:"padding_left";s:0:"";s:16:"background_image";s:1:"0";s:17:"background_repeat";s:9:"no-repeat";}', ''),
(121, '', '', 'a:20:{s:11:"font_family";s:7:"inherit";s:5:"color";s:0:"";s:9:"font_size";s:0:"";s:11:"line_height";s:0:"";s:10:"text_align";s:6:"center";s:16:"background_color";s:0:"";s:12:"border_style";s:6:"outset";s:12:"border_color";s:0:"";s:12:"border_width";s:1:"1";s:15:"border_position";s:6:"bottom";s:10:"margin_top";s:0:"";s:12:"margin_right";s:0:"";s:13:"margin_bottom";s:0:"";s:11:"margin_left";s:0:"";s:11:"padding_top";s:0:"";s:13:"padding_right";s:0:"";s:14:"padding_bottom";s:0:"";s:12:"padding_left";s:0:"";s:16:"background_image";s:1:"0";s:17:"background_repeat";s:9:"no-repeat";}', ''),
(122, '', '', 'a:20:{s:11:"font_family";s:7:"inherit";s:5:"color";s:0:"";s:9:"font_size";s:0:"";s:11:"line_height";s:0:"";s:10:"text_align";s:6:"center";s:16:"background_color";s:0:"";s:12:"border_style";s:6:"groove";s:12:"border_color";s:0:"";s:12:"border_width";s:1:"1";s:15:"border_position";s:6:"bottom";s:10:"margin_top";s:0:"";s:12:"margin_right";s:0:"";s:13:"margin_bottom";s:0:"";s:11:"margin_left";s:0:"";s:11:"padding_top";s:0:"";s:13:"padding_right";s:0:"";s:14:"padding_bottom";s:0:"";s:12:"padding_left";s:0:"";s:16:"background_image";s:1:"0";s:17:"background_repeat";s:9:"no-repeat";}', ''),
(123, 'formulaire_contact', '', 'a:20:{s:11:"font_family";s:7:"inherit";s:5:"color";s:0:"";s:9:"font_size";s:0:"";s:11:"line_height";s:0:"";s:10:"text_align";s:6:"center";s:16:"background_color";s:0:"";s:12:"border_style";s:4:"none";s:12:"border_color";s:0:"";s:12:"border_width";s:1:"0";s:15:"border_position";s:4:"full";s:10:"margin_top";s:0:"";s:12:"margin_right";s:0:"";s:13:"margin_bottom";s:0:"";s:11:"margin_left";s:0:"";s:11:"padding_top";s:2:"20";s:13:"padding_right";s:0:"";s:14:"padding_bottom";s:0:"";s:12:"padding_left";s:0:"";s:16:"background_image";s:1:"0";s:17:"background_repeat";s:9:"no-repeat";}', ''),
(124, 'formulaire_contact', '', 'a:20:{s:11:"font_family";s:7:"inherit";s:5:"color";s:0:"";s:9:"font_size";s:0:"";s:11:"line_height";s:0:"";s:10:"text_align";s:6:"center";s:16:"background_color";s:0:"";s:12:"border_style";s:4:"none";s:12:"border_color";s:0:"";s:12:"border_width";s:1:"0";s:15:"border_position";s:4:"full";s:10:"margin_top";s:0:"";s:12:"margin_right";s:0:"";s:13:"margin_bottom";s:0:"";s:11:"margin_left";s:0:"";s:11:"padding_top";s:2:"35";s:13:"padding_right";s:0:"";s:14:"padding_bottom";s:0:"";s:12:"padding_left";s:0:"";s:16:"background_image";s:1:"0";s:17:"background_repeat";s:9:"no-repeat";}', ''),
(125, '', '', 'a:20:{s:11:"font_family";s:7:"inherit";s:5:"color";s:0:"";s:9:"font_size";s:2:"20";s:11:"line_height";s:0:"";s:10:"text_align";s:6:"center";s:16:"background_color";s:0:"";s:12:"border_style";s:4:"none";s:12:"border_color";s:0:"";s:12:"border_width";s:1:"0";s:15:"border_position";s:4:"full";s:10:"margin_top";s:0:"";s:12:"margin_right";s:0:"";s:13:"margin_bottom";s:0:"";s:11:"margin_left";s:0:"";s:11:"padding_top";s:0:"";s:13:"padding_right";s:0:"";s:14:"padding_bottom";s:0:"";s:12:"padding_left";s:0:"";s:16:"background_image";s:1:"0";s:17:"background_repeat";s:9:"no-repeat";}', ''),
(126, '', '', 'a:20:{s:11:"font_family";s:7:"inherit";s:5:"color";s:0:"";s:9:"font_size";s:0:"";s:11:"line_height";s:0:"";s:10:"text_align";s:0:"";s:16:"background_color";s:0:"";s:12:"border_style";s:4:"none";s:12:"border_color";s:0:"";s:12:"border_width";s:1:"0";s:15:"border_position";s:4:"full";s:10:"margin_top";s:0:"";s:12:"margin_right";s:0:"";s:13:"margin_bottom";s:0:"";s:11:"margin_left";s:0:"";s:11:"padding_top";s:2:"20";s:13:"padding_right";s:0:"";s:14:"padding_bottom";s:0:"";s:12:"padding_left";s:0:"";s:16:"background_image";s:1:"0";s:17:"background_repeat";s:9:"no-repeat";}', ''),
(127, '', '', 'a:20:{s:11:"font_family";s:7:"inherit";s:5:"color";s:0:"";s:9:"font_size";s:2:"24";s:11:"line_height";s:0:"";s:10:"text_align";s:6:"center";s:16:"background_color";s:0:"";s:12:"border_style";s:6:"groove";s:12:"border_color";s:0:"";s:12:"border_width";s:1:"1";s:15:"border_position";s:6:"bottom";s:10:"margin_top";s:0:"";s:12:"margin_right";s:0:"";s:13:"margin_bottom";s:0:"";s:11:"margin_left";s:0:"";s:11:"padding_top";s:0:"";s:13:"padding_right";s:0:"";s:14:"padding_bottom";s:0:"";s:12:"padding_left";s:0:"";s:16:"background_image";s:1:"0";s:17:"background_repeat";s:9:"no-repeat";}', ''),
(128, '', '', 'a:20:{s:11:"font_family";s:7:"inherit";s:5:"color";s:0:"";s:9:"font_size";s:0:"";s:11:"line_height";s:0:"";s:10:"text_align";s:6:"center";s:16:"background_color";s:0:"";s:12:"border_style";s:6:"groove";s:12:"border_color";s:0:"";s:12:"border_width";s:1:"1";s:15:"border_position";s:6:"bottom";s:10:"margin_top";s:0:"";s:12:"margin_right";s:0:"";s:13:"margin_bottom";s:0:"";s:11:"margin_left";s:0:"";s:11:"padding_top";s:0:"";s:13:"padding_right";s:0:"";s:14:"padding_bottom";s:0:"";s:12:"padding_left";s:0:"";s:16:"background_image";s:1:"0";s:17:"background_repeat";s:9:"no-repeat";}', ''),
(129, '', '', 'a:20:{s:11:"font_family";s:7:"inherit";s:5:"color";s:0:"";s:9:"font_size";s:0:"";s:11:"line_height";s:0:"";s:10:"text_align";s:6:"center";s:16:"background_color";s:0:"";s:12:"border_style";s:4:"none";s:12:"border_color";s:0:"";s:12:"border_width";s:1:"0";s:15:"border_position";s:4:"full";s:10:"margin_top";s:0:"";s:12:"margin_right";s:0:"";s:13:"margin_bottom";s:0:"";s:11:"margin_left";s:0:"";s:11:"padding_top";s:2:"20";s:13:"padding_right";s:0:"";s:14:"padding_bottom";s:2:"45";s:12:"padding_left";s:0:"";s:16:"background_image";s:1:"0";s:17:"background_repeat";s:9:"no-repeat";}', ''),
(130, '', '', 'a:20:{s:11:"font_family";s:7:"inherit";s:5:"color";s:0:"";s:9:"font_size";s:0:"";s:11:"line_height";s:0:"";s:10:"text_align";s:6:"center";s:16:"background_color";s:0:"";s:12:"border_style";s:6:"groove";s:12:"border_color";s:0:"";s:12:"border_width";s:1:"1";s:15:"border_position";s:6:"bottom";s:10:"margin_top";s:0:"";s:12:"margin_right";s:0:"";s:13:"margin_bottom";s:0:"";s:11:"margin_left";s:0:"";s:11:"padding_top";s:0:"";s:13:"padding_right";s:0:"";s:14:"padding_bottom";s:0:"";s:12:"padding_left";s:0:"";s:16:"background_image";s:1:"0";s:17:"background_repeat";s:9:"no-repeat";}', ''),
(131, '', '', 'a:20:{s:11:"font_family";s:7:"inherit";s:5:"color";s:0:"";s:9:"font_size";s:2:"20";s:11:"line_height";s:0:"";s:10:"text_align";s:0:"";s:16:"background_color";s:0:"";s:12:"border_style";s:4:"none";s:12:"border_color";s:0:"";s:12:"border_width";s:1:"0";s:15:"border_position";s:4:"full";s:10:"margin_top";s:0:"";s:12:"margin_right";s:0:"";s:13:"margin_bottom";s:0:"";s:11:"margin_left";s:0:"";s:11:"padding_top";s:0:"";s:13:"padding_right";s:0:"";s:14:"padding_bottom";s:0:"";s:12:"padding_left";s:0:"";s:16:"background_image";s:1:"0";s:17:"background_repeat";s:9:"no-repeat";}', ''),
(132, '', '', 'a:20:{s:11:"font_family";s:7:"inherit";s:5:"color";s:0:"";s:9:"font_size";s:2:"40";s:11:"line_height";s:0:"";s:10:"text_align";s:6:"center";s:16:"background_color";s:0:"";s:12:"border_style";s:4:"none";s:12:"border_color";s:0:"";s:12:"border_width";s:1:"0";s:15:"border_position";s:4:"full";s:10:"margin_top";s:0:"";s:12:"margin_right";s:0:"";s:13:"margin_bottom";s:0:"";s:11:"margin_left";s:0:"";s:11:"padding_top";s:0:"";s:13:"padding_right";s:0:"";s:14:"padding_bottom";s:0:"";s:12:"padding_left";s:0:"";s:16:"background_image";s:1:"0";s:17:"background_repeat";s:9:"no-repeat";}', ''),
(133, '', '', 'a:20:{s:11:"font_family";s:7:"inherit";s:5:"color";s:0:"";s:9:"font_size";s:2:"40";s:11:"line_height";s:2:"10";s:10:"text_align";s:6:"center";s:16:"background_color";s:0:"";s:12:"border_style";s:4:"none";s:12:"border_color";s:0:"";s:12:"border_width";s:1:"0";s:15:"border_position";s:4:"full";s:10:"margin_top";s:0:"";s:12:"margin_right";s:0:"";s:13:"margin_bottom";s:0:"";s:11:"margin_left";s:0:"";s:11:"padding_top";s:0:"";s:13:"padding_right";s:0:"";s:14:"padding_bottom";s:0:"";s:12:"padding_left";s:0:"";s:16:"background_image";s:1:"0";s:17:"background_repeat";s:9:"no-repeat";}', ''),
(134, 'blog', '', 'a:20:{s:11:"font_family";s:7:"inherit";s:5:"color";s:0:"";s:9:"font_size";s:2:"40";s:11:"line_height";s:2:"10";s:10:"text_align";s:6:"center";s:16:"background_color";s:0:"";s:12:"border_style";s:4:"none";s:12:"border_color";s:0:"";s:12:"border_width";s:1:"0";s:15:"border_position";s:4:"full";s:10:"margin_top";s:0:"";s:12:"margin_right";s:0:"";s:13:"margin_bottom";s:0:"";s:11:"margin_left";s:0:"";s:11:"padding_top";s:0:"";s:13:"padding_right";s:0:"";s:14:"padding_bottom";s:0:"";s:12:"padding_left";s:0:"";s:16:"background_image";s:1:"0";s:17:"background_repeat";s:9:"no-repeat";}', ''),
(135, '', 'CorpsArticle', 'a:20:{s:11:"font_family";s:7:"inherit";s:5:"color";s:0:"";s:9:"font_size";s:0:"";s:11:"line_height";s:0:"";s:10:"text_align";s:7:"justify";s:16:"background_color";s:0:"";s:12:"border_style";s:4:"none";s:12:"border_color";s:0:"";s:12:"border_width";s:1:"0";s:15:"border_position";s:4:"full";s:10:"margin_top";s:0:"";s:12:"margin_right";s:0:"";s:13:"margin_bottom";s:0:"";s:11:"margin_left";s:0:"";s:11:"padding_top";s:0:"";s:13:"padding_right";s:0:"";s:14:"padding_bottom";s:0:"";s:12:"padding_left";s:0:"";s:16:"background_image";s:1:"0";s:17:"background_repeat";s:9:"no-repeat";}', ''),
(136, '', 'CorpsArticle', 'a:20:{s:11:"font_family";s:7:"inherit";s:5:"color";s:0:"";s:9:"font_size";s:0:"";s:11:"line_height";s:0:"";s:10:"text_align";s:4:"left";s:16:"background_color";s:0:"";s:12:"border_style";s:4:"none";s:12:"border_color";s:0:"";s:12:"border_width";s:1:"0";s:15:"border_position";s:4:"full";s:10:"margin_top";s:0:"";s:12:"margin_right";s:0:"";s:13:"margin_bottom";s:0:"";s:11:"margin_left";s:0:"";s:11:"padding_top";s:0:"";s:13:"padding_right";s:0:"";s:14:"padding_bottom";s:0:"";s:12:"padding_left";s:0:"";s:16:"background_image";s:1:"0";s:17:"background_repeat";s:9:"no-repeat";}', '');

-- --------------------------------------------------------

--
-- Structure de la table `DownloadStatistics`
--

CREATE TABLE IF NOT EXISTS `DownloadStatistics` (
  `dsID` int(10) unsigned NOT NULL AUTO_INCREMENT,
  `fID` int(10) unsigned NOT NULL,
  `fvID` int(10) unsigned NOT NULL,
  `uID` int(10) unsigned NOT NULL,
  `rcID` int(10) unsigned NOT NULL,
  `timestamp` timestamp NOT NULL DEFAULT CURRENT_TIMESTAMP ON UPDATE CURRENT_TIMESTAMP,
  PRIMARY KEY (`dsID`)
) ENGINE=InnoDB DEFAULT CHARSET=utf8 AUTO_INCREMENT=1 ;

-- --------------------------------------------------------

--
-- Structure de la table `FileAttributeValues`
--

CREATE TABLE IF NOT EXISTS `FileAttributeValues` (
  `fID` int(10) unsigned NOT NULL DEFAULT '0',
  `fvID` int(10) unsigned NOT NULL DEFAULT '0',
  `akID` int(10) unsigned NOT NULL DEFAULT '0',
  `avID` int(10) unsigned NOT NULL DEFAULT '0',
  PRIMARY KEY (`fID`,`fvID`,`akID`,`avID`)
) ENGINE=InnoDB DEFAULT CHARSET=utf8;

--
-- Contenu de la table `FileAttributeValues`
--

INSERT INTO `FileAttributeValues` (`fID`, `fvID`, `akID`, `avID`) VALUES
(1, 1, 12, 121),
(1, 1, 13, 122),
(2, 1, 12, 123),
(2, 1, 13, 124),
(3, 1, 12, 125),
(3, 1, 13, 126),
(4, 1, 12, 127),
(4, 1, 13, 128),
(5, 1, 12, 129),
(5, 1, 13, 130),
(6, 1, 12, 131),
(6, 1, 13, 132),
(7, 1, 12, 133),
(7, 1, 13, 134),
(8, 1, 12, 138),
(8, 1, 13, 139),
(9, 1, 12, 140),
(9, 1, 13, 141),
(10, 1, 12, 142),
(10, 1, 13, 143),
(11, 1, 12, 144),
(11, 1, 13, 145),
(12, 1, 12, 146),
(12, 1, 13, 147),
(13, 1, 12, 148),
(13, 1, 13, 149),
(14, 1, 12, 150),
(14, 1, 13, 151),
(15, 1, 12, 152),
(15, 1, 13, 153),
(16, 1, 12, 154),
(16, 1, 13, 155),
(17, 1, 12, 156),
(17, 1, 13, 157),
(18, 1, 12, 158),
(18, 1, 13, 159);

-- --------------------------------------------------------

--
-- Structure de la table `FilePermissionAssignments`
--

CREATE TABLE IF NOT EXISTS `FilePermissionAssignments` (
  `fID` int(10) unsigned NOT NULL DEFAULT '0',
  `paID` int(10) unsigned NOT NULL DEFAULT '0',
  `pkID` int(10) unsigned NOT NULL DEFAULT '0',
  PRIMARY KEY (`fID`,`paID`,`pkID`)
) ENGINE=InnoDB DEFAULT CHARSET=utf8;

-- --------------------------------------------------------

--
-- Structure de la table `FilePermissionFileTypes`
--

CREATE TABLE IF NOT EXISTS `FilePermissionFileTypes` (
  `fsID` int(10) unsigned NOT NULL DEFAULT '0',
  `gID` int(10) unsigned NOT NULL DEFAULT '0',
  `uID` int(10) unsigned NOT NULL DEFAULT '0',
  `extension` varchar(32) NOT NULL,
  PRIMARY KEY (`fsID`,`gID`,`uID`,`extension`)
) ENGINE=InnoDB DEFAULT CHARSET=utf8;

-- --------------------------------------------------------

--
-- Structure de la table `Files`
--

CREATE TABLE IF NOT EXISTS `Files` (
  `fID` int(10) unsigned NOT NULL AUTO_INCREMENT,
  `fDateAdded` datetime DEFAULT NULL,
  `uID` int(10) unsigned NOT NULL DEFAULT '0',
  `fslID` int(10) unsigned NOT NULL DEFAULT '0',
  `ocID` int(10) unsigned NOT NULL DEFAULT '0',
  `fOverrideSetPermissions` int(1) NOT NULL DEFAULT '0',
  `fPassword` varchar(255) DEFAULT NULL,
  PRIMARY KEY (`fID`,`uID`,`fslID`),
  KEY `fOverrideSetPermissions` (`fOverrideSetPermissions`)
) ENGINE=InnoDB  DEFAULT CHARSET=utf8 AUTO_INCREMENT=19 ;

--
-- Contenu de la table `Files`
--

INSERT INTO `Files` (`fID`, `fDateAdded`, `uID`, `fslID`, `ocID`, `fOverrideSetPermissions`, `fPassword`) VALUES
(1, '2015-01-13 18:05:07', 1, 0, 1, 0, NULL),
(2, '2015-01-20 17:00:17', 1, 0, 1, 0, NULL),
(3, '2015-01-20 17:04:09', 1, 0, 1, 0, NULL),
(4, '2015-01-20 17:05:48', 1, 0, 1, 0, NULL),
(5, '2015-01-20 17:50:42', 1, 0, 1, 0, NULL),
(6, '2015-01-20 17:51:58', 1, 0, 1, 0, NULL),
(7, '2015-01-20 17:52:33', 1, 0, 1, 0, NULL),
(8, '2015-02-24 16:40:59', 1, 0, 1, 0, NULL),
(9, '2015-02-24 16:41:00', 1, 0, 1, 0, NULL),
(10, '2015-02-24 16:41:01', 1, 0, 1, 0, NULL),
(11, '2015-02-24 16:41:02', 1, 0, 1, 0, NULL),
(12, '2015-02-24 16:41:03', 1, 0, 1, 0, NULL),
(13, '2015-02-24 17:00:40', 1, 0, 1, 0, NULL),
(14, '2015-02-24 17:06:07', 1, 0, 1, 0, NULL),
(15, '2015-02-24 17:06:09', 1, 0, 1, 0, NULL),
(16, '2015-02-24 20:00:56', 1, 0, 126, 0, NULL),
(17, '2015-02-24 20:00:57', 1, 0, 126, 0, NULL),
(18, '2015-02-24 20:00:58', 1, 0, 126, 0, NULL);

-- --------------------------------------------------------

--
-- Structure de la table `FileSearchIndexAttributes`
--

CREATE TABLE IF NOT EXISTS `FileSearchIndexAttributes` (
  `fID` int(11) unsigned NOT NULL DEFAULT '0',
  `ak_width` decimal(14,4) DEFAULT '0.0000',
  `ak_height` decimal(14,4) DEFAULT '0.0000',
  `ak_duration` decimal(14,4) DEFAULT '0.0000',
  PRIMARY KEY (`fID`)
) ENGINE=InnoDB DEFAULT CHARSET=utf8;

--
-- Contenu de la table `FileSearchIndexAttributes`
--

INSERT INTO `FileSearchIndexAttributes` (`fID`, `ak_width`, `ak_height`, `ak_duration`) VALUES
(1, 938.0000, 339.0000, 0.0000),
(2, 298.0000, 189.0000, 0.0000),
(3, 298.0000, 193.0000, 0.0000),
(4, 298.0000, 193.0000, 0.0000),
(5, 58.0000, 62.0000, 0.0000),
(6, 58.0000, 62.0000, 0.0000),
(7, 56.0000, 61.0000, 0.0000),
(8, 50.0000, 50.0000, 0.0000),
(9, 50.0000, 50.0000, 0.0000),
(10, 50.0000, 49.0000, 0.0000),
(11, 50.0000, 50.0000, 0.0000),
(12, 50.0000, 50.0000, 0.0000),
(13, 936.0000, 335.0000, 0.0000),
(14, 936.0000, 335.0000, 0.0000),
(15, 936.0000, 335.0000, 0.0000),
(16, 300.0000, 199.0000, 0.0000),
(17, 300.0000, 167.0000, 0.0000),
(18, 300.0000, 140.0000, 0.0000);

-- --------------------------------------------------------

--
-- Structure de la table `FileSetFiles`
--

CREATE TABLE IF NOT EXISTS `FileSetFiles` (
  `fsfID` int(10) unsigned NOT NULL AUTO_INCREMENT,
  `fID` int(10) unsigned NOT NULL,
  `fsID` int(10) unsigned NOT NULL,
  `timestamp` timestamp NOT NULL DEFAULT CURRENT_TIMESTAMP ON UPDATE CURRENT_TIMESTAMP,
  `fsDisplayOrder` int(10) unsigned NOT NULL,
  PRIMARY KEY (`fsfID`),
  KEY `fID` (`fID`),
  KEY `fsID` (`fsID`)
) ENGINE=InnoDB DEFAULT CHARSET=utf8 AUTO_INCREMENT=1 ;

-- --------------------------------------------------------

--
-- Structure de la table `FileSetPermissionAssignments`
--

CREATE TABLE IF NOT EXISTS `FileSetPermissionAssignments` (
  `fsID` int(10) unsigned NOT NULL DEFAULT '0',
  `paID` int(10) unsigned NOT NULL DEFAULT '0',
  `pkID` int(10) unsigned NOT NULL DEFAULT '0',
  PRIMARY KEY (`fsID`,`paID`,`pkID`)
) ENGINE=InnoDB DEFAULT CHARSET=utf8;

--
-- Contenu de la table `FileSetPermissionAssignments`
--

INSERT INTO `FileSetPermissionAssignments` (`fsID`, `paID`, `pkID`) VALUES
(0, 44, 35),
(0, 45, 36),
(0, 46, 37),
(0, 47, 38),
(0, 48, 39),
(0, 49, 40),
(0, 50, 42),
(0, 51, 41),
(0, 52, 43);

-- --------------------------------------------------------

--
-- Structure de la table `FileSetPermissionFileTypeAccessList`
--

CREATE TABLE IF NOT EXISTS `FileSetPermissionFileTypeAccessList` (
  `paID` int(10) unsigned NOT NULL DEFAULT '0',
  `peID` int(10) unsigned NOT NULL DEFAULT '0',
  `permission` varchar(1) NOT NULL DEFAULT '1',
  PRIMARY KEY (`paID`,`peID`)
) ENGINE=InnoDB DEFAULT CHARSET=utf8;

-- --------------------------------------------------------

--
-- Structure de la table `FileSetPermissionFileTypeAccessListCustom`
--

CREATE TABLE IF NOT EXISTS `FileSetPermissionFileTypeAccessListCustom` (
  `paID` int(10) unsigned NOT NULL DEFAULT '0',
  `peID` int(10) unsigned NOT NULL DEFAULT '0',
  `extension` varchar(64) NOT NULL,
  PRIMARY KEY (`paID`,`peID`,`extension`)
) ENGINE=InnoDB DEFAULT CHARSET=utf8;

-- --------------------------------------------------------

--
-- Structure de la table `FileSets`
--

CREATE TABLE IF NOT EXISTS `FileSets` (
  `fsID` int(10) unsigned NOT NULL AUTO_INCREMENT,
  `fsName` varchar(64) NOT NULL,
  `uID` int(10) unsigned NOT NULL DEFAULT '0',
  `fsType` int(4) NOT NULL,
  `fsOverrideGlobalPermissions` int(4) DEFAULT NULL,
  PRIMARY KEY (`fsID`),
  KEY `fsOverrideGlobalPermissions` (`fsOverrideGlobalPermissions`)
) ENGINE=InnoDB DEFAULT CHARSET=utf8 AUTO_INCREMENT=1 ;

-- --------------------------------------------------------

--
-- Structure de la table `FileSetSavedSearches`
--

CREATE TABLE IF NOT EXISTS `FileSetSavedSearches` (
  `fsID` int(10) unsigned NOT NULL DEFAULT '0',
  `fsSearchRequest` text,
  `fsResultColumns` text,
  PRIMARY KEY (`fsID`)
) ENGINE=InnoDB DEFAULT CHARSET=utf8;

-- --------------------------------------------------------

--
-- Structure de la table `FileStorageLocations`
--

CREATE TABLE IF NOT EXISTS `FileStorageLocations` (
  `fslID` int(10) unsigned NOT NULL DEFAULT '0',
  `fslName` varchar(255) NOT NULL,
  `fslDirectory` varchar(255) NOT NULL,
  PRIMARY KEY (`fslID`)
) ENGINE=InnoDB DEFAULT CHARSET=utf8;

-- --------------------------------------------------------

--
-- Structure de la table `FileVersionLog`
--

CREATE TABLE IF NOT EXISTS `FileVersionLog` (
  `fvlID` int(10) unsigned NOT NULL AUTO_INCREMENT,
  `fID` int(10) unsigned NOT NULL DEFAULT '0',
  `fvID` int(10) unsigned NOT NULL DEFAULT '0',
  `fvUpdateTypeID` int(3) unsigned NOT NULL DEFAULT '0',
  `fvUpdateTypeAttributeID` int(10) unsigned NOT NULL DEFAULT '0',
  PRIMARY KEY (`fvlID`)
) ENGINE=InnoDB  DEFAULT CHARSET=utf8 AUTO_INCREMENT=37 ;

--
-- Contenu de la table `FileVersionLog`
--

INSERT INTO `FileVersionLog` (`fvlID`, `fID`, `fvID`, `fvUpdateTypeID`, `fvUpdateTypeAttributeID`) VALUES
(1, 1, 1, 5, 12),
(2, 1, 1, 5, 13),
(3, 2, 1, 5, 12),
(4, 2, 1, 5, 13),
(5, 3, 1, 5, 12),
(6, 3, 1, 5, 13),
(7, 4, 1, 5, 12),
(8, 4, 1, 5, 13),
(9, 5, 1, 5, 12),
(10, 5, 1, 5, 13),
(11, 6, 1, 5, 12),
(12, 6, 1, 5, 13),
(13, 7, 1, 5, 12),
(14, 7, 1, 5, 13),
(15, 8, 1, 5, 12),
(16, 8, 1, 5, 13),
(17, 9, 1, 5, 12),
(18, 9, 1, 5, 13),
(19, 10, 1, 5, 12),
(20, 10, 1, 5, 13),
(21, 11, 1, 5, 12),
(22, 11, 1, 5, 13),
(23, 12, 1, 5, 12),
(24, 12, 1, 5, 13),
(25, 13, 1, 5, 12),
(26, 13, 1, 5, 13),
(27, 14, 1, 5, 12),
(28, 14, 1, 5, 13),
(29, 15, 1, 5, 12),
(30, 15, 1, 5, 13),
(31, 16, 1, 5, 12),
(32, 16, 1, 5, 13),
(33, 17, 1, 5, 12),
(34, 17, 1, 5, 13),
(35, 18, 1, 5, 12),
(36, 18, 1, 5, 13);

-- --------------------------------------------------------

--
-- Structure de la table `FileVersions`
--

CREATE TABLE IF NOT EXISTS `FileVersions` (
  `fID` int(10) unsigned NOT NULL DEFAULT '0',
  `fvID` int(10) unsigned NOT NULL DEFAULT '0',
  `fvFilename` varchar(255) NOT NULL,
  `fvPrefix` varchar(12) DEFAULT NULL,
  `fvGenericType` int(3) unsigned NOT NULL DEFAULT '0',
  `fvSize` int(20) unsigned NOT NULL DEFAULT '0',
  `fvTitle` varchar(255) DEFAULT NULL,
  `fvDescription` text,
  `fvTags` varchar(255) DEFAULT NULL,
  `fvIsApproved` int(10) unsigned NOT NULL DEFAULT '1',
  `fvDateAdded` datetime DEFAULT NULL,
  `fvApproverUID` int(10) unsigned NOT NULL DEFAULT '0',
  `fvAuthorUID` int(10) unsigned NOT NULL DEFAULT '0',
  `fvActivateDatetime` datetime DEFAULT NULL,
  `fvHasThumbnail1` int(1) NOT NULL DEFAULT '0',
  `fvHasThumbnail2` int(1) NOT NULL DEFAULT '0',
  `fvHasThumbnail3` int(1) NOT NULL DEFAULT '0',
  `fvExtension` varchar(32) DEFAULT NULL,
  `fvType` int(10) unsigned NOT NULL DEFAULT '0',
  PRIMARY KEY (`fID`,`fvID`),
  KEY `fvExtension` (`fvType`),
  KEY `fvTitle` (`fvTitle`)
) ENGINE=MyISAM DEFAULT CHARSET=utf8;

--
-- Contenu de la table `FileVersions`
--

INSERT INTO `FileVersions` (`fID`, `fvID`, `fvFilename`, `fvPrefix`, `fvGenericType`, `fvSize`, `fvTitle`, `fvDescription`, `fvTags`, `fvIsApproved`, `fvDateAdded`, `fvApproverUID`, `fvAuthorUID`, `fvActivateDatetime`, `fvHasThumbnail1`, `fvHasThumbnail2`, `fvHasThumbnail3`, `fvExtension`, `fvType`) VALUES
(1, 1, 'banniere.png', '681421168707', 1, 556382, 'banniere.png', '', '', 1, '2015-01-13 18:05:07', 1, 1, '2015-01-13 18:05:07', 1, 1, 0, 'png', 1),
(2, 1, 'ImgArticle1.png', '761421769617', 1, 84883, 'ImgArticle1.png', '', '', 1, '2015-01-20 17:00:17', 1, 1, '2015-01-20 17:00:17', 1, 1, 0, 'png', 1),
(3, 1, 'ImgArticle2.png', '181421769849', 1, 92125, 'ImgArticle2.png', '', '', 1, '2015-01-20 17:04:09', 1, 1, '2015-01-20 17:04:09', 1, 1, 0, 'png', 1),
(4, 1, 'ImgArticle3.png', '871421769948', 1, 72292, 'ImgArticle3.png', '', '', 1, '2015-01-20 17:05:48', 1, 1, '2015-01-20 17:05:48', 1, 1, 0, 'png', 1),
(5, 1, 'firefox.png', '841421772642', 1, 6883, 'firefox.png', '', '', 1, '2015-01-20 17:50:42', 1, 1, '2015-01-20 17:50:42', 1, 1, 0, 'png', 1),
(6, 1, 'news1.png', '381421772718', 1, 6339, 'news1.png', '', '', 1, '2015-01-20 17:51:58', 1, 1, '2015-01-20 17:51:58', 1, 1, 0, 'png', 1),
(7, 1, 'news2.png', '771421772753', 1, 5215, 'news2.png', '', '', 1, '2015-01-20 17:52:33', 1, 1, '2015-01-20 17:52:33', 1, 1, 0, 'png', 1),
(8, 1, 'LogoFb.png', '771424792459', 1, 3594, 'LogoFb.png', '', '', 1, '2015-02-24 16:40:59', 1, 1, '2015-02-24 16:40:59', 1, 1, 0, 'png', 1),
(9, 1, 'LogoIn.png', '731424792460', 1, 5248, 'LogoIn.png', '', '', 1, '2015-02-24 16:41:00', 1, 1, '2015-02-24 16:41:00', 1, 1, 0, 'png', 1),
(10, 1, 'LogoRss.png', '871424792461', 1, 6261, 'LogoRss.png', '', '', 1, '2015-02-24 16:41:01', 1, 1, '2015-02-24 16:41:01', 1, 1, 0, 'png', 1),
(11, 1, 'LogoTw.png', '101424792462', 1, 4897, 'LogoTw.png', '', '', 1, '2015-02-24 16:41:02', 1, 1, '2015-02-24 16:41:02', 1, 1, 0, 'png', 1),
(12, 1, 'LogoYt.png', '331424792463', 1, 6269, 'LogoYt.png', '', '', 1, '2015-02-24 16:41:03', 1, 1, '2015-02-24 16:41:03', 1, 1, 0, 'png', 1),
(13, 1, 'diap.png', '831424793640', 1, 548957, 'diap.png', '', '', 1, '2015-02-24 17:00:40', 1, 1, '2015-02-24 17:00:40', 1, 1, 0, 'png', 1),
(14, 1, 'diap2.png', '111424793967', 1, 669504, 'diap2.png', '', '', 1, '2015-02-24 17:06:08', 1, 1, '2015-02-24 17:06:08', 1, 1, 0, 'png', 1),
(15, 1, 'diap3.png', '611424793969', 1, 818352, 'diap3.png', '', '', 1, '2015-02-24 17:06:09', 1, 1, '2015-02-24 17:06:09', 1, 1, 0, 'png', 1),
(16, 1, '1.jpg', '711424804456', 1, 23177, '1.jpg', '', '', 1, '2015-02-24 20:00:56', 1, 1, '2015-02-24 20:00:56', 1, 1, 0, 'jpg', 1),
(17, 1, '2.jpg', '311424804457', 1, 15630, '2.jpg', '', '', 1, '2015-02-24 20:00:57', 1, 1, '2015-02-24 20:00:57', 1, 1, 0, 'jpg', 1),
(18, 1, '3.jpg', '491424804458', 1, 17214, '3.jpg', '', '', 1, '2015-02-24 20:00:58', 1, 1, '2015-02-24 20:00:58', 1, 1, 0, 'jpg', 1);

-- --------------------------------------------------------

--
-- Structure de la table `Groups`
--

CREATE TABLE IF NOT EXISTS `Groups` (
  `gID` int(10) unsigned NOT NULL AUTO_INCREMENT,
  `gName` varchar(128) NOT NULL,
  `gDescription` varchar(255) NOT NULL,
  `gUserExpirationIsEnabled` int(1) NOT NULL DEFAULT '0',
  `gUserExpirationMethod` varchar(12) DEFAULT NULL,
  `gUserExpirationSetDateTime` datetime DEFAULT NULL,
  `gUserExpirationInterval` int(10) unsigned NOT NULL DEFAULT '0',
  `gUserExpirationAction` varchar(20) DEFAULT NULL,
  PRIMARY KEY (`gID`),
  UNIQUE KEY `gName` (`gName`)
) ENGINE=InnoDB  DEFAULT CHARSET=utf8 AUTO_INCREMENT=4 ;

--
-- Contenu de la table `Groups`
--

INSERT INTO `Groups` (`gID`, `gName`, `gDescription`, `gUserExpirationIsEnabled`, `gUserExpirationMethod`, `gUserExpirationSetDateTime`, `gUserExpirationInterval`, `gUserExpirationAction`) VALUES
(1, 'Guest', 'The guest group represents unregistered visitors to your site.', 0, NULL, NULL, 0, NULL),
(2, 'Registered Users', 'The registered users group represents all user accounts.', 0, NULL, NULL, 0, NULL),
(3, 'Administrators', '', 0, NULL, NULL, 0, NULL);

-- --------------------------------------------------------

--
-- Structure de la table `GroupSetGroups`
--

CREATE TABLE IF NOT EXISTS `GroupSetGroups` (
  `gID` int(10) unsigned NOT NULL DEFAULT '0',
  `gsID` int(10) unsigned NOT NULL DEFAULT '0',
  PRIMARY KEY (`gID`,`gsID`)
) ENGINE=InnoDB DEFAULT CHARSET=utf8;

-- --------------------------------------------------------

--
-- Structure de la table `GroupSets`
--

CREATE TABLE IF NOT EXISTS `GroupSets` (
  `gsID` int(10) unsigned NOT NULL AUTO_INCREMENT,
  `gsName` varchar(255) DEFAULT NULL,
  `pkgID` int(10) unsigned NOT NULL DEFAULT '0',
  PRIMARY KEY (`gsID`)
) ENGINE=InnoDB DEFAULT CHARSET=utf8 AUTO_INCREMENT=1 ;

-- --------------------------------------------------------

--
-- Structure de la table `Jobs`
--

CREATE TABLE IF NOT EXISTS `Jobs` (
  `jID` int(10) unsigned NOT NULL AUTO_INCREMENT,
  `jName` varchar(100) NOT NULL,
  `jDescription` varchar(255) NOT NULL,
  `jDateInstalled` datetime DEFAULT NULL,
  `jDateLastRun` datetime DEFAULT NULL,
  `pkgID` int(10) unsigned NOT NULL DEFAULT '0',
  `jLastStatusText` longtext,
  `jLastStatusCode` smallint(4) NOT NULL DEFAULT '0',
  `jStatus` varchar(14) NOT NULL DEFAULT 'ENABLED',
  `jHandle` varchar(255) NOT NULL,
  `jNotUninstallable` smallint(4) NOT NULL DEFAULT '0',
  `isScheduled` smallint(1) NOT NULL DEFAULT '0',
  `scheduledInterval` varchar(255) NOT NULL DEFAULT 'days',
  `scheduledValue` int(10) NOT NULL DEFAULT '0',
  PRIMARY KEY (`jID`)
) ENGINE=InnoDB  DEFAULT CHARSET=utf8 AUTO_INCREMENT=6 ;

--
-- Contenu de la table `Jobs`
--

INSERT INTO `Jobs` (`jID`, `jName`, `jDescription`, `jDateInstalled`, `jDateLastRun`, `pkgID`, `jLastStatusText`, `jLastStatusCode`, `jStatus`, `jHandle`, `jNotUninstallable`, `isScheduled`, `scheduledInterval`, `scheduledValue`) VALUES
(1, 'Index Search Engine - Updates', 'Index the site to allow searching to work quickly and accurately. Only reindexes pages that have changed since last indexing.', '2014-12-09 16:48:23', NULL, 0, NULL, 0, 'ENABLED', 'index_search', 1, 0, 'days', 0),
(2, 'Index Search Engine - All', 'Empties the page search index and reindexes all pages.', '2014-12-09 16:48:23', NULL, 0, NULL, 0, 'ENABLED', 'index_search_all', 1, 0, 'days', 0),
(3, 'Generate the sitemap.xml file', 'Generate the sitemap.xml file that search engines use to crawl your site.', '2014-12-09 16:48:23', NULL, 0, NULL, 0, 'ENABLED', 'generate_sitemap', 0, 0, 'days', 0),
(4, 'Process Email Posts', 'Polls an email account and grabs private messages/postings that are sent there..', '2014-12-09 16:48:23', NULL, 0, NULL, 0, 'ENABLED', 'process_email', 0, 0, 'days', 0),
(5, 'Remove Old Page Versions', 'Removes all except the 10 most recent page versions for each page.', '2014-12-09 16:48:23', NULL, 0, NULL, 0, 'ENABLED', 'remove_old_page_versions', 0, 0, 'days', 0);

-- --------------------------------------------------------

--
-- Structure de la table `JobSetJobs`
--

CREATE TABLE IF NOT EXISTS `JobSetJobs` (
  `jsID` int(10) unsigned NOT NULL DEFAULT '0',
  `jID` int(10) unsigned NOT NULL DEFAULT '0',
  `jRunOrder` int(10) unsigned NOT NULL DEFAULT '0',
  PRIMARY KEY (`jsID`,`jID`)
) ENGINE=InnoDB DEFAULT CHARSET=utf8;

--
-- Contenu de la table `JobSetJobs`
--

INSERT INTO `JobSetJobs` (`jsID`, `jID`, `jRunOrder`) VALUES
(1, 1, 0),
(1, 3, 0),
(1, 4, 0),
(1, 5, 0);

-- --------------------------------------------------------

--
-- Structure de la table `JobSets`
--

CREATE TABLE IF NOT EXISTS `JobSets` (
  `jsID` int(10) unsigned NOT NULL AUTO_INCREMENT,
  `jsName` varchar(128) NOT NULL,
  `pkgID` int(10) unsigned NOT NULL DEFAULT '0',
  `jDateLastRun` datetime DEFAULT NULL,
  `isScheduled` smallint(1) NOT NULL DEFAULT '0',
  `scheduledInterval` varchar(255) NOT NULL DEFAULT 'days',
  `scheduledValue` int(10) NOT NULL DEFAULT '0',
  PRIMARY KEY (`jsID`)
) ENGINE=InnoDB  DEFAULT CHARSET=utf8 AUTO_INCREMENT=2 ;

--
-- Contenu de la table `JobSets`
--

INSERT INTO `JobSets` (`jsID`, `jsName`, `pkgID`, `jDateLastRun`, `isScheduled`, `scheduledInterval`, `scheduledValue`) VALUES
(1, 'Default', 0, NULL, 0, 'days', 0);

-- --------------------------------------------------------

--
-- Structure de la table `JobsLog`
--

CREATE TABLE IF NOT EXISTS `JobsLog` (
  `jlID` int(10) unsigned NOT NULL AUTO_INCREMENT,
  `jID` int(10) unsigned NOT NULL,
  `jlMessage` longtext,
  `jlTimestamp` timestamp NOT NULL DEFAULT CURRENT_TIMESTAMP ON UPDATE CURRENT_TIMESTAMP,
  `jlError` int(10) NOT NULL DEFAULT '0',
  PRIMARY KEY (`jlID`)
) ENGINE=InnoDB DEFAULT CHARSET=utf8 AUTO_INCREMENT=1 ;

-- --------------------------------------------------------

--
-- Structure de la table `LayoutPresets`
--

CREATE TABLE IF NOT EXISTS `LayoutPresets` (
  `lpID` int(10) unsigned NOT NULL AUTO_INCREMENT,
  `lpName` varchar(128) NOT NULL,
  `layoutID` int(10) unsigned NOT NULL DEFAULT '0',
  PRIMARY KEY (`lpID`),
  UNIQUE KEY `layoutID` (`layoutID`)
) ENGINE=InnoDB  DEFAULT CHARSET=utf8 AUTO_INCREMENT=2 ;

--
-- Contenu de la table `LayoutPresets`
--

INSERT INTO `LayoutPresets` (`lpID`, `lpName`, `layoutID`) VALUES
(1, 'list_news', 1);

-- --------------------------------------------------------

--
-- Structure de la table `Layouts`
--

CREATE TABLE IF NOT EXISTS `Layouts` (
  `layoutID` int(10) unsigned NOT NULL AUTO_INCREMENT,
  `layout_rows` int(5) NOT NULL DEFAULT '3',
  `layout_columns` int(3) NOT NULL DEFAULT '3',
  `spacing` int(3) NOT NULL DEFAULT '3',
  `breakpoints` varchar(255) NOT NULL DEFAULT '',
  `locked` tinyint(1) NOT NULL DEFAULT '0',
  PRIMARY KEY (`layoutID`)
) ENGINE=InnoDB  DEFAULT CHARSET=utf8 AUTO_INCREMENT=10 ;

--
-- Contenu de la table `Layouts`
--

INSERT INTO `Layouts` (`layoutID`, `layout_rows`, `layout_columns`, `spacing`, `breakpoints`, `locked`) VALUES
(1, 3, 2, 3, '50%', 1),
(3, 1, 5, 1, '21%,42%,63%,83%', 0),
(4, 1, 1, 0, '', 0),
(5, 3, 2, 2, '25%', 0),
(6, 1, 1, 0, '', 0),
(7, 1, 2, 0, '23%', 0),
(8, 2, 3, 0, '33%,67%', 0),
(9, 1, 1, 0, '', 0);

-- --------------------------------------------------------

--
-- Structure de la table `Logs`
--

CREATE TABLE IF NOT EXISTS `Logs` (
  `logID` int(10) unsigned NOT NULL AUTO_INCREMENT,
  `logType` varchar(64) NOT NULL,
  `timestamp` timestamp NOT NULL DEFAULT CURRENT_TIMESTAMP ON UPDATE CURRENT_TIMESTAMP,
  `logText` longtext,
  `logUserID` int(10) unsigned DEFAULT NULL,
  `logIsInternal` tinyint(1) NOT NULL DEFAULT '0',
  PRIMARY KEY (`logID`),
  KEY `logType` (`logType`),
  KEY `logIsInternal` (`logIsInternal`)
) ENGINE=InnoDB  DEFAULT CHARSET=utf8 AUTO_INCREMENT=4 ;

--
-- Contenu de la table `Logs`
--

INSERT INTO `Logs` (`logID`, `logType`, `timestamp`, `logText`, `logUserID`, `logIsInternal`) VALUES
(1, 'Action sur la page', '0000-00-00 00:00:00', 'Page &quot;Produit&quot; du chemin &quot;/produit&quot; d&eacute;plac&eacute;e &agrave; la corbeille\n', 1, 0),
(2, 'Action sur la page', '0000-00-00 00:00:00', 'Page &quot;col1&quot; du chemin &quot;/col1&quot; d&eacute;plac&eacute;e &agrave; la corbeille\n', 1, 0),
(3, 'exceptions', '2015-03-03 13:42:43', 'Une exception est survenue:/var/www/concrete5/concrete_RG/concrete/libraries/3rdparty/adodb/adodb-exceptions.inc.php:78 mysqlt error: [1146: Table ''concrete_rg.CollectionVersionAreaLayouts'' doesn''t exist] in EXECUTE(&quot;select l.layoutID, l.spacing, arHandle, areaNameNumber from CollectionVersionAreaLayouts cval LEFT JOIN Layouts AS l ON  cval.layoutID=l.layoutID WHERE cval.cID = ''1'' and cval.cvID = ''52''&quot;)\n (1146)\n\n#0 /var/www/concrete5/concrete_RG/concrete/libraries/3rdparty/adodb/adodb.inc.php(1074): adodb_throw(''mysqlt'', ''EXECUTE'', 1146, ''Table ''concrete...'', ''select l.layout...'', false, Object(ADODB_mysqlt))\n#1 /var/www/concrete5/concrete_RG/concrete/libraries/3rdparty/adodb/adodb.inc.php(1030): ADOConnection-&gt;_Execute(''select l.layout...'')\n#2 /var/www/concrete5/concrete_RG/concrete/libraries/3rdparty/adodb/adodb.inc.php(1580): ADOConnection-&gt;Execute(''select l.layout...'', Array)\n#3 /var/www/concrete5/concrete_RG/concrete/libraries/3rdparty/adodb/adodb.inc.php(1417): ADOConnection-&gt;GetArray(''select l.layout...'', Array)\n#4 /var/www/concrete5/concrete_RG/concrete/core/models/collection.php(502): ADOConnection-&gt;GetAll(''select l.layout...'', Array)\n#5 /var/www/concrete5/concrete_RG/concrete/core/libraries/view.php(827): Concrete5_Model_Collection-&gt;outputCustomStyleHeaderItems()\n#6 /var/www/concrete5/concrete_RG/concrete/dispatcher.php(264): Concrete5_Library_View-&gt;render(Object(Page))\n#7 /var/www/concrete5/concrete_RG/index.php(2): require(''/var/www/concre...'')\n#8 {main}\n', NULL, 1);

-- --------------------------------------------------------

--
-- Structure de la table `MailImporters`
--

CREATE TABLE IF NOT EXISTS `MailImporters` (
  `miID` int(10) unsigned NOT NULL AUTO_INCREMENT,
  `miHandle` varchar(64) NOT NULL,
  `miServer` varchar(255) DEFAULT NULL,
  `miUsername` varchar(255) DEFAULT NULL,
  `miPassword` varchar(255) DEFAULT NULL,
  `miEncryption` varchar(32) DEFAULT NULL,
  `miIsEnabled` int(1) NOT NULL DEFAULT '0',
  `miEmail` varchar(255) DEFAULT NULL,
  `miPort` int(10) unsigned NOT NULL DEFAULT '0',
  `pkgID` int(10) unsigned DEFAULT NULL,
  `miConnectionMethod` varchar(8) DEFAULT 'POP',
  PRIMARY KEY (`miID`)
) ENGINE=InnoDB  DEFAULT CHARSET=utf8 AUTO_INCREMENT=2 ;

--
-- Contenu de la table `MailImporters`
--

INSERT INTO `MailImporters` (`miID`, `miHandle`, `miServer`, `miUsername`, `miPassword`, `miEncryption`, `miIsEnabled`, `miEmail`, `miPort`, `pkgID`, `miConnectionMethod`) VALUES
(1, 'private_message', '', NULL, NULL, NULL, 0, '', 0, 0, 'POP');

-- --------------------------------------------------------

--
-- Structure de la table `MailValidationHashes`
--

CREATE TABLE IF NOT EXISTS `MailValidationHashes` (
  `mvhID` int(10) unsigned NOT NULL AUTO_INCREMENT,
  `miID` int(10) unsigned NOT NULL DEFAULT '0',
  `email` varchar(255) NOT NULL,
  `mHash` varchar(128) NOT NULL,
  `mDateGenerated` int(10) unsigned NOT NULL DEFAULT '0',
  `mDateRedeemed` int(10) unsigned NOT NULL DEFAULT '0',
  `data` text,
  PRIMARY KEY (`mvhID`)
) ENGINE=InnoDB DEFAULT CHARSET=utf8 AUTO_INCREMENT=1 ;

-- --------------------------------------------------------

--
-- Structure de la table `Packages`
--

CREATE TABLE IF NOT EXISTS `Packages` (
  `pkgID` int(10) unsigned NOT NULL AUTO_INCREMENT,
  `pkgName` varchar(255) NOT NULL,
  `pkgHandle` varchar(64) NOT NULL,
  `pkgDescription` text,
  `pkgDateInstalled` datetime NOT NULL,
  `pkgIsInstalled` tinyint(1) NOT NULL DEFAULT '1',
  `pkgVersion` varchar(32) DEFAULT NULL,
  `pkgAvailableVersion` varchar(32) DEFAULT NULL,
  PRIMARY KEY (`pkgID`),
  UNIQUE KEY `pkgHandle` (`pkgHandle`)
) ENGINE=InnoDB  DEFAULT CHARSET=utf8 AUTO_INCREMENT=3 ;

--
-- Contenu de la table `Packages`
--

INSERT INTO `Packages` (`pkgID`, `pkgName`, `pkgHandle`, `pkgDescription`, `pkgDateInstalled`, `pkgIsInstalled`, `pkgVersion`, `pkgAvailableVersion`) VALUES
(1, 'Form Tableless Layout', 'form_tableless_layout', 'Provides a custom template for the Form block that outputs table-less HTML, so forms can be styled via CSS.', '2015-01-20 17:59:12', 1, '1.2.1', NULL),
(2, 'Designer Content', 'designer_content', 'Create custom content blocks via the dashboard.', '2015-02-24 15:58:53', 1, '3.1.1', NULL);

-- --------------------------------------------------------

--
-- Structure de la table `PagePaths`
--

CREATE TABLE IF NOT EXISTS `PagePaths` (
  `ppID` int(10) unsigned NOT NULL AUTO_INCREMENT,
  `cID` int(10) unsigned DEFAULT '0',
  `cPath` text,
  `ppIsCanonical` varchar(1) NOT NULL DEFAULT '1',
  PRIMARY KEY (`ppID`),
  KEY `cID` (`cID`),
  KEY `ppIsCanonical` (`ppIsCanonical`)
) ENGINE=InnoDB  DEFAULT CHARSET=utf8 AUTO_INCREMENT=143 ;

--
-- Contenu de la table `PagePaths`
--

INSERT INTO `PagePaths` (`ppID`, `cID`, `cPath`, `ppIsCanonical`) VALUES
(1, 2, '/dashboard', '1'),
(2, 3, '/dashboard/composer', '1'),
(3, 4, '/dashboard/composer/write', '1'),
(4, 5, '/dashboard/composer/drafts', '1'),
(5, 6, '/dashboard/sitemap', '1'),
(6, 7, '/dashboard/sitemap/full', '1'),
(7, 8, '/dashboard/sitemap/explore', '1'),
(8, 9, '/dashboard/sitemap/search', '1'),
(9, 10, '/dashboard/files', '1'),
(10, 11, '/dashboard/files/search', '1'),
(11, 12, '/dashboard/files/attributes', '1'),
(12, 13, '/dashboard/files/sets', '1'),
(13, 14, '/dashboard/files/add_set', '1'),
(14, 15, '/dashboard/users', '1'),
(15, 16, '/dashboard/users/search', '1'),
(16, 17, '/dashboard/users/groups', '1'),
(17, 18, '/dashboard/users/attributes', '1'),
(18, 19, '/dashboard/users/add', '1'),
(19, 20, '/dashboard/users/add_group', '1'),
(20, 21, '/dashboard/users/group_sets', '1'),
(21, 22, '/dashboard/reports', '1'),
(22, 23, '/dashboard/reports/statistics', '1'),
(23, 24, '/dashboard/reports/forms', '1'),
(24, 25, '/dashboard/reports/surveys', '1'),
(25, 26, '/dashboard/reports/logs', '1'),
(26, 27, '/dashboard/pages', '1'),
(27, 28, '/dashboard/pages/themes', '1'),
(28, 29, '/dashboard/pages/themes/add', '1'),
(29, 30, '/dashboard/pages/themes/inspect', '1'),
(30, 31, '/dashboard/pages/themes/customize', '1'),
(31, 32, '/dashboard/pages/types', '1'),
(32, 33, '/dashboard/pages/types/add', '1'),
(33, 34, '/dashboard/pages/attributes', '1'),
(34, 35, '/dashboard/pages/single', '1'),
(35, 36, '/dashboard/workflow', '1'),
(36, 37, '/dashboard/workflow/list', '1'),
(37, 38, '/dashboard/workflow/me', '1'),
(38, 39, '/dashboard/blocks', '1'),
(39, 40, '/dashboard/blocks/stacks', '1'),
(40, 41, '/dashboard/blocks/permissions', '1'),
(41, 42, '/dashboard/blocks/stacks/list', '1'),
(42, 43, '/dashboard/blocks/types', '1'),
(43, 44, '/dashboard/extend', '1'),
(44, 45, '/dashboard/news', '1'),
(45, 46, '/dashboard/extend/install', '1'),
(46, 47, '/dashboard/extend/update', '1'),
(47, 48, '/dashboard/extend/connect', '1'),
(48, 49, '/dashboard/extend/themes', '1'),
(49, 50, '/dashboard/extend/add-ons', '1'),
(50, 51, '/dashboard/system', '1'),
(51, 52, '/dashboard/system/basics', '1'),
(52, 53, '/dashboard/system/basics/site_name', '1'),
(53, 54, '/dashboard/system/basics/icons', '1'),
(54, 55, '/dashboard/system/basics/editor', '1'),
(55, 56, '/dashboard/system/basics/multilingual', '1'),
(56, 57, '/dashboard/system/basics/timezone', '1'),
(57, 58, '/dashboard/system/basics/interface', '1'),
(58, 59, '/dashboard/system/seo', '1'),
(59, 60, '/dashboard/system/seo/urls', '1'),
(60, 61, '/dashboard/system/seo/bulk_seo_tool', '1'),
(61, 62, '/dashboard/system/seo/tracking_codes', '1'),
(62, 63, '/dashboard/system/seo/excluded', '1'),
(63, 64, '/dashboard/system/seo/statistics', '1'),
(64, 65, '/dashboard/system/seo/search_index', '1'),
(65, 66, '/dashboard/system/optimization', '1'),
(66, 67, '/dashboard/system/optimization/cache', '1'),
(67, 68, '/dashboard/system/optimization/clear_cache', '1'),
(68, 69, '/dashboard/system/optimization/jobs', '1'),
(69, 70, '/dashboard/system/permissions', '1'),
(70, 71, '/dashboard/system/permissions/site', '1'),
(71, 72, '/dashboard/system/permissions/files', '1'),
(72, 73, '/dashboard/system/permissions/file_types', '1'),
(73, 74, '/dashboard/system/permissions/tasks', '1'),
(74, 75, '/dashboard/system/permissions/users', '1'),
(75, 76, '/dashboard/system/permissions/advanced', '1'),
(76, 77, '/dashboard/system/permissions/ip_blacklist', '1'),
(77, 78, '/dashboard/system/permissions/captcha', '1'),
(78, 79, '/dashboard/system/permissions/antispam', '1'),
(79, 80, '/dashboard/system/permissions/maintenance_mode', '1'),
(80, 81, '/dashboard/system/registration', '1'),
(81, 82, '/dashboard/system/registration/postlogin', '1'),
(82, 83, '/dashboard/system/registration/profiles', '1'),
(83, 84, '/dashboard/system/registration/public_registration', '1'),
(84, 85, '/dashboard/system/mail', '1'),
(85, 86, '/dashboard/system/mail/method', '1'),
(86, 87, '/dashboard/system/mail/method/test_settings', '1'),
(87, 88, '/dashboard/system/mail/importers', '1'),
(88, 89, '/dashboard/system/attributes', '1'),
(89, 90, '/dashboard/system/attributes/sets', '1'),
(90, 91, '/dashboard/system/attributes/types', '1'),
(91, 92, '/dashboard/system/environment', '1'),
(92, 93, '/dashboard/system/environment/info', '1'),
(93, 94, '/dashboard/system/environment/debug', '1'),
(94, 95, '/dashboard/system/environment/logging', '1'),
(95, 96, '/dashboard/system/environment/file_storage_locations', '1'),
(96, 97, '/dashboard/system/environment/proxy', '1'),
(97, 98, '/dashboard/system/backup_restore', '1'),
(98, 99, '/dashboard/system/backup_restore/backup', '1'),
(99, 100, '/dashboard/system/backup_restore/update', '1'),
(100, 101, '/dashboard/system/backup_restore/database', '1'),
(101, 102, '/dashboard/pages/types/composer', '1'),
(102, 106, '/dashboard/welcome', '1'),
(103, 107, '/dashboard/home', '1'),
(104, 108, '/!drafts', '1'),
(105, 109, '/!trash', '1'),
(106, 110, '/!stacks', '1'),
(107, 111, '/login', '1'),
(108, 112, '/register', '1'),
(109, 113, '/profile', '1'),
(110, 114, '/profile/edit', '1'),
(111, 115, '/profile/avatar', '1'),
(112, 116, '/profile/messages', '1'),
(113, 117, '/profile/friends', '1'),
(114, 118, '/page_not_found', '1'),
(115, 119, '/page_forbidden', '1'),
(116, 120, '/download_file', '1'),
(117, 121, '/members', '1'),
(118, 124, '/dashboard/blocks/designer_content', '1'),
(120, 125, '/!trash/produit', '1'),
(123, 128, '/contact', '1'),
(124, 127, '/blog', '1'),
(135, 129, '/plan', '1'),
(141, 131, '/!trash/col1', '1'),
(142, 126, '/produit', '1');

-- --------------------------------------------------------

--
-- Structure de la table `PagePermissionAssignments`
--

CREATE TABLE IF NOT EXISTS `PagePermissionAssignments` (
  `cID` int(10) unsigned NOT NULL DEFAULT '0',
  `pkID` int(10) unsigned NOT NULL DEFAULT '0',
  `paID` int(10) unsigned NOT NULL DEFAULT '0',
  PRIMARY KEY (`cID`,`pkID`,`paID`)
) ENGINE=InnoDB DEFAULT CHARSET=utf8;

--
-- Contenu de la table `PagePermissionAssignments`
--

INSERT INTO `PagePermissionAssignments` (`cID`, `pkID`, `paID`) VALUES
(1, 1, 70),
(1, 2, 71),
(1, 3, 55),
(1, 4, 78),
(1, 5, 72),
(1, 6, 73),
(1, 7, 74),
(1, 8, 75),
(1, 9, 76),
(1, 10, 77),
(1, 11, 80),
(1, 12, 81),
(1, 13, 82),
(1, 14, 83),
(1, 15, 84),
(1, 16, 79),
(2, 1, 19),
(2, 2, 21),
(2, 3, 20),
(2, 4, 26),
(2, 5, 22),
(2, 6, 23),
(2, 7, 28),
(2, 8, 30),
(2, 9, 32),
(2, 10, 29),
(2, 11, 33),
(2, 12, 34),
(2, 13, 24),
(2, 14, 27),
(2, 15, 25),
(2, 16, 31),
(42, 1, 35),
(42, 3, 36),
(111, 1, 39),
(111, 3, 40),
(112, 1, 41),
(112, 3, 42),
(126, 1, 85),
(126, 2, 86),
(126, 3, 55),
(126, 4, 93),
(126, 5, 87),
(126, 6, 88),
(126, 7, 89),
(126, 8, 90),
(126, 9, 91),
(126, 10, 92),
(126, 11, 95),
(126, 12, 96),
(126, 13, 97),
(126, 14, 98),
(126, 15, 99),
(126, 16, 94);

-- --------------------------------------------------------

--
-- Structure de la table `PagePermissionPageTypeAccessList`
--

CREATE TABLE IF NOT EXISTS `PagePermissionPageTypeAccessList` (
  `paID` int(10) unsigned NOT NULL DEFAULT '0',
  `peID` int(10) unsigned NOT NULL DEFAULT '0',
  `permission` varchar(1) NOT NULL DEFAULT '1',
  `externalLink` tinyint(1) NOT NULL DEFAULT '0',
  PRIMARY KEY (`paID`,`peID`)
) ENGINE=InnoDB DEFAULT CHARSET=utf8;

-- --------------------------------------------------------

--
-- Structure de la table `PagePermissionPageTypeAccessListCustom`
--

CREATE TABLE IF NOT EXISTS `PagePermissionPageTypeAccessListCustom` (
  `paID` int(10) unsigned NOT NULL DEFAULT '0',
  `peID` int(10) unsigned NOT NULL DEFAULT '0',
  `ctID` int(10) unsigned NOT NULL DEFAULT '0',
  PRIMARY KEY (`paID`,`peID`,`ctID`)
) ENGINE=InnoDB DEFAULT CHARSET=utf8;

-- --------------------------------------------------------

--
-- Structure de la table `PagePermissionPropertyAccessList`
--

CREATE TABLE IF NOT EXISTS `PagePermissionPropertyAccessList` (
  `paID` int(10) unsigned NOT NULL DEFAULT '0',
  `peID` int(10) unsigned NOT NULL DEFAULT '0',
  `name` int(1) unsigned DEFAULT '0',
  `publicDateTime` int(1) unsigned DEFAULT '0',
  `uID` int(1) unsigned DEFAULT '0',
  `description` int(1) unsigned DEFAULT '0',
  `paths` int(1) unsigned DEFAULT '0',
  `attributePermission` varchar(1) NOT NULL DEFAULT '1',
  PRIMARY KEY (`paID`,`peID`)
) ENGINE=InnoDB DEFAULT CHARSET=utf8;

-- --------------------------------------------------------

--
-- Structure de la table `PagePermissionPropertyAttributeAccessListCustom`
--

CREATE TABLE IF NOT EXISTS `PagePermissionPropertyAttributeAccessListCustom` (
  `paID` int(10) unsigned NOT NULL DEFAULT '0',
  `peID` int(10) unsigned NOT NULL DEFAULT '0',
  `akID` int(10) unsigned NOT NULL DEFAULT '0',
  PRIMARY KEY (`paID`,`peID`,`akID`)
) ENGINE=InnoDB DEFAULT CHARSET=utf8;

-- --------------------------------------------------------

--
-- Structure de la table `PagePermissionThemeAccessList`
--

CREATE TABLE IF NOT EXISTS `PagePermissionThemeAccessList` (
  `paID` int(10) unsigned NOT NULL DEFAULT '0',
  `peID` int(10) unsigned NOT NULL DEFAULT '0',
  `permission` varchar(1) NOT NULL DEFAULT '1',
  PRIMARY KEY (`paID`,`peID`)
) ENGINE=InnoDB DEFAULT CHARSET=utf8;

-- --------------------------------------------------------

--
-- Structure de la table `PagePermissionThemeAccessListCustom`
--

CREATE TABLE IF NOT EXISTS `PagePermissionThemeAccessListCustom` (
  `paID` int(10) unsigned NOT NULL DEFAULT '0',
  `peID` int(10) unsigned NOT NULL DEFAULT '0',
  `ptID` int(10) unsigned NOT NULL DEFAULT '0',
  PRIMARY KEY (`paID`,`peID`,`ptID`)
) ENGINE=InnoDB DEFAULT CHARSET=utf8;

-- --------------------------------------------------------

--
-- Structure de la table `Pages`
--

CREATE TABLE IF NOT EXISTS `Pages` (
  `cID` int(10) unsigned NOT NULL DEFAULT '0',
  `cIsTemplate` int(1) unsigned NOT NULL DEFAULT '0',
  `uID` int(10) unsigned DEFAULT NULL,
  `cIsCheckedOut` tinyint(1) NOT NULL DEFAULT '0',
  `cCheckedOutUID` int(10) unsigned DEFAULT NULL,
  `cCheckedOutDatetime` datetime DEFAULT NULL,
  `cCheckedOutDatetimeLastEdit` datetime DEFAULT NULL,
  `cOverrideTemplatePermissions` tinyint(1) NOT NULL DEFAULT '1',
  `cInheritPermissionsFromCID` int(10) unsigned NOT NULL DEFAULT '0',
  `cInheritPermissionsFrom` varchar(8) NOT NULL DEFAULT 'PARENT',
  `cFilename` varchar(255) DEFAULT NULL,
  `cPointerID` int(10) unsigned NOT NULL DEFAULT '0',
  `cPointerExternalLink` longtext,
  `cPointerExternalLinkNewWindow` tinyint(1) NOT NULL DEFAULT '0',
  `cIsActive` tinyint(1) NOT NULL DEFAULT '1',
  `cChildren` int(10) unsigned NOT NULL DEFAULT '0',
  `cDisplayOrder` int(10) unsigned NOT NULL DEFAULT '0',
  `cParentID` int(10) unsigned NOT NULL DEFAULT '0',
  `pkgID` int(10) unsigned NOT NULL DEFAULT '0',
  `cCacheFullPageContent` int(4) NOT NULL DEFAULT '-1',
  `cCacheFullPageContentOverrideLifetime` varchar(32) NOT NULL DEFAULT '0',
  `cCacheFullPageContentLifetimeCustom` int(10) unsigned NOT NULL DEFAULT '0',
  `cIsSystemPage` tinyint(1) NOT NULL DEFAULT '0',
  PRIMARY KEY (`cID`),
  KEY `cParentID` (`cParentID`),
  KEY `cIsActive` (`cIsActive`),
  KEY `cCheckedOutUID` (`cCheckedOutUID`),
  KEY `uID` (`uID`),
  KEY `cPointerID` (`cPointerID`),
  KEY `cIsTemplate` (`cIsTemplate`),
  KEY `cIsSystemPage` (`cIsSystemPage`)
) ENGINE=InnoDB DEFAULT CHARSET=utf8;

--
-- Contenu de la table `Pages`
--

INSERT INTO `Pages` (`cID`, `cIsTemplate`, `uID`, `cIsCheckedOut`, `cCheckedOutUID`, `cCheckedOutDatetime`, `cCheckedOutDatetimeLastEdit`, `cOverrideTemplatePermissions`, `cInheritPermissionsFromCID`, `cInheritPermissionsFrom`, `cFilename`, `cPointerID`, `cPointerExternalLink`, `cPointerExternalLinkNewWindow`, `cIsActive`, `cChildren`, `cDisplayOrder`, `cParentID`, `pkgID`, `cCacheFullPageContent`, `cCacheFullPageContentOverrideLifetime`, `cCacheFullPageContentLifetimeCustom`, `cIsSystemPage`) VALUES
(1, 0, 1, 0, NULL, NULL, NULL, 1, 1, 'OVERRIDE', NULL, 0, NULL, 0, 1, 15, 0, 0, 0, -1, '0', 0, 0),
(2, 0, 1, 0, NULL, NULL, NULL, 1, 2, 'OVERRIDE', '/dashboard/view.php', 0, NULL, 0, 1, 13, 0, 0, 0, -1, '0', 0, 1),
(3, 0, 1, 0, NULL, NULL, NULL, 1, 2, 'PARENT', '/dashboard/composer/view.php', 0, NULL, 0, 1, 2, 0, 2, 0, -1, '0', 0, 1),
(4, 0, 1, 0, NULL, NULL, NULL, 1, 2, 'PARENT', '/dashboard/composer/write.php', 0, NULL, 0, 1, 0, 0, 3, 0, -1, '0', 0, 1),
(5, 0, 1, 0, NULL, NULL, NULL, 1, 2, 'PARENT', '/dashboard/composer/drafts.php', 0, NULL, 0, 1, 0, 1, 3, 0, -1, '0', 0, 1),
(6, 0, 1, 0, NULL, NULL, NULL, 1, 2, 'PARENT', '/dashboard/sitemap/view.php', 0, NULL, 0, 1, 3, 1, 2, 0, -1, '0', 0, 1),
(7, 0, 1, 0, NULL, NULL, NULL, 1, 2, 'PARENT', '/dashboard/sitemap/full.php', 0, NULL, 0, 1, 0, 0, 6, 0, -1, '0', 0, 1),
(8, 0, 1, 0, NULL, NULL, NULL, 1, 2, 'PARENT', '/dashboard/sitemap/explore.php', 0, NULL, 0, 1, 0, 1, 6, 0, -1, '0', 0, 1),
(9, 0, 1, 0, NULL, NULL, NULL, 1, 2, 'PARENT', '/dashboard/sitemap/search.php', 0, NULL, 0, 1, 0, 2, 6, 0, -1, '0', 0, 1),
(10, 0, 1, 0, NULL, NULL, NULL, 1, 2, 'PARENT', '/dashboard/files/view.php', 0, NULL, 0, 1, 4, 2, 2, 0, -1, '0', 0, 1),
(11, 0, 1, 0, NULL, NULL, NULL, 1, 2, 'PARENT', '/dashboard/files/search.php', 0, NULL, 0, 1, 0, 0, 10, 0, -1, '0', 0, 1),
(12, 0, 1, 0, NULL, NULL, NULL, 1, 2, 'PARENT', '/dashboard/files/attributes.php', 0, NULL, 0, 1, 0, 1, 10, 0, -1, '0', 0, 1),
(13, 0, 1, 0, NULL, NULL, NULL, 1, 2, 'PARENT', '/dashboard/files/sets.php', 0, NULL, 0, 1, 0, 2, 10, 0, -1, '0', 0, 1),
(14, 0, 1, 0, NULL, NULL, NULL, 1, 2, 'PARENT', '/dashboard/files/add_set.php', 0, NULL, 0, 1, 0, 3, 10, 0, -1, '0', 0, 1),
(15, 0, 1, 0, NULL, NULL, NULL, 1, 2, 'PARENT', '/dashboard/users/view.php', 0, NULL, 0, 1, 6, 3, 2, 0, -1, '0', 0, 1),
(16, 0, 1, 0, NULL, NULL, NULL, 1, 2, 'PARENT', '/dashboard/users/search.php', 0, NULL, 0, 1, 0, 0, 15, 0, -1, '0', 0, 1),
(17, 0, 1, 0, NULL, NULL, NULL, 1, 2, 'PARENT', '/dashboard/users/groups.php', 0, NULL, 0, 1, 0, 1, 15, 0, -1, '0', 0, 1),
(18, 0, 1, 0, NULL, NULL, NULL, 1, 2, 'PARENT', '/dashboard/users/attributes.php', 0, NULL, 0, 1, 0, 2, 15, 0, -1, '0', 0, 1),
(19, 0, 1, 0, NULL, NULL, NULL, 1, 2, 'PARENT', '/dashboard/users/add.php', 0, NULL, 0, 1, 0, 3, 15, 0, -1, '0', 0, 1),
(20, 0, 1, 0, NULL, NULL, NULL, 1, 2, 'PARENT', '/dashboard/users/add_group.php', 0, NULL, 0, 1, 0, 4, 15, 0, -1, '0', 0, 1),
(21, 0, 1, 0, NULL, NULL, NULL, 1, 2, 'PARENT', '/dashboard/users/group_sets.php', 0, NULL, 0, 1, 0, 5, 15, 0, -1, '0', 0, 1),
(22, 0, 1, 0, NULL, NULL, NULL, 1, 2, 'PARENT', '/dashboard/reports.php', 0, NULL, 0, 1, 4, 4, 2, 0, -1, '0', 0, 1),
(23, 0, 1, 0, NULL, NULL, NULL, 1, 2, 'PARENT', '/dashboard/reports/statistics.php', 0, NULL, 0, 1, 0, 0, 22, 0, -1, '0', 0, 1),
(24, 0, 1, 0, NULL, NULL, NULL, 1, 2, 'PARENT', '/dashboard/reports/forms.php', 0, NULL, 0, 1, 0, 1, 22, 0, -1, '0', 0, 1),
(25, 0, 1, 0, NULL, NULL, NULL, 1, 2, 'PARENT', '/dashboard/reports/surveys.php', 0, NULL, 0, 1, 0, 2, 22, 0, -1, '0', 0, 1),
(26, 0, 1, 0, NULL, NULL, NULL, 1, 2, 'PARENT', '/dashboard/reports/logs.php', 0, NULL, 0, 1, 0, 3, 22, 0, -1, '0', 0, 1),
(27, 0, 1, 0, NULL, NULL, NULL, 1, 2, 'PARENT', '/dashboard/pages/view.php', 0, NULL, 0, 1, 4, 5, 2, 0, -1, '0', 0, 1),
(28, 0, 1, 0, NULL, NULL, NULL, 1, 2, 'PARENT', '/dashboard/pages/themes/view.php', 0, NULL, 0, 1, 3, 0, 27, 0, -1, '0', 0, 1),
(29, 0, 1, 0, NULL, NULL, NULL, 1, 2, 'PARENT', '/dashboard/pages/themes/add.php', 0, NULL, 0, 1, 0, 0, 28, 0, -1, '0', 0, 1),
(30, 0, 1, 0, NULL, NULL, NULL, 1, 2, 'PARENT', '/dashboard/pages/themes/inspect.php', 0, NULL, 0, 1, 0, 1, 28, 0, -1, '0', 0, 1),
(31, 0, 1, 0, NULL, NULL, NULL, 1, 2, 'PARENT', '/dashboard/pages/themes/customize.php', 0, NULL, 0, 1, 0, 2, 28, 0, -1, '0', 0, 1),
(32, 0, 1, 0, NULL, NULL, NULL, 1, 2, 'PARENT', '/dashboard/pages/types/view.php', 0, NULL, 0, 1, 2, 1, 27, 0, -1, '0', 0, 1),
(33, 0, 1, 0, NULL, NULL, NULL, 1, 2, 'PARENT', '/dashboard/pages/types/add.php', 0, NULL, 0, 1, 0, 0, 32, 0, -1, '0', 0, 1),
(34, 0, 1, 0, NULL, NULL, NULL, 1, 2, 'PARENT', '/dashboard/pages/attributes.php', 0, NULL, 0, 1, 0, 2, 27, 0, -1, '0', 0, 1),
(35, 0, 1, 0, NULL, NULL, NULL, 1, 2, 'PARENT', '/dashboard/pages/single.php', 0, NULL, 0, 1, 0, 3, 27, 0, -1, '0', 0, 1),
(36, 0, 1, 0, NULL, NULL, NULL, 1, 2, 'PARENT', '/dashboard/workflow/view.php', 0, NULL, 0, 1, 2, 6, 2, 0, -1, '0', 0, 1),
(37, 0, 1, 0, NULL, NULL, NULL, 1, 2, 'PARENT', '/dashboard/workflow/list.php', 0, NULL, 0, 1, 0, 0, 36, 0, -1, '0', 0, 1),
(38, 0, 1, 0, NULL, NULL, NULL, 1, 2, 'PARENT', '/dashboard/workflow/me.php', 0, NULL, 0, 1, 0, 1, 36, 0, -1, '0', 0, 1),
(39, 0, 1, 0, NULL, NULL, NULL, 1, 2, 'PARENT', '/dashboard/blocks/view.php', 0, NULL, 0, 1, 4, 7, 2, 0, -1, '0', 0, 1),
(40, 0, 1, 0, NULL, NULL, NULL, 1, 2, 'PARENT', '/dashboard/blocks/stacks/view.php', 0, NULL, 0, 1, 1, 0, 39, 0, -1, '0', 0, 1),
(41, 0, 1, 0, NULL, NULL, NULL, 1, 2, 'PARENT', '/dashboard/blocks/permissions.php', 0, NULL, 0, 1, 0, 1, 39, 0, -1, '0', 0, 1),
(42, 0, 1, 0, NULL, NULL, NULL, 1, 42, 'OVERRIDE', '/dashboard/blocks/stacks/list/view.php', 0, NULL, 0, 1, 0, 0, 40, 0, -1, '0', 0, 1),
(43, 0, 1, 0, NULL, NULL, NULL, 1, 2, 'PARENT', '/dashboard/blocks/types/view.php', 0, NULL, 0, 1, 0, 2, 39, 0, -1, '0', 0, 1),
(44, 0, 1, 0, NULL, NULL, NULL, 1, 2, 'PARENT', '/dashboard/extend/view.php', 0, NULL, 0, 1, 5, 8, 2, 0, -1, '0', 0, 1),
(45, 0, 1, 0, NULL, NULL, NULL, 1, 2, 'PARENT', '/dashboard/news.php', 0, NULL, 0, 1, 0, 9, 2, 0, -1, '0', 0, 1),
(46, 0, 1, 0, NULL, NULL, NULL, 1, 2, 'PARENT', '/dashboard/extend/install.php', 0, NULL, 0, 1, 0, 0, 44, 0, -1, '0', 0, 1),
(47, 0, 1, 0, NULL, NULL, NULL, 1, 2, 'PARENT', '/dashboard/extend/update.php', 0, NULL, 0, 1, 0, 1, 44, 0, -1, '0', 0, 1),
(48, 0, 1, 0, NULL, NULL, NULL, 1, 2, 'PARENT', '/dashboard/extend/connect.php', 0, NULL, 0, 1, 0, 2, 44, 0, -1, '0', 0, 1),
(49, 0, 1, 0, NULL, NULL, NULL, 1, 2, 'PARENT', '/dashboard/extend/themes.php', 0, NULL, 0, 1, 0, 3, 44, 0, -1, '0', 0, 1),
(50, 0, 1, 0, NULL, NULL, NULL, 1, 2, 'PARENT', '/dashboard/extend/add-ons.php', 0, NULL, 0, 1, 0, 4, 44, 0, -1, '0', 0, 1),
(51, 0, 1, 0, NULL, NULL, NULL, 1, 2, 'PARENT', '/dashboard/system/view.php', 0, NULL, 0, 1, 9, 10, 2, 0, -1, '0', 0, 1),
(52, 0, 1, 0, NULL, NULL, NULL, 1, 2, 'PARENT', '/dashboard/system/basics/view.php', 0, NULL, 0, 1, 6, 0, 51, 0, -1, '0', 0, 1),
(53, 0, 1, 0, NULL, NULL, NULL, 1, 2, 'PARENT', '/dashboard/system/basics/site_name.php', 0, NULL, 0, 1, 0, 0, 52, 0, -1, '0', 0, 1),
(54, 0, 1, 0, NULL, NULL, NULL, 1, 2, 'PARENT', '/dashboard/system/basics/icons.php', 0, NULL, 0, 1, 0, 1, 52, 0, -1, '0', 0, 1),
(55, 0, 1, 0, NULL, NULL, NULL, 1, 2, 'PARENT', '/dashboard/system/basics/editor.php', 0, NULL, 0, 1, 0, 2, 52, 0, -1, '0', 0, 1),
(56, 0, 1, 0, NULL, NULL, NULL, 1, 2, 'PARENT', '/dashboard/system/basics/multilingual/view.php', 0, NULL, 0, 1, 0, 3, 52, 0, -1, '0', 0, 1),
(57, 0, 1, 0, NULL, NULL, NULL, 1, 2, 'PARENT', '/dashboard/system/basics/timezone.php', 0, NULL, 0, 1, 0, 4, 52, 0, -1, '0', 0, 1),
(58, 0, 1, 0, NULL, NULL, NULL, 1, 2, 'PARENT', '/dashboard/system/basics/interface.php', 0, NULL, 0, 1, 0, 5, 52, 0, -1, '0', 0, 1),
(59, 0, 1, 0, NULL, NULL, NULL, 1, 2, 'PARENT', '/dashboard/system/seo/view.php', 0, NULL, 0, 1, 6, 1, 51, 0, -1, '0', 0, 1),
(60, 0, 1, 0, NULL, NULL, NULL, 1, 2, 'PARENT', '/dashboard/system/seo/urls.php', 0, NULL, 0, 1, 0, 0, 59, 0, -1, '0', 0, 1),
(61, 0, 1, 0, NULL, NULL, NULL, 1, 2, 'PARENT', '/dashboard/system/seo/bulk_seo_tool.php', 0, NULL, 0, 1, 0, 1, 59, 0, -1, '0', 0, 1),
(62, 0, 1, 0, NULL, NULL, NULL, 1, 2, 'PARENT', '/dashboard/system/seo/tracking_codes.php', 0, NULL, 0, 1, 0, 2, 59, 0, -1, '0', 0, 1),
(63, 0, 1, 0, NULL, NULL, NULL, 1, 2, 'PARENT', '/dashboard/system/seo/excluded.php', 0, NULL, 0, 1, 0, 3, 59, 0, -1, '0', 0, 1),
(64, 0, 1, 0, NULL, NULL, NULL, 1, 2, 'PARENT', '/dashboard/system/seo/statistics.php', 0, NULL, 0, 1, 0, 4, 59, 0, -1, '0', 0, 1),
(65, 0, 1, 0, NULL, NULL, NULL, 1, 2, 'PARENT', '/dashboard/system/seo/search_index.php', 0, NULL, 0, 1, 0, 5, 59, 0, -1, '0', 0, 1),
(66, 0, 1, 0, NULL, NULL, NULL, 1, 2, 'PARENT', '/dashboard/system/optimization/view.php', 0, NULL, 0, 1, 3, 2, 51, 0, -1, '0', 0, 1),
(67, 0, 1, 0, NULL, NULL, NULL, 1, 2, 'PARENT', '/dashboard/system/optimization/cache.php', 0, NULL, 0, 1, 0, 0, 66, 0, -1, '0', 0, 1),
(68, 0, 1, 0, NULL, NULL, NULL, 1, 2, 'PARENT', '/dashboard/system/optimization/clear_cache.php', 0, NULL, 0, 1, 0, 1, 66, 0, -1, '0', 0, 1),
(69, 0, 1, 0, NULL, NULL, NULL, 1, 2, 'PARENT', '/dashboard/system/optimization/jobs.php', 0, NULL, 0, 1, 0, 2, 66, 0, -1, '0', 0, 1),
(70, 0, 1, 0, NULL, NULL, NULL, 1, 2, 'PARENT', '/dashboard/system/permissions/view.php', 0, NULL, 0, 1, 10, 3, 51, 0, -1, '0', 0, 1),
(71, 0, 1, 0, NULL, NULL, NULL, 1, 2, 'PARENT', '/dashboard/system/permissions/site.php', 0, NULL, 0, 1, 0, 0, 70, 0, -1, '0', 0, 1),
(72, 0, 1, 0, NULL, NULL, NULL, 1, 2, 'PARENT', '/dashboard/system/permissions/files.php', 0, NULL, 0, 1, 0, 1, 70, 0, -1, '0', 0, 1),
(73, 0, 1, 0, NULL, NULL, NULL, 1, 2, 'PARENT', '/dashboard/system/permissions/file_types.php', 0, NULL, 0, 1, 0, 2, 70, 0, -1, '0', 0, 1),
(74, 0, 1, 0, NULL, NULL, NULL, 1, 2, 'PARENT', '/dashboard/system/permissions/tasks.php', 0, NULL, 0, 1, 0, 3, 70, 0, -1, '0', 0, 1),
(75, 0, 1, 0, NULL, NULL, NULL, 1, 2, 'PARENT', '/dashboard/system/permissions/users.php', 0, NULL, 0, 1, 0, 4, 70, 0, -1, '0', 0, 1),
(76, 0, 1, 0, NULL, NULL, NULL, 1, 2, 'PARENT', '/dashboard/system/permissions/advanced.php', 0, NULL, 0, 1, 0, 5, 70, 0, -1, '0', 0, 1),
(77, 0, 1, 0, NULL, NULL, NULL, 1, 2, 'PARENT', '/dashboard/system/permissions/ip_blacklist.php', 0, NULL, 0, 1, 0, 6, 70, 0, -1, '0', 0, 1),
(78, 0, 1, 0, NULL, NULL, NULL, 1, 2, 'PARENT', '/dashboard/system/permissions/captcha.php', 0, NULL, 0, 1, 0, 7, 70, 0, -1, '0', 0, 1),
(79, 0, 1, 0, NULL, NULL, NULL, 1, 2, 'PARENT', '/dashboard/system/permissions/antispam.php', 0, NULL, 0, 1, 0, 8, 70, 0, -1, '0', 0, 1),
(80, 0, 1, 0, NULL, NULL, NULL, 1, 2, 'PARENT', '/dashboard/system/permissions/maintenance_mode.php', 0, NULL, 0, 1, 0, 9, 70, 0, -1, '0', 0, 1),
(81, 0, 1, 0, NULL, NULL, NULL, 1, 2, 'PARENT', '/dashboard/system/registration/view.php', 0, NULL, 0, 1, 3, 4, 51, 0, -1, '0', 0, 1),
(82, 0, 1, 0, NULL, NULL, NULL, 1, 2, 'PARENT', '/dashboard/system/registration/postlogin.php', 0, NULL, 0, 1, 0, 0, 81, 0, -1, '0', 0, 1),
(83, 0, 1, 0, NULL, NULL, NULL, 1, 2, 'PARENT', '/dashboard/system/registration/profiles.php', 0, NULL, 0, 1, 0, 1, 81, 0, -1, '0', 0, 1),
(84, 0, 1, 0, NULL, NULL, NULL, 1, 2, 'PARENT', '/dashboard/system/registration/public_registration.php', 0, NULL, 0, 1, 0, 2, 81, 0, -1, '0', 0, 1),
(85, 0, 1, 0, NULL, NULL, NULL, 1, 2, 'PARENT', '/dashboard/system/mail/view.php', 0, NULL, 0, 1, 2, 5, 51, 0, -1, '0', 0, 1),
(86, 0, 1, 0, NULL, NULL, NULL, 1, 2, 'PARENT', '/dashboard/system/mail/method.php', 0, NULL, 0, 1, 1, 0, 85, 0, -1, '0', 0, 1),
(87, 0, 1, 0, NULL, NULL, NULL, 1, 2, 'PARENT', '/dashboard/system/mail/method/test_settings.php', 0, NULL, 0, 1, 0, 0, 86, 0, -1, '0', 0, 1),
(88, 0, 1, 0, NULL, NULL, NULL, 1, 2, 'PARENT', '/dashboard/system/mail/importers.php', 0, NULL, 0, 1, 0, 1, 85, 0, -1, '0', 0, 1),
(89, 0, 1, 0, NULL, NULL, NULL, 1, 2, 'PARENT', '/dashboard/system/attributes/view.php', 0, NULL, 0, 1, 2, 6, 51, 0, -1, '0', 0, 1),
(90, 0, 1, 0, NULL, NULL, NULL, 1, 2, 'PARENT', '/dashboard/system/attributes/sets.php', 0, NULL, 0, 1, 0, 0, 89, 0, -1, '0', 0, 1),
(91, 0, 1, 0, NULL, NULL, NULL, 1, 2, 'PARENT', '/dashboard/system/attributes/types.php', 0, NULL, 0, 1, 0, 1, 89, 0, -1, '0', 0, 1),
(92, 0, 1, 0, NULL, NULL, NULL, 1, 2, 'PARENT', '/dashboard/system/environment/view.php', 0, NULL, 0, 1, 5, 7, 51, 0, -1, '0', 0, 1),
(93, 0, 1, 0, NULL, NULL, NULL, 1, 2, 'PARENT', '/dashboard/system/environment/info.php', 0, NULL, 0, 1, 0, 0, 92, 0, -1, '0', 0, 1),
(94, 0, 1, 0, NULL, NULL, NULL, 1, 2, 'PARENT', '/dashboard/system/environment/debug.php', 0, NULL, 0, 1, 0, 1, 92, 0, -1, '0', 0, 1),
(95, 0, 1, 0, NULL, NULL, NULL, 1, 2, 'PARENT', '/dashboard/system/environment/logging.php', 0, NULL, 0, 1, 0, 2, 92, 0, -1, '0', 0, 1),
(96, 0, 1, 0, NULL, NULL, NULL, 1, 2, 'PARENT', '/dashboard/system/environment/file_storage_locations.php', 0, NULL, 0, 1, 0, 3, 92, 0, -1, '0', 0, 1),
(97, 0, 1, 0, NULL, NULL, NULL, 1, 2, 'PARENT', '/dashboard/system/environment/proxy.php', 0, NULL, 0, 1, 0, 4, 92, 0, -1, '0', 0, 1),
(98, 0, 1, 0, NULL, NULL, NULL, 1, 2, 'PARENT', '/dashboard/system/backup_restore/view.php', 0, NULL, 0, 1, 3, 8, 51, 0, -1, '0', 0, 1),
(99, 0, 1, 0, NULL, NULL, NULL, 1, 2, 'PARENT', '/dashboard/system/backup_restore/backup.php', 0, NULL, 0, 1, 0, 0, 98, 0, -1, '0', 0, 1),
(100, 0, 1, 0, NULL, NULL, NULL, 1, 2, 'PARENT', '/dashboard/system/backup_restore/update.php', 0, NULL, 0, 1, 0, 1, 98, 0, -1, '0', 0, 1),
(101, 0, 1, 0, NULL, NULL, NULL, 1, 2, 'PARENT', '/dashboard/system/backup_restore/database.php', 0, NULL, 0, 1, 0, 2, 98, 0, -1, '0', 0, 1),
(102, 0, 1, 0, NULL, NULL, NULL, 1, 2, 'PARENT', '/dashboard/pages/types/composer.php', 0, NULL, 0, 1, 0, 1, 32, 0, -1, '0', 0, 1),
(103, 1, NULL, 0, NULL, NULL, NULL, 1, 0, 'PARENT', NULL, 0, NULL, 0, 1, 0, 0, 0, 0, -1, '0', 0, 0),
(104, 1, NULL, 0, NULL, NULL, NULL, 1, 0, 'PARENT', NULL, 0, NULL, 0, 1, 0, 0, 0, 0, -1, '0', 0, 0),
(105, 1, NULL, 0, NULL, NULL, NULL, 1, 0, 'PARENT', NULL, 0, NULL, 0, 1, 0, 0, 0, 0, -1, '0', 0, 0),
(106, 0, 1, 0, NULL, NULL, NULL, 1, 2, 'PARENT', NULL, 0, NULL, 0, 1, 0, 11, 2, 0, -1, '0', 0, 1),
(107, 0, 1, 0, NULL, NULL, NULL, 1, 2, 'PARENT', NULL, 0, NULL, 0, 1, 0, 12, 2, 0, -1, '0', 0, 1),
(108, 0, 1, 0, NULL, NULL, NULL, 1, 1, 'PARENT', '/!drafts/view.php', 0, NULL, 0, 1, 0, 0, 0, 0, -1, '0', 0, 1),
(109, 0, 1, 0, NULL, NULL, NULL, 1, 1, 'PARENT', '/!trash/view.php', 0, NULL, 0, 1, 2, 0, 0, 0, -1, '0', 0, 1),
(110, 0, 1, 0, NULL, NULL, NULL, 1, 1, 'PARENT', '/!stacks/view.php', 0, NULL, 0, 1, 0, 0, 0, 0, -1, '0', 0, 1),
(111, 0, 1, 0, NULL, NULL, NULL, 1, 111, 'OVERRIDE', '/login.php', 0, NULL, 0, 1, 0, 0, 0, 0, -1, '0', 0, 1),
(112, 0, 1, 0, NULL, NULL, NULL, 1, 112, 'OVERRIDE', '/register.php', 0, NULL, 0, 1, 0, 0, 0, 0, -1, '0', 0, 1),
(113, 0, 1, 0, NULL, NULL, NULL, 1, 1, 'PARENT', '/profile/view.php', 0, NULL, 0, 1, 4, 0, 1, 0, -1, '0', 0, 1),
(114, 0, 1, 0, NULL, NULL, NULL, 1, 1, 'PARENT', '/profile/edit.php', 0, NULL, 0, 1, 0, 0, 113, 0, -1, '0', 0, 1),
(115, 0, 1, 0, NULL, NULL, NULL, 1, 1, 'PARENT', '/profile/avatar.php', 0, NULL, 0, 1, 0, 1, 113, 0, -1, '0', 0, 1),
(116, 0, 1, 0, NULL, NULL, NULL, 1, 1, 'PARENT', '/profile/messages.php', 0, NULL, 0, 1, 0, 2, 113, 0, -1, '0', 0, 1),
(117, 0, 1, 0, NULL, NULL, NULL, 1, 1, 'PARENT', '/profile/friends.php', 0, NULL, 0, 1, 0, 3, 113, 0, -1, '0', 0, 1),
(118, 0, 1, 0, NULL, NULL, NULL, 1, 1, 'PARENT', '/page_not_found.php', 0, NULL, 0, 1, 0, 1, 0, 0, -1, '0', 0, 1),
(119, 0, 1, 0, NULL, NULL, NULL, 1, 1, 'PARENT', '/page_forbidden.php', 0, NULL, 0, 1, 0, 1, 0, 0, -1, '0', 0, 1),
(120, 0, 1, 0, NULL, NULL, NULL, 1, 1, 'PARENT', '/download_file.php', 0, NULL, 0, 1, 0, 1, 1, 0, -1, '0', 0, 1),
(121, 0, 1, 0, NULL, NULL, NULL, 1, 1, 'PARENT', '/members.php', 0, NULL, 0, 1, 0, 2, 1, 0, -1, '0', 0, 1),
(122, 1, NULL, 0, NULL, NULL, NULL, 1, 0, 'PARENT', NULL, 0, NULL, 0, 1, 0, 0, 0, 0, -1, '0', 0, 0),
(123, 1, NULL, 0, NULL, NULL, NULL, 1, 0, 'PARENT', NULL, 0, NULL, 0, 1, 0, 0, 0, 0, -1, '0', 0, 0),
(124, 0, 1, 0, NULL, NULL, NULL, 1, 2, 'PARENT', '/dashboard/blocks/designer_content.php', 0, NULL, 0, 1, 0, 3, 39, 2, -1, '0', 0, 1),
(125, 0, 1, 0, NULL, NULL, NULL, 1, 1, 'PARENT', NULL, 0, NULL, 0, 0, 0, 4, 109, 0, -1, '0', 0, 1),
(126, 0, 1, 0, NULL, NULL, NULL, 1, 126, 'OVERRIDE', NULL, 0, NULL, 0, 1, 0, 3, 1, 0, -1, '0', 0, 0),
(127, 0, 1, 0, NULL, NULL, NULL, 1, 1, 'PARENT', NULL, 0, NULL, 0, 1, 0, 4, 1, 0, -1, '0', 0, 0),
(128, 0, 1, 0, NULL, NULL, NULL, 1, 1, 'PARENT', NULL, 0, NULL, 0, 1, 0, 5, 1, 0, -1, '0', 0, 0),
(129, 0, 1, 0, NULL, NULL, NULL, 1, 1, 'PARENT', NULL, 0, NULL, 0, 1, 0, 6, 1, 0, -1, '0', 0, 0),
(130, 1, NULL, 0, NULL, NULL, NULL, 1, 0, 'PARENT', NULL, 0, NULL, 0, 1, 0, 0, 0, 0, -1, '0', 0, 0),
(131, 0, 1, 0, NULL, NULL, NULL, 1, 1, 'PARENT', NULL, 0, NULL, 0, 0, 0, 8, 109, 0, -1, '0', 0, 1);

-- --------------------------------------------------------

--
-- Structure de la table `PageSearchIndex`
--

CREATE TABLE IF NOT EXISTS `PageSearchIndex` (
  `cID` int(10) unsigned NOT NULL DEFAULT '0',
  `content` longtext,
  `cName` varchar(255) DEFAULT NULL,
  `cDescription` text,
  `cPath` text,
  `cDatePublic` datetime DEFAULT NULL,
  `cDateLastIndexed` datetime DEFAULT NULL,
  `cDateLastSitemapped` datetime DEFAULT NULL,
  `cRequiresReindex` tinyint(1) unsigned DEFAULT '0',
  PRIMARY KEY (`cID`),
  KEY `cDateLastIndexed` (`cDateLastIndexed`),
  KEY `cDateLastSitemapped` (`cDateLastSitemapped`),
  KEY `cRequiresReindex` (`cRequiresReindex`),
  FULLTEXT KEY `cName` (`cName`),
  FULLTEXT KEY `cDescription` (`cDescription`),
  FULLTEXT KEY `content` (`content`),
  FULLTEXT KEY `content2` (`cName`,`cDescription`,`content`)
) ENGINE=MyISAM DEFAULT CHARSET=utf8;

--
-- Contenu de la table `PageSearchIndex`
--

INSERT INTO `PageSearchIndex` (`cID`, `content`, `cName`, `cDescription`, `cPath`, `cDatePublic`, `cDateLastIndexed`, `cDateLastSitemapped`, `cRequiresReindex`) VALUES
(3, '', 'Composer', 'Write for your site.', '/dashboard/composer', '2014-12-09 16:48:26', '2014-12-09 16:49:07', NULL, 0),
(4, '', 'Write', '', '/dashboard/composer/write', '2014-12-09 16:48:26', '2014-12-09 16:49:07', NULL, 0),
(5, '', 'Drafts', '', '/dashboard/composer/drafts', '2014-12-09 16:48:26', '2014-12-09 16:49:07', NULL, 0),
(6, '', 'Sitemap', 'Whole world at a glance.', '/dashboard/sitemap', '2014-12-09 16:48:27', '2014-12-09 16:49:07', NULL, 0),
(7, '', 'Full Sitemap', '', '/dashboard/sitemap/full', '2014-12-09 16:48:27', '2014-12-09 16:49:08', NULL, 0),
(8, '', 'Flat View', '', '/dashboard/sitemap/explore', '2014-12-09 16:48:27', '2014-12-09 16:49:08', NULL, 0),
(9, '', 'Page Search', '', '/dashboard/sitemap/search', '2014-12-09 16:48:27', '2014-12-09 16:49:08', NULL, 0),
(11, '', 'File Manager', '', '/dashboard/files/search', '2014-12-09 16:48:28', '2014-12-09 16:49:08', NULL, 0),
(12, '', 'Attributes', '', '/dashboard/files/attributes', '2014-12-09 16:48:28', '2014-12-09 16:49:09', NULL, 0),
(13, '', 'File Sets', '', '/dashboard/files/sets', '2014-12-09 16:48:29', '2014-12-09 16:49:09', NULL, 0),
(14, '', 'Add File Set', '', '/dashboard/files/add_set', '2014-12-09 16:48:29', '2014-12-09 16:49:09', NULL, 0),
(15, '', 'Members', 'Add and manage the user accounts and groups on your website.', '/dashboard/users', '2014-12-09 16:48:29', '2014-12-09 16:49:09', NULL, 0),
(16, '', 'Search Users', '', '/dashboard/users/search', '2014-12-09 16:48:30', '2014-12-09 16:49:10', NULL, 0),
(17, '', 'User Groups', '', '/dashboard/users/groups', '2014-12-09 16:48:30', '2014-12-09 16:49:10', NULL, 0),
(18, '', 'Attributes', '', '/dashboard/users/attributes', '2014-12-09 16:48:30', '2014-12-09 16:49:10', NULL, 0),
(19, '', 'Add User', '', '/dashboard/users/add', '2014-12-09 16:48:30', '2014-12-09 16:49:11', NULL, 0),
(20, '', 'Add Group', '', '/dashboard/users/add_group', '2014-12-09 16:48:31', '2014-12-09 16:49:11', NULL, 0),
(21, '', 'Group Sets', '', '/dashboard/users/group_sets', '2014-12-09 16:48:31', '2014-12-09 16:49:11', NULL, 0),
(22, '', 'Reports', 'Get data from forms and logs.', '/dashboard/reports', '2014-12-09 16:48:32', '2014-12-09 16:49:12', NULL, 0),
(23, '', 'Statistics', 'View your site activity.', '/dashboard/reports/statistics', '2014-12-09 16:48:32', '2014-12-09 16:49:12', NULL, 0),
(24, '', 'Form Results', 'Get submission data.', '/dashboard/reports/forms', '2014-12-09 16:48:32', '2014-12-09 16:49:12', NULL, 0),
(25, '', 'Surveys', '', '/dashboard/reports/surveys', '2014-12-09 16:48:33', '2014-12-09 16:49:12', NULL, 0),
(26, '', 'Logs', '', '/dashboard/reports/logs', '2014-12-09 16:48:33', '2014-12-09 16:49:13', NULL, 0),
(28, '', 'Themes', 'Reskin your site.', '/dashboard/pages/themes', '2014-12-09 16:48:34', '2014-12-09 16:49:13', NULL, 0),
(29, '', 'Add', '', '/dashboard/pages/themes/add', '2014-12-09 16:48:34', '2014-12-09 16:49:13', NULL, 0),
(30, '', 'Inspect', '', '/dashboard/pages/themes/inspect', '2014-12-09 16:48:34', '2014-12-09 16:49:13', NULL, 0),
(31, '', 'Customize', '', '/dashboard/pages/themes/customize', '2014-12-09 16:48:34', '2014-12-09 16:49:13', NULL, 0),
(32, '', 'Page Types', 'What goes in your site.', '/dashboard/pages/types', '2014-12-09 16:48:35', '2014-12-09 16:49:13', NULL, 0),
(34, '', 'Attributes', '', '/dashboard/pages/attributes', '2014-12-09 16:48:35', '2014-12-09 16:49:14', NULL, 0),
(35, '', 'Single Pages', '', '/dashboard/pages/single', '2014-12-09 16:48:36', '2014-12-09 16:49:14', NULL, 0),
(36, '', 'Workflow', '', '/dashboard/workflow', '2014-12-09 16:48:36', '2014-12-09 16:49:14', NULL, 0),
(37, '', 'Workflow List', '', '/dashboard/workflow/list', '2014-12-09 16:48:37', '2014-12-09 16:49:14', NULL, 0),
(38, '', 'Waiting for Me', '', '/dashboard/workflow/me', '2014-12-09 16:48:37', '2014-12-09 16:49:14', NULL, 0),
(40, '', 'Stacks', 'Share content across your site.', '/dashboard/blocks/stacks', '2014-12-09 16:48:38', '2014-12-09 16:49:15', NULL, 0),
(41, '', 'Block & Stack Permissions', 'Control who can add blocks and stacks on your site.', '/dashboard/blocks/permissions', '2014-12-09 16:48:38', '2014-12-09 16:49:15', NULL, 0),
(42, '', 'Stack List', '', '/dashboard/blocks/stacks/list', '2014-12-09 16:48:38', '2014-12-09 16:49:15', NULL, 0),
(43, '', 'Block Types', 'Manage the installed block types in your site.', '/dashboard/blocks/types', '2014-12-09 16:48:39', '2014-12-09 16:49:15', NULL, 0),
(44, '', 'Extend concrete5', 'Connect to the concrete5 marketplace, install custom add-ons, and download updates for marketplace add-ons and themes.', '/dashboard/extend', '2014-12-09 16:48:40', '2014-12-09 16:49:15', NULL, 0),
(45, '', 'Dashboard', '', '/dashboard/news', '2014-12-09 16:48:40', '2014-12-09 16:49:16', NULL, 0),
(46, '', 'Add Functionality', 'Install add-ons & themes.', '/dashboard/extend/install', '2014-12-09 16:48:41', '2014-12-09 16:49:16', NULL, 0),
(47, '', 'Update Add-Ons', 'Update your installed packages.', '/dashboard/extend/update', '2014-12-09 16:48:41', '2014-12-09 16:49:16', NULL, 0),
(48, '', 'Connect to the Community', 'Connect to the concrete5 community.', '/dashboard/extend/connect', '2014-12-09 16:48:41', '2014-12-09 16:49:16', NULL, 0),
(49, '', 'Get More Themes', 'Download themes from concrete5.org.', '/dashboard/extend/themes', '2014-12-09 16:48:42', '2014-12-09 16:49:16', NULL, 0),
(50, '', 'Get More Add-Ons', 'Download add-ons from concrete5.org.', '/dashboard/extend/add-ons', '2014-12-09 16:48:42', '2014-12-09 16:49:16', NULL, 0),
(51, '', 'System & Settings', 'Secure and setup your site.', '/dashboard/system', '2014-12-09 16:48:43', '2014-12-09 16:49:16', NULL, 0),
(53, '', 'Site Name', '', '/dashboard/system/basics/site_name', '2014-12-09 16:48:44', '2014-12-09 16:49:17', NULL, 0),
(54, '', 'Bookmark Icons', 'Bookmark icon and mobile home screen icon setup.', '/dashboard/system/basics/icons', '2014-12-09 16:48:44', '2014-12-09 16:49:17', NULL, 0),
(55, '', 'Rich Text Editor', '', '/dashboard/system/basics/editor', '2014-12-09 16:48:44', '2014-12-09 16:49:17', NULL, 0),
(56, '', 'Languages', '', '/dashboard/system/basics/multilingual', '2014-12-09 16:48:45', '2014-12-09 16:49:17', NULL, 0),
(57, '', 'Time Zone', '', '/dashboard/system/basics/timezone', '2014-12-09 16:48:45', '2014-12-09 16:49:17', NULL, 0),
(58, '', 'Interface Preferences', '', '/dashboard/system/basics/interface', '2014-12-09 16:48:46', '2014-12-09 16:49:17', NULL, 0),
(60, '', 'Pretty URLs', '', '/dashboard/system/seo/urls', '2014-12-09 16:48:47', '2014-12-09 16:49:17', NULL, 0),
(61, '', 'Bulk SEO Updater', '', '/dashboard/system/seo/bulk_seo_tool', '2014-12-09 16:48:47', '2014-12-09 16:49:17', NULL, 0),
(62, '', 'Tracking Codes', '', '/dashboard/system/seo/tracking_codes', '2014-12-09 16:48:48', '2014-12-09 16:49:18', NULL, 0),
(63, '', 'Excluded URL Word List', '', '/dashboard/system/seo/excluded', '2014-12-09 16:48:48', '2014-12-09 16:49:18', NULL, 0),
(64, '', 'Statistics', '', '/dashboard/system/seo/statistics', '2014-12-09 16:48:49', '2014-12-09 16:49:18', NULL, 0),
(65, '', 'Search Index', '', '/dashboard/system/seo/search_index', '2014-12-09 16:48:49', '2014-12-09 16:49:18', NULL, 0),
(67, '', 'Cache & Speed Settings', '', '/dashboard/system/optimization/cache', '2014-12-09 16:48:50', '2014-12-09 16:49:18', NULL, 0),
(68, '', 'Clear Cache', '', '/dashboard/system/optimization/clear_cache', '2014-12-09 16:48:51', '2014-12-09 16:49:18', NULL, 0),
(69, '', 'Automated Jobs', '', '/dashboard/system/optimization/jobs', '2014-12-09 16:48:51', '2014-12-09 16:49:18', NULL, 0),
(71, '', 'Site Access', '', '/dashboard/system/permissions/site', '2014-12-09 16:48:52', '2014-12-09 16:49:19', NULL, 0),
(72, '', 'File Manager Permissions', '', '/dashboard/system/permissions/files', '2014-12-09 16:48:52', '2014-12-09 16:49:19', NULL, 0),
(73, '', 'Allowed File Types', '', '/dashboard/system/permissions/file_types', '2014-12-09 16:48:53', '2014-12-09 16:49:19', NULL, 0),
(74, '', 'Task Permissions', '', '/dashboard/system/permissions/tasks', '2014-12-09 16:48:53', '2014-12-09 16:49:19', NULL, 0),
(77, '', 'IP Blacklist', '', '/dashboard/system/permissions/ip_blacklist', '2014-12-09 16:48:54', '2014-12-09 16:49:19', NULL, 0),
(78, '', 'Captcha Setup', '', '/dashboard/system/permissions/captcha', '2014-12-09 16:48:55', '2014-12-09 16:49:19', NULL, 0),
(79, '', 'Spam Control', '', '/dashboard/system/permissions/antispam', '2014-12-09 16:48:55', '2014-12-09 16:49:19', NULL, 0),
(80, '', 'Maintenance Mode', '', '/dashboard/system/permissions/maintenance_mode', '2014-12-09 16:48:56', '2014-12-09 16:49:19', NULL, 0),
(82, '', 'Login Destination', '', '/dashboard/system/registration/postlogin', '2014-12-09 16:48:57', '2014-12-09 16:49:20', NULL, 0),
(83, '', 'Public Profiles', '', '/dashboard/system/registration/profiles', '2014-12-09 16:48:57', '2014-12-09 16:49:20', NULL, 0),
(84, '', 'Public Registration', '', '/dashboard/system/registration/public_registration', '2014-12-09 16:48:58', '2014-12-09 16:49:20', NULL, 0),
(85, '', 'Email', 'Control how your site send and processes mail.', '/dashboard/system/mail', '2014-12-09 16:48:58', '2014-12-09 16:49:20', NULL, 0),
(86, '', 'SMTP Method', '', '/dashboard/system/mail/method', '2014-12-09 16:48:58', '2014-12-09 16:49:20', NULL, 0),
(87, '', 'Test Mail Settings', '', '/dashboard/system/mail/method/test_settings', '2014-12-09 16:48:59', '2014-12-09 16:49:20', NULL, 0),
(88, '', 'Email Importers', '', '/dashboard/system/mail/importers', '2014-12-09 16:48:59', '2014-12-09 16:49:20', NULL, 0),
(89, '', 'Attributes', 'Setup attributes for pages, users, files and more.', '/dashboard/system/attributes', '2014-12-09 16:48:59', '2014-12-09 16:49:20', NULL, 0),
(90, '', 'Sets', 'Group attributes into sets for easier organization', '/dashboard/system/attributes/sets', '2014-12-09 16:49:00', '2014-12-09 16:49:21', NULL, 0),
(91, '', 'Types', 'Choose which attribute types are available for different items.', '/dashboard/system/attributes/types', '2014-12-09 16:49:00', '2014-12-09 16:49:21', NULL, 0),
(92, NULL, NULL, NULL, NULL, NULL, NULL, NULL, 0),
(93, '', 'Environment Information', '', '/dashboard/system/environment/info', '2014-12-09 16:49:01', '2014-12-09 16:49:21', NULL, 0),
(94, '', 'Debug Settings', '', '/dashboard/system/environment/debug', '2014-12-09 16:49:01', '2014-12-09 16:49:21', NULL, 0),
(95, '', 'Logging Settings', '', '/dashboard/system/environment/logging', '2014-12-09 16:49:02', '2014-12-09 16:49:21', NULL, 0),
(96, '', 'File Storage Locations', '', '/dashboard/system/environment/file_storage_locations', '2014-12-09 16:49:02', '2014-12-09 16:49:21', NULL, 0),
(97, '', 'Proxy Server', '', '/dashboard/system/environment/proxy', '2014-12-09 16:49:03', '2014-12-09 16:49:22', NULL, 0),
(98, '', 'Backup & Restore', 'Backup or restore your website.', '/dashboard/system/backup_restore', '2014-12-09 16:49:03', '2014-12-09 16:49:22', NULL, 0),
(100, '', 'Update concrete5', '', '/dashboard/system/backup_restore/update', '2014-12-09 16:49:04', '2014-12-09 16:49:22', NULL, 0),
(101, '', 'Database XML', '', '/dashboard/system/backup_restore/database', '2014-12-09 16:49:04', '2014-12-09 16:49:22', NULL, 0),
(106, '	Welcome to concrete5.\n						It''s easy to edit content and add pages using in-context editing. \n						 \n							Building Your Own Site\n							 Editing with concrete5 is a breeze. Just point and click to make changes. \n							 \n							 Editor''s Guide \n							  \n							Developing Applications\n							 If you’re comfortable in PHP concrete5 should be a breeze to learn. Take a few moments to understand the architecture. \n							 Developer''s Guide \n							  \n							Designing Websites\n							 Good with CSS and HTML? You can easily theme anything with concrete5. \n							 \n							 Designer''s Guide \n							  \n						\n						Business Background\n						 Worried about license structures, white-labeling or why concrete5 is a good choice for your agency? \n						 Executive''s Guide \n						  ', 'Welcome to concrete5', 'Learn about how to use concrete5, how to develop for concrete5, and get general help.', '/dashboard/welcome', '2014-12-09 16:49:06', '2014-12-09 16:49:24', NULL, 0),
(107, '', 'Customize Dashboard Home', '', '/dashboard/home', '2014-12-09 16:49:06', '2014-12-09 16:49:25', NULL, 0),
(1, 'Perfect Logic Complete Solution Uber Culture Lorem ipsum dolor sit amet, consectetur adipiscing elit. Phasellus sed lacinia odio. Nulla vehicula velit maximus odio euismod, ac sodales erat condimentum. All you want your website do A tool anything and everything you can think Fresh, Modern and ready to the future Lorem ipsum dolor sit amet, consectetur adipiscing Lorem ipsum dolor sit amet, consectetur adipiscing elit. Phasellus sed lacinia odio. Nulla vehicula velit maximus odio euismod, ac sodales erat condimentum. Lorem ipsum dolor sit amet, consectetur adipiscing elit. Phasellus sed lacinia odio. Nulla vehicula velit maximus odio euismod, ac sodales erat condimentum. Social Connection Lorem ipsum dolor sit amet, consectetur adipiscing elit. Phasellus sed lacinia odio. Newsletter Entrez votre adresse email si vous souhaitez recevoir des news de notre entreprise Contact News Updates Lorem ipsum dolor sit amet, consectetur adipiscing elit. Phasellus sed lacinia odio. Lorem ipsum dolor sit amet, consectetur adipiscing elit. Phasellus sed lacinia odio. Lorem ipsum dolor sit amet, consectetur adipiscing elit. Phasellus sed lacinia odio. Lorem ipsum dolor sit amet, consectetur adipiscing elit. Vivamus elementum nibh dui, eget dapibus mi bibendum et. Lorem ipsum dolor sit amet, consectetur adipiscing elit. Vivamus elementum nibh dui, eget dapibus mi bibendum et. Lorem ipsum dolor sit amet, consectetur adipiscing elit. Vivamus elementum nibh dui, eget dapibus mi bibendum et. Perfect Logic  All you want your website do  Complete Solution Uber Culture Lorem ipsum dolor sit amet, consectetur adipiscing elit. Phasellus sed lacinia odio. Nulla vehicula velit maximus odio euismod, ac sodales erat condimentum.  Lorem ipsum dolor sit amet, consectetur adipiscing elit. Phasellus sed lacinia odio. Nulla vehicula velit maximus odio euismod, ac sodales erat condimentum.  A tool anything and everything you can think Fresh, Modern and ready to the future   Entrez votre adresse email si vous souhaitez recevoir des news de notre entreprise  Social Connection\r\n   Newsletter\r\n   Lorem ipsum dolor sit amet, consectetur adipiscing elit. Phasellus sed lacinia odio.  Contact\r\n   News Updates\r\n  Lorem ipsum dolor sit amet, consectetur adipiscing elit. Phasellus sed lacinia odio. Lorem ipsum dolor sit amet, consectetur adipiscing elit. Phasellus sed lacinia odio. Lorem ipsum dolor sit amet, consectetur adipiscing elit. Phasellus sed lacinia odio.  Lorem ipsum dolor sit amet, consectetur adipiscing elit. Phasellus sed lacinia odio. Nulla vehicula velit maximus odio euismod, ac sodales erat condimentum.  ', 'Home', '', NULL, '2014-12-09 16:48:00', '2015-03-03 15:05:44', NULL, 0),
(124, '', 'Designer Content', NULL, '/dashboard/blocks/designer_content', '2015-02-24 15:58:53', '2015-02-24 15:58:54', NULL, 0),
(125, '', 'Produit', '', '/produit', '2015-02-24 18:16:00', '2015-02-24 18:16:53', NULL, 0),
(126, ' Lorem ipsum dolor sit amet, consectetur adipiscing elit. Pellentesque consectetur euismod metus in mollis. Mauris ac gravida nisl. Vestibulum ante ipsum primis in faucibus orci luctus et ultrices posuere cubilia Curae; Donec consequat, nibh id commodo suscipit, augue risus eleifend sapien, ac feugiat dui lorem sed nulla. Mauris commodo eget tellus non congue. Aenean fermentum tortor odio. Etiam elit ligula, consequat eget interdum sit amet, gravida sed tortor.   Lorem ipsum dolor sit amet, consectetur adipiscing elit. Pellentesque consectetur euismod metus in mollis. Mauris ac gravida nisl. Vestibulum ante ipsum primis in faucibus orci luctus et ultrices posuere cubilia Curae; Donec consequat, nibh id commodo suscipit, augue risus eleifend sapien, ac feugiat dui lorem sed nulla. Mauris commodo eget tellus non congue. Aenean fermentum tortor odio. Etiam elit ligula, consequat eget interdum sit amet, gravida sed tortor.   Lorem ipsum dolor sit amet, consectetur adipiscing elit. Pellentesque consectetur euismod metus in mollis. Mauris ac gravida nisl. Vestibulum ante ipsum primis in faucibus orci luctus et ultrices posuere cubilia Curae; Donec consequat, nibh id commodo suscipit, augue risus eleifend sapien, ac feugiat dui lorem sed nulla. Mauris commodo eget tellus non congue. Aenean fermentum tortor odio. Etiam elit ligula, consequat eget interdum sit amet, gravida sed tortor.  Liste des produits en vente sur ce site ! ', 'Produit', '', '/produit', '2015-02-24 18:17:00', '2015-03-03 15:06:44', NULL, 0),
(127, '', 'Blog', '', '/blog', '2015-02-24 18:17:00', '2015-02-24 18:18:50', NULL, 0),
(128, '', 'Contact', '', '/contact', '2015-02-24 18:18:00', '2015-02-24 18:18:17', NULL, 0),
(129, ' Accès à l''IUT de Calais  ', 'Plan', '', '/plan', '2015-02-24 18:18:00', '2015-02-24 20:29:59', NULL, 0),
(131, '', 'col1', '', '/col1', '2015-02-24 20:38:00', '2015-02-24 20:38:35', NULL, 0);

-- --------------------------------------------------------

--
-- Structure de la table `PageStatistics`
--

CREATE TABLE IF NOT EXISTS `PageStatistics` (
  `pstID` bigint(20) unsigned NOT NULL AUTO_INCREMENT,
  `cID` int(10) unsigned NOT NULL DEFAULT '0',
  `date` date DEFAULT NULL,
  `timestamp` timestamp NOT NULL DEFAULT CURRENT_TIMESTAMP ON UPDATE CURRENT_TIMESTAMP,
  `uID` int(10) unsigned NOT NULL DEFAULT '0',
  PRIMARY KEY (`pstID`),
  KEY `cID` (`cID`),
  KEY `date` (`date`),
  KEY `uID` (`uID`)
) ENGINE=MyISAM  DEFAULT CHARSET=utf8 AUTO_INCREMENT=1202 ;

--
-- Contenu de la table `PageStatistics`
--

INSERT INTO `PageStatistics` (`pstID`, `cID`, `date`, `timestamp`, `uID`) VALUES
(1, 1, '2014-12-09', '0000-00-00 00:00:00', 1),
(2, 106, '2014-12-09', '0000-00-00 00:00:00', 1),
(3, 2, '2014-12-09', '0000-00-00 00:00:00', 1),
(4, 2, '2014-12-09', '0000-00-00 00:00:00', 1),
(5, 1, '2014-12-09', '0000-00-00 00:00:00', 1),
(6, 1, '2014-12-09', '0000-00-00 00:00:00', 1),
(7, 1, '2014-12-09', '0000-00-00 00:00:00', 1),
(8, 7, '2014-12-09', '0000-00-00 00:00:00', 1),
(9, 1, '2014-12-09', '0000-00-00 00:00:00', 1),
(10, 2, '2014-12-09', '0000-00-00 00:00:00', 1),
(11, 51, '2014-12-09', '0000-00-00 00:00:00', 1),
(12, 53, '2014-12-09', '0000-00-00 00:00:00', 1),
(13, 53, '2014-12-09', '0000-00-00 00:00:00', 1),
(14, 53, '2014-12-09', '0000-00-00 00:00:00', 1),
(15, 1, '2014-12-09', '0000-00-00 00:00:00', 1),
(16, 51, '2014-12-09', '0000-00-00 00:00:00', 1),
(17, 51, '2014-12-09', '0000-00-00 00:00:00', 1),
(18, 1, '2015-01-13', '0000-00-00 00:00:00', 0),
(19, 111, '2015-01-13', '0000-00-00 00:00:00', 0),
(20, 111, '2015-01-13', '0000-00-00 00:00:00', 0),
(21, 111, '2015-01-13', '0000-00-00 00:00:00', 0),
(22, 111, '2015-01-13', '0000-00-00 00:00:00', 0),
(23, 111, '2015-01-13', '0000-00-00 00:00:00', 0),
(24, 1, '2015-01-13', '0000-00-00 00:00:00', 1),
(25, 107, '2015-01-13', '0000-00-00 00:00:00', 1),
(26, 1, '2015-01-13', '0000-00-00 00:00:00', 1),
(27, 1, '2015-01-13', '0000-00-00 00:00:00', 1),
(28, 1, '2015-01-13', '0000-00-00 00:00:00', 1),
(29, 28, '2015-01-13', '0000-00-00 00:00:00', 1),
(30, 28, '2015-01-13', '0000-00-00 00:00:00', 1),
(31, 28, '2015-01-13', '0000-00-00 00:00:00', 1),
(32, 30, '2015-01-13', '0000-00-00 00:00:00', 1),
(33, 28, '2015-01-13', '0000-00-00 00:00:00', 1),
(34, 28, '2015-01-13', '0000-00-00 00:00:00', 1),
(35, 28, '2015-01-13', '0000-00-00 00:00:00', 1),
(36, 1, '2015-01-13', '0000-00-00 00:00:00', 1),
(37, 1, '2015-01-13', '0000-00-00 00:00:00', 1),
(38, 1, '2015-01-13', '0000-00-00 00:00:00', 1),
(39, 1, '2015-01-13', '0000-00-00 00:00:00', 1),
(40, 1, '2015-01-13', '0000-00-00 00:00:00', 1),
(41, 1, '2015-01-13', '0000-00-00 00:00:00', 1),
(42, 1, '2015-01-13', '0000-00-00 00:00:00', 1),
(43, 1, '2015-01-13', '0000-00-00 00:00:00', 1),
(44, 1, '2015-01-13', '0000-00-00 00:00:00', 1),
(45, 1, '2015-01-13', '0000-00-00 00:00:00', 1),
(46, 1, '2015-01-13', '0000-00-00 00:00:00', 1),
(47, 1, '2015-01-13', '0000-00-00 00:00:00', 1),
(48, 1, '2015-01-13', '0000-00-00 00:00:00', 1),
(49, 1, '2015-01-13', '0000-00-00 00:00:00', 1),
(50, 1, '2015-01-13', '0000-00-00 00:00:00', 1),
(51, 1, '2015-01-13', '0000-00-00 00:00:00', 1),
(52, 1, '2015-01-13', '0000-00-00 00:00:00', 1),
(53, 1, '2015-01-13', '0000-00-00 00:00:00', 1),
(54, 1, '2015-01-13', '0000-00-00 00:00:00', 1),
(55, 1, '2015-01-13', '0000-00-00 00:00:00', 1),
(56, 1, '2015-01-13', '0000-00-00 00:00:00', 1),
(57, 1, '2015-01-13', '0000-00-00 00:00:00', 1),
(58, 1, '2015-01-13', '0000-00-00 00:00:00', 1),
(59, 1, '2015-01-13', '0000-00-00 00:00:00', 1),
(60, 1, '2015-01-13', '0000-00-00 00:00:00', 1),
(61, 1, '2015-01-13', '0000-00-00 00:00:00', 1),
(62, 1, '2015-01-13', '0000-00-00 00:00:00', 1),
(63, 1, '2015-01-13', '0000-00-00 00:00:00', 1),
(64, 1, '2015-01-13', '0000-00-00 00:00:00', 1),
(65, 1, '2015-01-13', '0000-00-00 00:00:00', 1),
(66, 1, '2015-01-13', '0000-00-00 00:00:00', 1),
(67, 1, '2015-01-13', '0000-00-00 00:00:00', 1),
(68, 1, '2015-01-13', '0000-00-00 00:00:00', 1),
(69, 1, '2015-01-13', '0000-00-00 00:00:00', 1),
(70, 1, '2015-01-13', '0000-00-00 00:00:00', 1),
(71, 1, '2015-01-13', '0000-00-00 00:00:00', 1),
(72, 1, '2015-01-13', '0000-00-00 00:00:00', 1),
(73, 1, '2015-01-13', '0000-00-00 00:00:00', 1),
(74, 1, '2015-01-13', '0000-00-00 00:00:00', 1),
(75, 1, '2015-01-13', '0000-00-00 00:00:00', 1),
(76, 1, '2015-01-13', '0000-00-00 00:00:00', 1),
(77, 1, '2015-01-13', '0000-00-00 00:00:00', 1),
(78, 1, '2015-01-13', '0000-00-00 00:00:00', 1),
(79, 1, '2015-01-13', '0000-00-00 00:00:00', 1),
(80, 1, '2015-01-13', '0000-00-00 00:00:00', 1),
(81, 1, '2015-01-13', '0000-00-00 00:00:00', 1),
(82, 1, '2015-01-13', '0000-00-00 00:00:00', 1),
(83, 1, '2015-01-13', '0000-00-00 00:00:00', 1),
(84, 1, '2015-01-13', '0000-00-00 00:00:00', 1),
(85, 1, '2015-01-13', '0000-00-00 00:00:00', 1),
(86, 1, '2015-01-13', '0000-00-00 00:00:00', 1),
(87, 1, '2015-01-13', '0000-00-00 00:00:00', 1),
(88, 1, '2015-01-13', '0000-00-00 00:00:00', 1),
(89, 2, '2015-01-13', '0000-00-00 00:00:00', 1),
(90, 1, '2015-01-13', '0000-00-00 00:00:00', 1),
(91, 1, '2015-01-13', '0000-00-00 00:00:00', 1),
(92, 1, '2015-01-13', '0000-00-00 00:00:00', 1),
(93, 1, '2015-01-13', '0000-00-00 00:00:00', 1),
(94, 1, '2015-01-13', '0000-00-00 00:00:00', 1),
(95, 1, '2015-01-13', '0000-00-00 00:00:00', 1),
(96, 68, '2015-01-13', '0000-00-00 00:00:00', 1),
(97, 68, '2015-01-13', '0000-00-00 00:00:00', 1),
(98, 68, '2015-01-13', '0000-00-00 00:00:00', 1),
(99, 1, '2015-01-13', '0000-00-00 00:00:00', 1),
(100, 1, '2015-01-13', '0000-00-00 00:00:00', 1),
(101, 1, '2015-01-13', '0000-00-00 00:00:00', 1),
(102, 1, '2015-01-13', '0000-00-00 00:00:00', 1),
(103, 1, '2015-01-13', '0000-00-00 00:00:00', 1),
(104, 1, '2015-01-13', '0000-00-00 00:00:00', 1),
(105, 1, '2015-01-13', '0000-00-00 00:00:00', 1),
(106, 1, '2015-01-13', '0000-00-00 00:00:00', 1),
(107, 1, '2015-01-13', '0000-00-00 00:00:00', 1),
(108, 1, '2015-01-13', '0000-00-00 00:00:00', 0),
(109, 1, '2015-01-13', '0000-00-00 00:00:00', 1),
(110, 1, '2015-01-13', '0000-00-00 00:00:00', 1),
(111, 1, '2015-01-13', '0000-00-00 00:00:00', 1),
(112, 1, '2015-01-13', '0000-00-00 00:00:00', 1),
(113, 1, '2015-01-13', '0000-00-00 00:00:00', 1),
(114, 1, '2015-01-13', '0000-00-00 00:00:00', 1),
(115, 1, '2015-01-13', '0000-00-00 00:00:00', 1),
(116, 1, '2015-01-13', '0000-00-00 00:00:00', 1),
(117, 1, '2015-01-13', '0000-00-00 00:00:00', 1),
(118, 1, '2015-01-13', '0000-00-00 00:00:00', 1),
(119, 1, '2015-01-13', '0000-00-00 00:00:00', 1),
(120, 1, '2015-01-13', '0000-00-00 00:00:00', 1),
(121, 1, '2015-01-13', '0000-00-00 00:00:00', 1),
(122, 1, '2015-01-13', '0000-00-00 00:00:00', 1),
(123, 1, '2015-01-13', '0000-00-00 00:00:00', 1),
(124, 1, '2015-01-13', '0000-00-00 00:00:00', 1),
(125, 1, '2015-01-13', '0000-00-00 00:00:00', 1),
(126, 1, '2015-01-13', '0000-00-00 00:00:00', 1),
(127, 1, '2015-01-13', '0000-00-00 00:00:00', 1),
(128, 1, '2015-01-13', '0000-00-00 00:00:00', 1),
(129, 1, '2015-01-13', '0000-00-00 00:00:00', 1),
(130, 1, '2015-01-13', '0000-00-00 00:00:00', 1),
(131, 1, '2015-01-13', '0000-00-00 00:00:00', 1),
(132, 1, '2015-01-13', '0000-00-00 00:00:00', 1),
(133, 1, '2015-01-13', '0000-00-00 00:00:00', 0),
(134, 1, '2015-01-13', '0000-00-00 00:00:00', 0),
(135, 111, '2015-01-13', '0000-00-00 00:00:00', 0),
(136, 2, '2015-01-13', '0000-00-00 00:00:00', 1),
(137, 1, '2015-01-13', '0000-00-00 00:00:00', 1),
(138, 1, '2015-01-13', '0000-00-00 00:00:00', 1),
(139, 1, '2015-01-20', '0000-00-00 00:00:00', 0),
(140, 111, '2015-01-20', '0000-00-00 00:00:00', 0),
(141, 2, '2015-01-20', '0000-00-00 00:00:00', 1),
(142, 107, '2015-01-20', '0000-00-00 00:00:00', 1),
(143, 1, '2015-01-20', '0000-00-00 00:00:00', 1),
(144, 1, '2015-01-20', '0000-00-00 00:00:00', 1),
(145, 32, '2015-01-20', '0000-00-00 00:00:00', 1),
(146, 33, '2015-01-20', '0000-00-00 00:00:00', 1),
(147, 33, '2015-01-20', '0000-00-00 00:00:00', 1),
(148, 32, '2015-01-20', '0000-00-00 00:00:00', 1),
(149, 1, '2015-01-20', '0000-00-00 00:00:00', 1),
(150, 1, '2015-01-20', '0000-00-00 00:00:00', 1),
(151, 1, '2015-01-20', '0000-00-00 00:00:00', 1),
(152, 1, '2015-01-20', '0000-00-00 00:00:00', 1),
(153, 1, '2015-01-20', '0000-00-00 00:00:00', 1),
(154, 68, '2015-01-20', '0000-00-00 00:00:00', 1),
(155, 68, '2015-01-20', '0000-00-00 00:00:00', 1),
(156, 68, '2015-01-20', '0000-00-00 00:00:00', 1),
(157, 1, '2015-01-20', '0000-00-00 00:00:00', 1),
(158, 1, '2015-01-20', '0000-00-00 00:00:00', 1),
(159, 32, '2015-01-20', '0000-00-00 00:00:00', 1),
(160, 32, '2015-01-20', '0000-00-00 00:00:00', 1),
(161, 1, '2015-01-20', '0000-00-00 00:00:00', 1),
(162, 1, '2015-01-20', '0000-00-00 00:00:00', 1),
(163, 1, '2015-01-20', '0000-00-00 00:00:00', 1),
(164, 1, '2015-01-20', '0000-00-00 00:00:00', 1),
(165, 28, '2015-01-20', '0000-00-00 00:00:00', 1),
(166, 28, '2015-01-20', '0000-00-00 00:00:00', 1),
(167, 28, '2015-01-20', '0000-00-00 00:00:00', 1),
(168, 30, '2015-01-20', '0000-00-00 00:00:00', 1),
(169, 28, '2015-01-20', '0000-00-00 00:00:00', 1),
(170, 28, '2015-01-20', '0000-00-00 00:00:00', 1),
(171, 28, '2015-01-20', '0000-00-00 00:00:00', 1),
(172, 1, '2015-01-20', '0000-00-00 00:00:00', 1),
(173, 1, '2015-01-20', '0000-00-00 00:00:00', 1),
(174, 1, '2015-01-20', '0000-00-00 00:00:00', 1),
(175, 1, '2015-01-20', '0000-00-00 00:00:00', 1),
(176, 1, '2015-01-20', '0000-00-00 00:00:00', 1),
(177, 1, '2015-01-20', '0000-00-00 00:00:00', 1),
(178, 1, '2015-01-20', '0000-00-00 00:00:00', 1),
(179, 1, '2015-01-20', '0000-00-00 00:00:00', 1),
(180, 1, '2015-01-20', '0000-00-00 00:00:00', 1),
(181, 1, '2015-01-20', '0000-00-00 00:00:00', 1),
(182, 1, '2015-01-20', '0000-00-00 00:00:00', 1),
(183, 1, '2015-01-20', '0000-00-00 00:00:00', 1),
(184, 1, '2015-01-20', '0000-00-00 00:00:00', 1),
(185, 1, '2015-01-20', '0000-00-00 00:00:00', 1),
(186, 1, '2015-01-20', '0000-00-00 00:00:00', 1),
(187, 1, '2015-01-20', '0000-00-00 00:00:00', 1),
(188, 1, '2015-01-20', '0000-00-00 00:00:00', 1),
(189, 1, '2015-01-20', '0000-00-00 00:00:00', 1),
(190, 1, '2015-01-20', '0000-00-00 00:00:00', 1),
(191, 1, '2015-01-20', '0000-00-00 00:00:00', 1),
(192, 1, '2015-01-20', '0000-00-00 00:00:00', 1),
(193, 1, '2015-01-20', '0000-00-00 00:00:00', 1),
(194, 1, '2015-01-20', '0000-00-00 00:00:00', 1),
(195, 1, '2015-01-20', '0000-00-00 00:00:00', 1),
(196, 1, '2015-01-20', '0000-00-00 00:00:00', 1),
(197, 1, '2015-01-20', '0000-00-00 00:00:00', 1),
(198, 1, '2015-01-20', '0000-00-00 00:00:00', 1),
(199, 1, '2015-01-20', '0000-00-00 00:00:00', 1),
(200, 1, '2015-01-20', '0000-00-00 00:00:00', 1),
(201, 1, '2015-01-20', '0000-00-00 00:00:00', 1),
(202, 1, '2015-01-20', '0000-00-00 00:00:00', 1),
(203, 1, '2015-01-20', '0000-00-00 00:00:00', 1),
(204, 1, '2015-01-20', '0000-00-00 00:00:00', 1),
(205, 1, '2015-01-20', '0000-00-00 00:00:00', 1),
(206, 1, '2015-01-20', '0000-00-00 00:00:00', 1),
(207, 1, '2015-01-20', '0000-00-00 00:00:00', 1),
(208, 1, '2015-01-20', '0000-00-00 00:00:00', 1),
(209, 1, '2015-01-20', '0000-00-00 00:00:00', 1),
(210, 1, '2015-01-20', '0000-00-00 00:00:00', 1),
(211, 1, '2015-01-20', '0000-00-00 00:00:00', 1),
(212, 1, '2015-01-20', '0000-00-00 00:00:00', 1),
(213, 1, '2015-01-20', '0000-00-00 00:00:00', 1),
(214, 1, '2015-01-20', '0000-00-00 00:00:00', 1),
(215, 1, '2015-01-20', '0000-00-00 00:00:00', 1),
(216, 1, '2015-01-20', '0000-00-00 00:00:00', 1),
(217, 1, '2015-01-20', '0000-00-00 00:00:00', 1),
(218, 1, '2015-01-20', '0000-00-00 00:00:00', 1),
(219, 1, '2015-01-20', '0000-00-00 00:00:00', 1),
(220, 1, '2015-01-20', '0000-00-00 00:00:00', 1),
(221, 1, '2015-01-20', '0000-00-00 00:00:00', 1),
(222, 1, '2015-01-20', '0000-00-00 00:00:00', 1),
(223, 1, '2015-01-20', '0000-00-00 00:00:00', 1),
(224, 1, '2015-01-20', '0000-00-00 00:00:00', 1),
(225, 1, '2015-01-20', '0000-00-00 00:00:00', 1),
(226, 1, '2015-01-20', '0000-00-00 00:00:00', 1),
(227, 1, '2015-01-20', '0000-00-00 00:00:00', 1),
(228, 1, '2015-01-20', '0000-00-00 00:00:00', 1),
(229, 1, '2015-01-20', '0000-00-00 00:00:00', 1),
(230, 1, '2015-01-20', '0000-00-00 00:00:00', 1),
(231, 1, '2015-01-20', '0000-00-00 00:00:00', 1),
(232, 1, '2015-01-20', '0000-00-00 00:00:00', 1),
(233, 1, '2015-01-20', '0000-00-00 00:00:00', 1),
(234, 1, '2015-01-20', '0000-00-00 00:00:00', 1),
(235, 1, '2015-01-20', '0000-00-00 00:00:00', 1),
(236, 1, '2015-01-20', '0000-00-00 00:00:00', 1),
(237, 1, '2015-01-20', '0000-00-00 00:00:00', 1),
(238, 1, '2015-01-20', '0000-00-00 00:00:00', 1),
(239, 1, '2015-01-20', '0000-00-00 00:00:00', 1),
(240, 1, '2015-01-20', '0000-00-00 00:00:00', 1),
(241, 1, '2015-01-20', '0000-00-00 00:00:00', 1),
(242, 1, '2015-01-20', '0000-00-00 00:00:00', 1),
(243, 1, '2015-01-20', '0000-00-00 00:00:00', 1),
(244, 1, '2015-01-20', '0000-00-00 00:00:00', 1),
(245, 1, '2015-01-20', '0000-00-00 00:00:00', 1),
(246, 1, '2015-01-20', '0000-00-00 00:00:00', 1),
(247, 1, '2015-01-20', '0000-00-00 00:00:00', 1),
(248, 1, '2015-01-20', '0000-00-00 00:00:00', 1),
(249, 1, '2015-01-20', '0000-00-00 00:00:00', 1),
(250, 1, '2015-01-20', '0000-00-00 00:00:00', 1),
(251, 1, '2015-01-20', '0000-00-00 00:00:00', 1),
(252, 1, '2015-01-20', '0000-00-00 00:00:00', 1),
(253, 1, '2015-01-20', '0000-00-00 00:00:00', 1),
(254, 1, '2015-01-20', '0000-00-00 00:00:00', 1),
(255, 1, '2015-01-20', '0000-00-00 00:00:00', 1),
(256, 1, '2015-01-20', '0000-00-00 00:00:00', 1),
(257, 1, '2015-01-20', '0000-00-00 00:00:00', 1),
(258, 1, '2015-01-20', '0000-00-00 00:00:00', 1),
(259, 1, '2015-01-20', '0000-00-00 00:00:00', 1),
(260, 1, '2015-01-20', '0000-00-00 00:00:00', 1),
(261, 1, '2015-01-20', '0000-00-00 00:00:00', 1),
(262, 1, '2015-01-20', '0000-00-00 00:00:00', 1),
(263, 1, '2015-01-20', '0000-00-00 00:00:00', 1),
(264, 1, '2015-01-20', '0000-00-00 00:00:00', 1),
(265, 1, '2015-01-20', '0000-00-00 00:00:00', 1),
(266, 1, '2015-01-20', '0000-00-00 00:00:00', 1),
(267, 1, '2015-01-20', '0000-00-00 00:00:00', 1),
(268, 1, '2015-01-20', '0000-00-00 00:00:00', 1),
(269, 1, '2015-01-20', '0000-00-00 00:00:00', 1),
(270, 1, '2015-01-20', '0000-00-00 00:00:00', 1),
(271, 1, '2015-01-20', '0000-00-00 00:00:00', 1),
(272, 1, '2015-01-20', '0000-00-00 00:00:00', 1),
(273, 1, '2015-01-20', '0000-00-00 00:00:00', 1),
(274, 1, '2015-01-20', '0000-00-00 00:00:00', 1),
(275, 1, '2015-01-20', '0000-00-00 00:00:00', 1),
(276, 1, '2015-01-20', '0000-00-00 00:00:00', 1),
(277, 1, '2015-01-20', '0000-00-00 00:00:00', 1),
(278, 1, '2015-01-20', '0000-00-00 00:00:00', 1),
(279, 1, '2015-01-20', '0000-00-00 00:00:00', 1),
(280, 1, '2015-01-20', '0000-00-00 00:00:00', 1),
(281, 1, '2015-01-20', '0000-00-00 00:00:00', 1),
(282, 1, '2015-01-20', '0000-00-00 00:00:00', 1),
(283, 1, '2015-01-20', '0000-00-00 00:00:00', 1),
(284, 2, '2015-01-20', '0000-00-00 00:00:00', 1),
(285, 46, '2015-01-20', '0000-00-00 00:00:00', 1),
(286, 46, '2015-01-20', '0000-00-00 00:00:00', 1),
(287, 46, '2015-01-20', '0000-00-00 00:00:00', 1),
(288, 1, '2015-01-20', '0000-00-00 00:00:00', 1),
(289, 1, '2015-01-20', '0000-00-00 00:00:00', 1),
(290, 1, '2015-01-20', '0000-00-00 00:00:00', 1),
(291, 1, '2015-01-20', '0000-00-00 00:00:00', 1),
(292, 1, '2015-01-20', '0000-00-00 00:00:00', 1),
(293, 1, '2015-01-20', '0000-00-00 00:00:00', 1),
(294, 1, '2015-01-20', '0000-00-00 00:00:00', 1),
(295, 1, '2015-01-20', '0000-00-00 00:00:00', 1),
(296, 1, '2015-01-20', '0000-00-00 00:00:00', 1),
(297, 1, '2015-01-20', '0000-00-00 00:00:00', 1),
(298, 1, '2015-01-20', '0000-00-00 00:00:00', 1),
(299, 1, '2015-01-20', '0000-00-00 00:00:00', 1),
(300, 1, '2015-01-20', '0000-00-00 00:00:00', 1),
(301, 34, '2015-01-20', '0000-00-00 00:00:00', 1),
(302, 34, '2015-01-20', '0000-00-00 00:00:00', 1),
(303, 34, '2015-01-20', '0000-00-00 00:00:00', 1),
(304, 34, '2015-01-20', '0000-00-00 00:00:00', 1),
(305, 34, '2015-01-20', '0000-00-00 00:00:00', 1),
(306, 1, '2015-01-20', '0000-00-00 00:00:00', 1),
(307, 1, '2015-01-30', '0000-00-00 00:00:00', 0),
(308, 1, '2015-01-30', '0000-00-00 00:00:00', 0),
(309, 1, '2015-02-04', '0000-00-00 00:00:00', 0),
(310, 1, '2015-02-04', '0000-00-00 00:00:00', 0),
(311, 1, '2015-02-05', '0000-00-00 00:00:00', 0),
(312, 1, '2015-02-05', '0000-00-00 00:00:00', 0),
(313, 1, '2015-02-05', '0000-00-00 00:00:00', 0),
(314, 111, '2015-02-05', '0000-00-00 00:00:00', 0),
(315, 111, '2015-02-05', '0000-00-00 00:00:00', 0),
(316, 111, '2015-02-05', '0000-00-00 00:00:00', 0),
(317, 111, '2015-02-05', '0000-00-00 00:00:00', 0),
(318, 2, '2015-02-05', '0000-00-00 00:00:00', 1),
(319, 107, '2015-02-05', '0000-00-00 00:00:00', 1),
(320, 2, '2015-02-05', '0000-00-00 00:00:00', 1),
(321, 1, '2015-02-05', '0000-00-00 00:00:00', 1),
(322, 1, '2015-02-05', '0000-00-00 00:00:00', 1),
(323, 1, '2015-02-05', '0000-00-00 00:00:00', 1),
(324, 1, '2015-02-05', '0000-00-00 00:00:00', 1),
(325, 1, '2015-02-05', '0000-00-00 00:00:00', 1),
(326, 1, '2015-02-05', '0000-00-00 00:00:00', 1),
(327, 1, '2015-02-05', '0000-00-00 00:00:00', 1),
(328, 1, '2015-02-05', '0000-00-00 00:00:00', 1),
(329, 1, '2015-02-05', '0000-00-00 00:00:00', 1),
(330, 1, '2015-02-05', '0000-00-00 00:00:00', 1),
(331, 1, '2015-02-05', '0000-00-00 00:00:00', 1),
(332, 1, '2015-02-05', '0000-00-00 00:00:00', 1),
(333, 1, '2015-02-05', '0000-00-00 00:00:00', 0),
(334, 111, '2015-02-05', '0000-00-00 00:00:00', 0),
(335, 111, '2015-02-05', '0000-00-00 00:00:00', 0),
(336, 2, '2015-02-05', '0000-00-00 00:00:00', 1),
(337, 1, '2015-02-05', '0000-00-00 00:00:00', 1),
(338, 1, '2015-02-05', '0000-00-00 00:00:00', 1),
(339, 2, '2015-02-05', '0000-00-00 00:00:00', 1),
(340, 1, '2015-02-05', '0000-00-00 00:00:00', 1),
(341, 1, '2015-02-05', '0000-00-00 00:00:00', 1),
(342, 2, '2015-02-05', '0000-00-00 00:00:00', 1),
(343, 2, '2015-02-05', '0000-00-00 00:00:00', 1),
(344, 34, '2015-02-05', '0000-00-00 00:00:00', 1),
(345, 34, '2015-02-05', '0000-00-00 00:00:00', 1),
(346, 34, '2015-02-05', '0000-00-00 00:00:00', 1),
(347, 34, '2015-02-05', '0000-00-00 00:00:00', 1),
(348, 2, '2015-02-05', '0000-00-00 00:00:00', 1),
(349, 7, '2015-02-05', '0000-00-00 00:00:00', 1),
(350, 7, '2015-02-05', '0000-00-00 00:00:00', 1),
(351, 113, '2015-02-05', '0000-00-00 00:00:00', 1),
(352, 7, '2015-02-05', '0000-00-00 00:00:00', 1),
(353, 8, '2015-02-05', '0000-00-00 00:00:00', 1),
(354, 114, '2015-02-05', '0000-00-00 00:00:00', 1),
(355, 8, '2015-02-05', '0000-00-00 00:00:00', 1),
(356, 7, '2015-02-05', '0000-00-00 00:00:00', 1),
(357, 7, '2015-02-05', '0000-00-00 00:00:00', 1),
(358, 2, '2015-02-05', '0000-00-00 00:00:00', 1),
(359, 43, '2015-02-05', '0000-00-00 00:00:00', 1),
(360, 2, '2015-02-05', '0000-00-00 00:00:00', 1),
(361, 34, '2015-02-05', '0000-00-00 00:00:00', 1),
(362, 2, '2015-02-05', '0000-00-00 00:00:00', 1),
(363, 41, '2015-02-05', '0000-00-00 00:00:00', 1),
(364, 1, '2015-02-05', '0000-00-00 00:00:00', 1),
(365, 1, '2015-02-24', '0000-00-00 00:00:00', 0),
(366, 1, '2015-02-24', '0000-00-00 00:00:00', 0),
(367, 111, '2015-02-24', '0000-00-00 00:00:00', 0),
(368, 2, '2015-02-24', '0000-00-00 00:00:00', 1),
(369, 107, '2015-02-24', '0000-00-00 00:00:00', 1),
(370, 1, '2015-02-24', '0000-00-00 00:00:00', 1),
(371, 2, '2015-02-24', '0000-00-00 00:00:00', 1),
(372, 1, '2015-02-24', '0000-00-00 00:00:00', 1),
(373, 2, '2015-02-24', '0000-00-00 00:00:00', 1),
(374, 2, '2015-02-24', '0000-00-00 00:00:00', 1),
(375, 34, '2015-02-24', '0000-00-00 00:00:00', 1),
(376, 34, '2015-02-24', '0000-00-00 00:00:00', 1),
(377, 34, '2015-02-24', '0000-00-00 00:00:00', 1),
(378, 34, '2015-02-24', '0000-00-00 00:00:00', 1),
(379, 1, '2015-02-24', '0000-00-00 00:00:00', 1),
(380, 34, '2015-02-24', '0000-00-00 00:00:00', 1),
(381, 34, '2015-02-24', '0000-00-00 00:00:00', 1),
(382, 34, '2015-02-24', '0000-00-00 00:00:00', 1),
(383, 2, '2015-02-24', '0000-00-00 00:00:00', 1),
(384, 7, '2015-02-24', '0000-00-00 00:00:00', 1),
(385, 1, '2015-02-24', '0000-00-00 00:00:00', 1),
(386, 7, '2015-02-24', '0000-00-00 00:00:00', 1),
(387, 1, '2015-02-24', '0000-00-00 00:00:00', 1),
(388, 7, '2015-02-24', '0000-00-00 00:00:00', 1),
(389, 7, '2015-02-24', '0000-00-00 00:00:00', 1),
(390, 2, '2015-02-24', '0000-00-00 00:00:00', 1),
(391, 2, '2015-02-24', '0000-00-00 00:00:00', 1),
(392, 1, '2015-02-24', '0000-00-00 00:00:00', 1),
(393, 1, '2015-02-24', '0000-00-00 00:00:00', 1),
(394, 1, '2015-02-24', '0000-00-00 00:00:00', 1),
(395, 1, '2015-02-24', '0000-00-00 00:00:00', 1),
(396, 2, '2015-02-24', '0000-00-00 00:00:00', 1),
(397, 111, '2015-02-24', '0000-00-00 00:00:00', 1),
(398, 1, '2015-02-24', '0000-00-00 00:00:00', 0),
(399, 111, '2015-02-24', '0000-00-00 00:00:00', 0),
(400, 2, '2015-02-24', '0000-00-00 00:00:00', 1),
(401, 1, '2015-02-24', '0000-00-00 00:00:00', 1),
(402, 2, '2015-02-24', '0000-00-00 00:00:00', 1),
(403, 47, '2015-02-24', '0000-00-00 00:00:00', 1),
(404, 48, '2015-02-24', '0000-00-00 00:00:00', 1),
(405, 2, '2015-02-24', '0000-00-00 00:00:00', 1),
(406, 44, '2015-02-24', '0000-00-00 00:00:00', 1),
(407, 46, '2015-02-24', '0000-00-00 00:00:00', 1),
(408, 46, '2015-02-24', '0000-00-00 00:00:00', 1),
(409, 46, '2015-02-24', '0000-00-00 00:00:00', 1),
(410, 46, '2015-02-24', '0000-00-00 00:00:00', 1),
(411, 46, '2015-02-24', '0000-00-00 00:00:00', 1),
(412, 2, '2015-02-24', '0000-00-00 00:00:00', 1),
(413, 43, '2015-02-24', '0000-00-00 00:00:00', 1),
(414, 43, '2015-02-24', '0000-00-00 00:00:00', 1),
(415, 43, '2015-02-24', '0000-00-00 00:00:00', 1),
(416, 43, '2015-02-24', '0000-00-00 00:00:00', 1),
(417, 2, '2015-02-24', '0000-00-00 00:00:00', 1),
(418, 7, '2015-02-24', '0000-00-00 00:00:00', 1),
(419, 1, '2015-02-24', '0000-00-00 00:00:00', 1),
(420, 7, '2015-02-24', '0000-00-00 00:00:00', 1),
(421, 7, '2015-02-24', '0000-00-00 00:00:00', 1),
(422, 1, '2015-02-24', '0000-00-00 00:00:00', 1),
(423, 2, '2015-02-24', '0000-00-00 00:00:00', 1),
(424, 1, '2015-02-24', '0000-00-00 00:00:00', 1),
(425, 1, '2015-02-24', '0000-00-00 00:00:00', 1),
(426, 1, '2015-02-24', '0000-00-00 00:00:00', 1),
(427, 1, '2015-02-24', '0000-00-00 00:00:00', 1),
(428, 1, '2015-02-24', '0000-00-00 00:00:00', 1),
(429, 1, '2015-02-24', '0000-00-00 00:00:00', 1),
(430, 2, '2015-02-24', '0000-00-00 00:00:00', 1),
(431, 32, '2015-02-24', '0000-00-00 00:00:00', 1),
(432, 33, '2015-02-24', '0000-00-00 00:00:00', 1),
(433, 1, '2015-02-24', '0000-00-00 00:00:00', 1),
(434, 1, '2015-02-24', '0000-00-00 00:00:00', 1),
(435, 1, '2015-02-24', '0000-00-00 00:00:00', 1),
(436, 1, '2015-02-24', '0000-00-00 00:00:00', 1),
(437, 1, '2015-02-24', '0000-00-00 00:00:00', 1),
(438, 1, '2015-02-24', '0000-00-00 00:00:00', 1),
(439, 1, '2015-02-24', '0000-00-00 00:00:00', 1),
(440, 1, '2015-02-24', '0000-00-00 00:00:00', 1),
(441, 1, '2015-02-24', '0000-00-00 00:00:00', 1),
(442, 2, '2015-02-24', '0000-00-00 00:00:00', 1),
(443, 46, '2015-02-24', '0000-00-00 00:00:00', 1),
(444, 46, '2015-02-24', '0000-00-00 00:00:00', 1),
(445, 46, '2015-02-24', '0000-00-00 00:00:00', 1),
(446, 2, '2015-02-24', '0000-00-00 00:00:00', 1),
(447, 124, '2015-02-24', '0000-00-00 00:00:00', 1),
(448, 124, '2015-02-24', '0000-00-00 00:00:00', 1),
(449, 124, '2015-02-24', '0000-00-00 00:00:00', 1),
(450, 2, '2015-02-24', '0000-00-00 00:00:00', 1),
(451, 43, '2015-02-24', '0000-00-00 00:00:00', 1),
(452, 1, '2015-02-24', '0000-00-00 00:00:00', 1),
(453, 2, '2015-02-24', '0000-00-00 00:00:00', 1),
(454, 8, '2015-02-24', '0000-00-00 00:00:00', 1),
(455, 8, '2015-02-24', '0000-00-00 00:00:00', 1),
(456, 2, '2015-02-24', '0000-00-00 00:00:00', 1),
(457, 7, '2015-02-24', '0000-00-00 00:00:00', 1),
(458, 7, '2015-02-24', '0000-00-00 00:00:00', 1),
(459, 1, '2015-02-24', '0000-00-00 00:00:00', 1),
(460, 7, '2015-02-24', '0000-00-00 00:00:00', 1),
(461, 7, '2015-02-24', '0000-00-00 00:00:00', 1),
(462, 7, '2015-02-24', '0000-00-00 00:00:00', 1),
(463, 7, '2015-02-24', '0000-00-00 00:00:00', 1),
(464, 1, '2015-02-24', '0000-00-00 00:00:00', 1),
(465, 1, '2015-02-24', '0000-00-00 00:00:00', 1),
(466, 1, '2015-02-24', '0000-00-00 00:00:00', 1),
(467, 1, '2015-02-24', '0000-00-00 00:00:00', 1),
(468, 1, '2015-02-24', '0000-00-00 00:00:00', 1),
(469, 1, '2015-02-24', '0000-00-00 00:00:00', 1),
(470, 1, '2015-02-24', '0000-00-00 00:00:00', 1),
(471, 1, '2015-02-24', '0000-00-00 00:00:00', 1),
(472, 1, '2015-02-24', '0000-00-00 00:00:00', 1),
(473, 1, '2015-02-24', '0000-00-00 00:00:00', 1),
(474, 1, '2015-02-24', '0000-00-00 00:00:00', 1),
(475, 1, '2015-02-24', '0000-00-00 00:00:00', 1),
(476, 1, '2015-02-24', '0000-00-00 00:00:00', 1),
(477, 1, '2015-02-24', '0000-00-00 00:00:00', 1),
(478, 1, '2015-02-24', '0000-00-00 00:00:00', 1),
(479, 1, '2015-02-24', '0000-00-00 00:00:00', 1),
(480, 1, '2015-02-24', '0000-00-00 00:00:00', 1),
(481, 1, '2015-02-24', '0000-00-00 00:00:00', 1),
(482, 1, '2015-02-24', '0000-00-00 00:00:00', 1),
(483, 1, '2015-02-24', '0000-00-00 00:00:00', 1),
(484, 1, '2015-02-24', '0000-00-00 00:00:00', 1),
(485, 1, '2015-02-24', '0000-00-00 00:00:00', 1),
(486, 1, '2015-02-24', '0000-00-00 00:00:00', 1),
(487, 1, '2015-02-24', '0000-00-00 00:00:00', 1),
(488, 1, '2015-02-24', '0000-00-00 00:00:00', 1),
(489, 1, '2015-02-24', '0000-00-00 00:00:00', 1),
(490, 1, '2015-02-24', '0000-00-00 00:00:00', 1),
(491, 1, '2015-02-24', '0000-00-00 00:00:00', 1),
(492, 1, '2015-02-24', '0000-00-00 00:00:00', 1),
(493, 1, '2015-02-24', '0000-00-00 00:00:00', 1),
(494, 1, '2015-02-24', '0000-00-00 00:00:00', 1),
(495, 1, '2015-02-24', '0000-00-00 00:00:00', 1),
(496, 1, '2015-02-24', '0000-00-00 00:00:00', 1),
(497, 1, '2015-02-24', '0000-00-00 00:00:00', 1),
(498, 1, '2015-02-24', '0000-00-00 00:00:00', 1),
(499, 1, '2015-02-24', '0000-00-00 00:00:00', 1),
(500, 1, '2015-02-24', '0000-00-00 00:00:00', 1),
(501, 1, '2015-02-24', '0000-00-00 00:00:00', 1),
(502, 1, '2015-02-24', '0000-00-00 00:00:00', 1),
(503, 1, '2015-02-24', '0000-00-00 00:00:00', 1),
(504, 1, '2015-02-24', '0000-00-00 00:00:00', 1),
(505, 1, '2015-02-24', '0000-00-00 00:00:00', 1),
(506, 1, '2015-02-24', '0000-00-00 00:00:00', 1),
(507, 1, '2015-02-24', '0000-00-00 00:00:00', 1),
(508, 1, '2015-02-24', '0000-00-00 00:00:00', 1),
(509, 1, '2015-02-24', '0000-00-00 00:00:00', 1),
(510, 1, '2015-02-24', '0000-00-00 00:00:00', 1),
(511, 1, '2015-02-24', '0000-00-00 00:00:00', 1),
(512, 1, '2015-02-24', '0000-00-00 00:00:00', 1),
(513, 1, '2015-02-24', '0000-00-00 00:00:00', 1),
(514, 1, '2015-02-24', '0000-00-00 00:00:00', 1),
(515, 1, '2015-02-24', '0000-00-00 00:00:00', 1),
(516, 1, '2015-02-24', '0000-00-00 00:00:00', 1),
(517, 1, '2015-02-24', '0000-00-00 00:00:00', 1),
(518, 1, '2015-02-24', '0000-00-00 00:00:00', 1),
(519, 1, '2015-02-24', '0000-00-00 00:00:00', 1),
(520, 1, '2015-02-24', '0000-00-00 00:00:00', 1),
(521, 1, '2015-02-24', '0000-00-00 00:00:00', 1),
(522, 1, '2015-02-24', '0000-00-00 00:00:00', 1),
(523, 1, '2015-02-24', '0000-00-00 00:00:00', 1),
(524, 1, '2015-02-24', '0000-00-00 00:00:00', 1),
(525, 1, '2015-02-24', '0000-00-00 00:00:00', 1),
(526, 1, '2015-02-24', '0000-00-00 00:00:00', 1),
(527, 1, '2015-02-24', '0000-00-00 00:00:00', 1),
(528, 1, '2015-02-24', '0000-00-00 00:00:00', 1),
(529, 1, '2015-02-24', '0000-00-00 00:00:00', 1),
(530, 1, '2015-02-24', '0000-00-00 00:00:00', 1),
(531, 1, '2015-02-24', '0000-00-00 00:00:00', 1),
(532, 1, '2015-02-24', '0000-00-00 00:00:00', 1),
(533, 1, '2015-02-24', '0000-00-00 00:00:00', 1),
(534, 1, '2015-02-24', '0000-00-00 00:00:00', 1),
(535, 1, '2015-02-24', '0000-00-00 00:00:00', 1),
(536, 1, '2015-02-24', '0000-00-00 00:00:00', 1),
(537, 1, '2015-02-24', '0000-00-00 00:00:00', 1),
(538, 1, '2015-02-24', '0000-00-00 00:00:00', 1),
(539, 1, '2015-02-24', '0000-00-00 00:00:00', 1),
(540, 1, '2015-02-24', '0000-00-00 00:00:00', 1),
(541, 1, '2015-02-24', '0000-00-00 00:00:00', 1),
(542, 1, '2015-02-24', '0000-00-00 00:00:00', 1),
(543, 1, '2015-02-24', '0000-00-00 00:00:00', 1),
(544, 1, '2015-02-24', '0000-00-00 00:00:00', 1),
(545, 1, '2015-02-24', '0000-00-00 00:00:00', 1),
(546, 1, '2015-02-24', '0000-00-00 00:00:00', 1),
(547, 1, '2015-02-24', '0000-00-00 00:00:00', 1),
(548, 1, '2015-02-24', '0000-00-00 00:00:00', 1),
(549, 1, '2015-02-24', '0000-00-00 00:00:00', 1),
(550, 1, '2015-02-24', '0000-00-00 00:00:00', 1),
(551, 1, '2015-02-24', '0000-00-00 00:00:00', 1),
(552, 1, '2015-02-24', '0000-00-00 00:00:00', 1),
(553, 1, '2015-02-24', '0000-00-00 00:00:00', 1),
(554, 1, '2015-02-24', '0000-00-00 00:00:00', 1),
(555, 1, '2015-02-24', '0000-00-00 00:00:00', 1),
(556, 1, '2015-02-24', '0000-00-00 00:00:00', 1),
(557, 1, '2015-02-24', '0000-00-00 00:00:00', 1),
(558, 1, '2015-02-24', '0000-00-00 00:00:00', 1),
(559, 1, '2015-02-24', '0000-00-00 00:00:00', 1),
(560, 1, '2015-02-24', '0000-00-00 00:00:00', 1),
(561, 1, '2015-02-24', '0000-00-00 00:00:00', 1),
(562, 1, '2015-02-24', '0000-00-00 00:00:00', 1),
(563, 1, '2015-02-24', '0000-00-00 00:00:00', 1),
(564, 1, '2015-02-24', '0000-00-00 00:00:00', 1),
(565, 1, '2015-02-24', '0000-00-00 00:00:00', 1),
(566, 1, '2015-02-24', '0000-00-00 00:00:00', 1),
(567, 1, '2015-02-24', '0000-00-00 00:00:00', 1),
(568, 1, '2015-02-24', '0000-00-00 00:00:00', 1),
(569, 1, '2015-02-24', '0000-00-00 00:00:00', 1),
(570, 1, '2015-02-24', '0000-00-00 00:00:00', 1),
(571, 1, '2015-02-24', '0000-00-00 00:00:00', 1),
(572, 2, '2015-02-24', '0000-00-00 00:00:00', 1),
(573, 124, '2015-02-24', '0000-00-00 00:00:00', 1),
(574, 1, '2015-02-24', '0000-00-00 00:00:00', 1),
(575, 1, '2015-02-24', '0000-00-00 00:00:00', 1),
(576, 1, '2015-02-24', '0000-00-00 00:00:00', 1),
(577, 1, '2015-02-24', '0000-00-00 00:00:00', 1),
(578, 1, '2015-02-24', '0000-00-00 00:00:00', 1),
(579, 1, '2015-02-24', '0000-00-00 00:00:00', 1),
(580, 1, '2015-02-24', '0000-00-00 00:00:00', 1),
(581, 1, '2015-02-24', '0000-00-00 00:00:00', 1),
(582, 2, '2015-02-24', '0000-00-00 00:00:00', 1),
(583, 7, '2015-02-24', '0000-00-00 00:00:00', 1),
(584, 7, '2015-02-24', '0000-00-00 00:00:00', 1),
(585, 2, '2015-02-24', '0000-00-00 00:00:00', 1),
(586, 2, '2015-02-24', '0000-00-00 00:00:00', 1),
(587, 9, '2015-02-24', '0000-00-00 00:00:00', 1),
(588, 2, '2015-02-24', '0000-00-00 00:00:00', 1),
(589, 7, '2015-02-24', '0000-00-00 00:00:00', 1),
(590, 9, '2015-02-24', '0000-00-00 00:00:00', 1),
(591, 7, '2015-02-24', '0000-00-00 00:00:00', 1),
(592, 6, '2015-02-24', '0000-00-00 00:00:00', 1),
(593, 7, '2015-02-24', '0000-00-00 00:00:00', 1),
(594, 6, '2015-02-24', '0000-00-00 00:00:00', 1),
(595, 7, '2015-02-24', '0000-00-00 00:00:00', 1),
(596, 6, '2015-02-24', '0000-00-00 00:00:00', 1),
(597, 7, '2015-02-24', '0000-00-00 00:00:00', 1),
(598, 6, '2015-02-24', '0000-00-00 00:00:00', 1),
(599, 7, '2015-02-24', '0000-00-00 00:00:00', 1),
(600, 6, '2015-02-24', '0000-00-00 00:00:00', 1),
(601, 7, '2015-02-24', '0000-00-00 00:00:00', 1),
(602, 1, '2015-02-24', '0000-00-00 00:00:00', 1),
(603, 1, '2015-02-24', '0000-00-00 00:00:00', 1),
(604, 1, '2015-02-24', '0000-00-00 00:00:00', 1),
(605, 1, '2015-02-24', '0000-00-00 00:00:00', 1),
(606, 1, '2015-02-24', '0000-00-00 00:00:00', 1),
(607, 1, '2015-02-24', '0000-00-00 00:00:00', 1),
(608, 1, '2015-02-24', '0000-00-00 00:00:00', 1),
(609, 1, '2015-02-24', '0000-00-00 00:00:00', 1),
(610, 1, '2015-02-24', '0000-00-00 00:00:00', 1),
(611, 1, '2015-02-24', '0000-00-00 00:00:00', 1),
(612, 1, '2015-02-24', '0000-00-00 00:00:00', 1),
(613, 1, '2015-02-24', '0000-00-00 00:00:00', 1),
(614, 1, '2015-02-24', '0000-00-00 00:00:00', 1),
(615, 1, '2015-02-24', '0000-00-00 00:00:00', 1),
(616, 1, '2015-02-24', '0000-00-00 00:00:00', 1),
(617, 1, '2015-02-24', '0000-00-00 00:00:00', 1),
(618, 1, '2015-02-24', '0000-00-00 00:00:00', 1),
(619, 1, '2015-02-24', '0000-00-00 00:00:00', 1),
(620, 1, '2015-02-24', '0000-00-00 00:00:00', 1),
(621, 1, '2015-02-24', '0000-00-00 00:00:00', 1),
(622, 1, '2015-02-24', '0000-00-00 00:00:00', 1),
(623, 1, '2015-02-24', '0000-00-00 00:00:00', 1),
(624, 1, '2015-02-24', '0000-00-00 00:00:00', 1),
(625, 1, '2015-02-24', '0000-00-00 00:00:00', 1),
(626, 1, '2015-02-24', '0000-00-00 00:00:00', 1),
(627, 1, '2015-02-24', '0000-00-00 00:00:00', 1),
(628, 1, '2015-02-24', '0000-00-00 00:00:00', 1),
(629, 1, '2015-02-24', '0000-00-00 00:00:00', 1),
(630, 1, '2015-02-24', '0000-00-00 00:00:00', 1),
(631, 1, '2015-02-24', '0000-00-00 00:00:00', 1),
(632, 1, '2015-02-24', '0000-00-00 00:00:00', 1),
(633, 1, '2015-02-24', '0000-00-00 00:00:00', 1),
(634, 1, '2015-02-24', '0000-00-00 00:00:00', 1),
(635, 1, '2015-02-24', '0000-00-00 00:00:00', 1),
(636, 1, '2015-02-24', '0000-00-00 00:00:00', 1),
(637, 1, '2015-02-24', '0000-00-00 00:00:00', 1),
(638, 1, '2015-02-24', '0000-00-00 00:00:00', 1),
(639, 1, '2015-02-24', '0000-00-00 00:00:00', 1),
(640, 1, '2015-02-24', '0000-00-00 00:00:00', 1),
(641, 1, '2015-02-24', '0000-00-00 00:00:00', 1),
(642, 1, '2015-02-24', '0000-00-00 00:00:00', 1),
(643, 1, '2015-02-24', '0000-00-00 00:00:00', 1),
(644, 1, '2015-02-24', '0000-00-00 00:00:00', 1),
(645, 1, '2015-02-24', '0000-00-00 00:00:00', 1),
(646, 1, '2015-02-24', '0000-00-00 00:00:00', 1),
(647, 1, '2015-02-24', '0000-00-00 00:00:00', 1),
(648, 1, '2015-02-24', '0000-00-00 00:00:00', 1),
(649, 1, '2015-02-24', '0000-00-00 00:00:00', 1),
(650, 1, '2015-02-24', '0000-00-00 00:00:00', 1),
(651, 1, '2015-02-24', '0000-00-00 00:00:00', 1),
(652, 1, '2015-02-24', '0000-00-00 00:00:00', 1),
(653, 1, '2015-02-24', '0000-00-00 00:00:00', 1),
(654, 1, '2015-02-24', '0000-00-00 00:00:00', 1),
(655, 1, '2015-02-24', '0000-00-00 00:00:00', 1),
(656, 1, '2015-02-24', '0000-00-00 00:00:00', 1),
(657, 1, '2015-02-24', '0000-00-00 00:00:00', 1),
(658, 126, '2015-02-24', '0000-00-00 00:00:00', 1),
(659, 1, '2015-02-24', '0000-00-00 00:00:00', 1),
(660, 127, '2015-02-24', '0000-00-00 00:00:00', 1),
(661, 1, '2015-02-24', '0000-00-00 00:00:00', 1),
(662, 1, '2015-02-24', '0000-00-00 00:00:00', 1),
(663, 1, '2015-02-24', '0000-00-00 00:00:00', 1),
(664, 1, '2015-02-24', '0000-00-00 00:00:00', 1),
(665, 1, '2015-02-24', '0000-00-00 00:00:00', 1),
(666, 1, '2015-02-24', '0000-00-00 00:00:00', 1),
(667, 1, '2015-02-24', '0000-00-00 00:00:00', 1),
(668, 1, '2015-02-24', '0000-00-00 00:00:00', 1),
(669, 1, '2015-02-24', '0000-00-00 00:00:00', 1),
(670, 1, '2015-02-24', '0000-00-00 00:00:00', 1),
(671, 1, '2015-02-24', '0000-00-00 00:00:00', 1),
(672, 1, '2015-02-24', '0000-00-00 00:00:00', 1),
(673, 1, '2015-02-24', '0000-00-00 00:00:00', 1),
(674, 1, '2015-02-24', '0000-00-00 00:00:00', 1),
(675, 1, '2015-02-24', '0000-00-00 00:00:00', 1),
(676, 1, '2015-02-24', '0000-00-00 00:00:00', 1),
(677, 1, '2015-02-24', '0000-00-00 00:00:00', 1),
(678, 1, '2015-02-24', '0000-00-00 00:00:00', 1),
(679, 1, '2015-02-24', '0000-00-00 00:00:00', 1),
(680, 1, '2015-02-24', '0000-00-00 00:00:00', 1),
(681, 1, '2015-02-24', '0000-00-00 00:00:00', 1),
(682, 1, '2015-02-24', '0000-00-00 00:00:00', 1),
(683, 1, '2015-02-24', '0000-00-00 00:00:00', 1),
(684, 1, '2015-02-24', '0000-00-00 00:00:00', 1),
(685, 1, '2015-02-24', '0000-00-00 00:00:00', 1),
(686, 1, '2015-02-24', '0000-00-00 00:00:00', 1),
(687, 1, '2015-02-24', '0000-00-00 00:00:00', 1),
(688, 1, '2015-02-24', '0000-00-00 00:00:00', 1),
(689, 1, '2015-02-24', '0000-00-00 00:00:00', 1),
(690, 1, '2015-02-24', '0000-00-00 00:00:00', 1),
(691, 1, '2015-02-24', '0000-00-00 00:00:00', 1),
(692, 1, '2015-02-24', '0000-00-00 00:00:00', 1),
(693, 1, '2015-02-24', '0000-00-00 00:00:00', 1),
(694, 1, '2015-02-24', '0000-00-00 00:00:00', 1),
(695, 1, '2015-02-24', '0000-00-00 00:00:00', 1),
(696, 1, '2015-02-24', '0000-00-00 00:00:00', 1),
(697, 1, '2015-02-24', '0000-00-00 00:00:00', 1),
(698, 1, '2015-02-24', '0000-00-00 00:00:00', 1),
(699, 1, '2015-02-24', '0000-00-00 00:00:00', 1),
(700, 1, '2015-02-24', '0000-00-00 00:00:00', 1),
(701, 1, '2015-02-24', '0000-00-00 00:00:00', 1),
(702, 1, '2015-02-24', '0000-00-00 00:00:00', 1),
(703, 1, '2015-02-24', '0000-00-00 00:00:00', 1),
(704, 1, '2015-02-24', '0000-00-00 00:00:00', 1),
(705, 1, '2015-02-24', '0000-00-00 00:00:00', 1),
(706, 1, '2015-02-24', '0000-00-00 00:00:00', 1),
(707, 126, '2015-02-24', '0000-00-00 00:00:00', 1),
(708, 126, '2015-02-24', '0000-00-00 00:00:00', 1),
(709, 126, '2015-02-24', '0000-00-00 00:00:00', 1),
(710, 126, '2015-02-24', '0000-00-00 00:00:00', 1),
(711, 126, '2015-02-24', '0000-00-00 00:00:00', 1),
(712, 1, '2015-02-24', '0000-00-00 00:00:00', 1),
(713, 126, '2015-02-24', '0000-00-00 00:00:00', 1),
(714, 127, '2015-02-24', '0000-00-00 00:00:00', 1),
(715, 127, '2015-02-24', '0000-00-00 00:00:00', 1),
(716, 127, '2015-02-24', '0000-00-00 00:00:00', 1),
(717, 127, '2015-02-24', '0000-00-00 00:00:00', 1),
(718, 127, '2015-02-24', '0000-00-00 00:00:00', 1),
(719, 128, '2015-02-24', '0000-00-00 00:00:00', 1),
(720, 128, '2015-02-24', '0000-00-00 00:00:00', 1),
(721, 128, '2015-02-24', '0000-00-00 00:00:00', 1),
(722, 128, '2015-02-24', '0000-00-00 00:00:00', 1),
(723, 128, '2015-02-24', '0000-00-00 00:00:00', 1),
(724, 129, '2015-02-24', '0000-00-00 00:00:00', 1),
(725, 129, '2015-02-24', '0000-00-00 00:00:00', 1),
(726, 129, '2015-02-24', '0000-00-00 00:00:00', 1),
(727, 129, '2015-02-24', '0000-00-00 00:00:00', 1),
(728, 129, '2015-02-24', '0000-00-00 00:00:00', 1),
(729, 126, '2015-02-24', '0000-00-00 00:00:00', 1),
(730, 127, '2015-02-24', '0000-00-00 00:00:00', 1),
(731, 128, '2015-02-24', '0000-00-00 00:00:00', 1),
(732, 129, '2015-02-24', '0000-00-00 00:00:00', 1),
(733, 126, '2015-02-24', '0000-00-00 00:00:00', 1),
(734, 7, '2015-02-24', '0000-00-00 00:00:00', 1),
(735, 2, '2015-02-24', '0000-00-00 00:00:00', 1),
(736, 4, '2015-02-24', '0000-00-00 00:00:00', 1),
(737, 1, '2015-02-24', '0000-00-00 00:00:00', 1),
(738, 126, '2015-02-24', '0000-00-00 00:00:00', 1),
(739, 2, '2015-02-24', '0000-00-00 00:00:00', 1),
(740, 2, '2015-02-24', '0000-00-00 00:00:00', 1),
(741, 34, '2015-02-24', '0000-00-00 00:00:00', 1),
(742, 2, '2015-02-24', '0000-00-00 00:00:00', 1),
(743, 35, '2015-02-24', '0000-00-00 00:00:00', 1),
(744, 2, '2015-02-24', '0000-00-00 00:00:00', 1),
(745, 35, '2015-02-24', '0000-00-00 00:00:00', 1),
(746, 2, '2015-02-24', '0000-00-00 00:00:00', 1),
(747, 32, '2015-02-24', '0000-00-00 00:00:00', 1),
(748, 33, '2015-02-24', '0000-00-00 00:00:00', 1),
(749, 1, '2015-02-24', '0000-00-00 00:00:00', 1),
(750, 1, '2015-02-24', '0000-00-00 00:00:00', 1),
(751, 126, '2015-02-24', '0000-00-00 00:00:00', 1),
(752, 126, '2015-02-24', '0000-00-00 00:00:00', 1),
(753, 4, '2015-02-24', '0000-00-00 00:00:00', 1),
(754, 2, '2015-02-24', '0000-00-00 00:00:00', 1),
(755, 43, '2015-02-24', '0000-00-00 00:00:00', 1),
(756, 2, '2015-02-24', '0000-00-00 00:00:00', 1),
(757, 40, '2015-02-24', '0000-00-00 00:00:00', 1),
(758, 2, '2015-02-24', '0000-00-00 00:00:00', 1),
(759, 7, '2015-02-24', '0000-00-00 00:00:00', 1),
(760, 1, '2015-02-24', '0000-00-00 00:00:00', 1),
(761, 126, '2015-02-24', '0000-00-00 00:00:00', 1),
(762, 1, '2015-02-24', '0000-00-00 00:00:00', 1),
(763, 126, '2015-02-24', '0000-00-00 00:00:00', 1),
(764, 7, '2015-02-24', '0000-00-00 00:00:00', 1),
(765, 2, '2015-02-24', '0000-00-00 00:00:00', 1),
(766, 35, '2015-02-24', '0000-00-00 00:00:00', 1),
(767, 2, '2015-02-24', '0000-00-00 00:00:00', 1),
(768, 32, '2015-02-24', '0000-00-00 00:00:00', 1),
(769, 33, '2015-02-24', '0000-00-00 00:00:00', 1),
(770, 33, '2015-02-24', '0000-00-00 00:00:00', 1),
(771, 32, '2015-02-24', '0000-00-00 00:00:00', 1),
(772, 32, '2015-02-24', '0000-00-00 00:00:00', 1),
(773, 32, '2015-02-24', '0000-00-00 00:00:00', 1),
(774, 32, '2015-02-24', '0000-00-00 00:00:00', 1),
(775, 102, '2015-02-24', '0000-00-00 00:00:00', 1),
(776, 32, '2015-02-24', '0000-00-00 00:00:00', 1),
(777, 2, '2015-02-24', '0000-00-00 00:00:00', 1),
(778, 7, '2015-02-24', '0000-00-00 00:00:00', 1),
(779, 1, '2015-02-24', '0000-00-00 00:00:00', 1),
(780, 126, '2015-02-24', '0000-00-00 00:00:00', 1),
(781, 2, '2015-02-24', '0000-00-00 00:00:00', 1),
(782, 32, '2015-02-24', '0000-00-00 00:00:00', 1),
(783, 32, '2015-02-24', '0000-00-00 00:00:00', 1),
(784, 130, '2015-02-24', '0000-00-00 00:00:00', 1),
(785, 130, '2015-02-24', '0000-00-00 00:00:00', 1),
(786, 32, '2015-02-24', '0000-00-00 00:00:00', 1),
(787, 1, '2015-02-24', '0000-00-00 00:00:00', 1),
(788, 126, '2015-02-24', '0000-00-00 00:00:00', 1),
(789, 127, '2015-02-24', '0000-00-00 00:00:00', 1),
(790, 126, '2015-02-24', '0000-00-00 00:00:00', 1),
(791, 2, '2015-02-24', '0000-00-00 00:00:00', 1),
(792, 32, '2015-02-24', '0000-00-00 00:00:00', 1),
(793, 32, '2015-02-24', '0000-00-00 00:00:00', 1),
(794, 123, '2015-02-24', '0000-00-00 00:00:00', 1),
(795, 123, '2015-02-24', '0000-00-00 00:00:00', 1),
(796, 32, '2015-02-24', '0000-00-00 00:00:00', 1),
(797, 1, '2015-02-24', '0000-00-00 00:00:00', 1),
(798, 126, '2015-02-24', '0000-00-00 00:00:00', 1),
(799, 127, '2015-02-24', '0000-00-00 00:00:00', 1),
(800, 128, '2015-02-24', '0000-00-00 00:00:00', 1),
(801, 129, '2015-02-24', '0000-00-00 00:00:00', 1),
(802, 126, '2015-02-24', '0000-00-00 00:00:00', 1),
(803, 2, '2015-02-24', '0000-00-00 00:00:00', 1),
(804, 32, '2015-02-24', '0000-00-00 00:00:00', 1),
(805, 32, '2015-02-24', '0000-00-00 00:00:00', 1),
(806, 122, '2015-02-24', '0000-00-00 00:00:00', 1),
(807, 122, '2015-02-24', '0000-00-00 00:00:00', 1),
(808, 32, '2015-02-24', '0000-00-00 00:00:00', 1),
(809, 1, '2015-02-24', '0000-00-00 00:00:00', 1),
(810, 1, '2015-02-24', '0000-00-00 00:00:00', 1),
(811, 126, '2015-02-24', '0000-00-00 00:00:00', 1),
(812, 28, '2015-02-24', '0000-00-00 00:00:00', 1),
(813, 1, '2015-02-24', '0000-00-00 00:00:00', 1),
(814, 126, '2015-02-24', '0000-00-00 00:00:00', 1),
(815, 126, '2015-02-24', '0000-00-00 00:00:00', 1),
(816, 126, '2015-02-24', '0000-00-00 00:00:00', 1),
(817, 126, '2015-02-24', '0000-00-00 00:00:00', 1),
(818, 126, '2015-02-24', '0000-00-00 00:00:00', 1),
(819, 126, '2015-02-24', '0000-00-00 00:00:00', 1),
(820, 126, '2015-02-24', '0000-00-00 00:00:00', 1),
(821, 126, '2015-02-24', '0000-00-00 00:00:00', 1),
(822, 126, '2015-02-24', '0000-00-00 00:00:00', 1),
(823, 126, '2015-02-24', '0000-00-00 00:00:00', 1),
(824, 126, '2015-02-24', '0000-00-00 00:00:00', 1),
(825, 126, '2015-02-24', '0000-00-00 00:00:00', 1),
(826, 126, '2015-02-24', '0000-00-00 00:00:00', 1),
(827, 126, '2015-02-24', '0000-00-00 00:00:00', 1),
(828, 126, '2015-02-24', '0000-00-00 00:00:00', 1),
(829, 126, '2015-02-24', '0000-00-00 00:00:00', 1),
(830, 126, '2015-02-24', '0000-00-00 00:00:00', 1),
(831, 126, '2015-02-24', '0000-00-00 00:00:00', 1),
(832, 126, '2015-02-24', '0000-00-00 00:00:00', 1),
(833, 126, '2015-02-24', '0000-00-00 00:00:00', 1),
(834, 126, '2015-02-24', '0000-00-00 00:00:00', 1),
(835, 126, '2015-02-24', '0000-00-00 00:00:00', 1),
(836, 126, '2015-02-24', '0000-00-00 00:00:00', 1),
(837, 126, '2015-02-24', '0000-00-00 00:00:00', 1),
(838, 126, '2015-02-24', '0000-00-00 00:00:00', 1),
(839, 126, '2015-02-24', '0000-00-00 00:00:00', 1),
(840, 126, '2015-02-24', '0000-00-00 00:00:00', 1),
(841, 126, '2015-02-24', '0000-00-00 00:00:00', 1),
(842, 126, '2015-02-24', '0000-00-00 00:00:00', 1),
(843, 126, '2015-02-24', '0000-00-00 00:00:00', 1),
(844, 126, '2015-02-24', '0000-00-00 00:00:00', 1),
(845, 126, '2015-02-24', '0000-00-00 00:00:00', 1),
(846, 126, '2015-02-24', '0000-00-00 00:00:00', 1),
(847, 126, '2015-02-24', '0000-00-00 00:00:00', 1),
(848, 126, '2015-02-24', '0000-00-00 00:00:00', 1),
(849, 126, '2015-02-24', '0000-00-00 00:00:00', 1),
(850, 126, '2015-02-24', '0000-00-00 00:00:00', 1),
(851, 126, '2015-02-24', '0000-00-00 00:00:00', 1),
(852, 126, '2015-02-24', '0000-00-00 00:00:00', 1),
(853, 126, '2015-02-24', '0000-00-00 00:00:00', 1),
(854, 126, '2015-02-24', '0000-00-00 00:00:00', 1),
(855, 126, '2015-02-24', '0000-00-00 00:00:00', 1),
(856, 126, '2015-02-24', '0000-00-00 00:00:00', 1),
(857, 126, '2015-02-24', '0000-00-00 00:00:00', 1),
(858, 126, '2015-02-24', '0000-00-00 00:00:00', 1),
(859, 126, '2015-02-24', '0000-00-00 00:00:00', 1),
(860, 126, '2015-02-24', '0000-00-00 00:00:00', 1),
(861, 126, '2015-02-24', '0000-00-00 00:00:00', 1),
(862, 126, '2015-02-24', '0000-00-00 00:00:00', 1),
(863, 126, '2015-02-24', '0000-00-00 00:00:00', 1),
(864, 126, '2015-02-24', '0000-00-00 00:00:00', 1),
(865, 126, '2015-02-24', '0000-00-00 00:00:00', 1),
(866, 126, '2015-02-24', '0000-00-00 00:00:00', 1),
(867, 126, '2015-02-24', '0000-00-00 00:00:00', 1),
(868, 126, '2015-02-24', '0000-00-00 00:00:00', 1),
(869, 126, '2015-02-24', '0000-00-00 00:00:00', 1),
(870, 126, '2015-02-24', '0000-00-00 00:00:00', 1),
(871, 126, '2015-02-24', '0000-00-00 00:00:00', 1),
(872, 126, '2015-02-24', '0000-00-00 00:00:00', 1),
(873, 126, '2015-02-24', '0000-00-00 00:00:00', 1),
(874, 126, '2015-02-24', '0000-00-00 00:00:00', 1),
(875, 126, '2015-02-24', '0000-00-00 00:00:00', 1),
(876, 126, '2015-02-24', '0000-00-00 00:00:00', 1),
(877, 126, '2015-02-24', '0000-00-00 00:00:00', 1),
(878, 126, '2015-02-24', '0000-00-00 00:00:00', 1),
(879, 126, '2015-02-24', '0000-00-00 00:00:00', 1),
(880, 126, '2015-02-24', '0000-00-00 00:00:00', 1),
(881, 126, '2015-02-24', '0000-00-00 00:00:00', 1),
(882, 126, '2015-02-24', '0000-00-00 00:00:00', 1),
(883, 126, '2015-02-24', '0000-00-00 00:00:00', 1),
(884, 126, '2015-02-24', '0000-00-00 00:00:00', 1),
(885, 126, '2015-02-24', '0000-00-00 00:00:00', 1),
(886, 126, '2015-02-24', '0000-00-00 00:00:00', 1),
(887, 126, '2015-02-24', '0000-00-00 00:00:00', 1),
(888, 126, '2015-02-24', '0000-00-00 00:00:00', 1),
(889, 126, '2015-02-24', '0000-00-00 00:00:00', 1),
(890, 126, '2015-02-24', '0000-00-00 00:00:00', 1),
(891, 126, '2015-02-24', '0000-00-00 00:00:00', 1),
(892, 126, '2015-02-24', '0000-00-00 00:00:00', 1),
(893, 126, '2015-02-24', '0000-00-00 00:00:00', 1),
(894, 126, '2015-02-24', '0000-00-00 00:00:00', 1),
(895, 126, '2015-02-24', '0000-00-00 00:00:00', 1),
(896, 126, '2015-02-24', '0000-00-00 00:00:00', 1),
(897, 126, '2015-02-24', '0000-00-00 00:00:00', 1),
(898, 126, '2015-02-24', '0000-00-00 00:00:00', 1),
(899, 126, '2015-02-24', '0000-00-00 00:00:00', 1),
(900, 126, '2015-02-24', '0000-00-00 00:00:00', 1),
(901, 126, '2015-02-24', '0000-00-00 00:00:00', 1),
(902, 126, '2015-02-24', '0000-00-00 00:00:00', 1),
(903, 126, '2015-02-24', '0000-00-00 00:00:00', 1),
(904, 126, '2015-02-24', '0000-00-00 00:00:00', 1),
(905, 126, '2015-02-24', '0000-00-00 00:00:00', 1),
(906, 126, '2015-02-24', '0000-00-00 00:00:00', 1),
(907, 126, '2015-02-24', '0000-00-00 00:00:00', 1),
(908, 126, '2015-02-24', '0000-00-00 00:00:00', 1),
(909, 126, '2015-02-24', '0000-00-00 00:00:00', 1),
(910, 126, '2015-02-24', '0000-00-00 00:00:00', 1),
(911, 126, '2015-02-24', '0000-00-00 00:00:00', 1),
(912, 126, '2015-02-24', '0000-00-00 00:00:00', 1),
(913, 126, '2015-02-24', '0000-00-00 00:00:00', 1),
(914, 126, '2015-02-24', '0000-00-00 00:00:00', 1),
(915, 126, '2015-02-24', '0000-00-00 00:00:00', 1),
(916, 126, '2015-02-24', '0000-00-00 00:00:00', 1),
(917, 127, '2015-02-24', '0000-00-00 00:00:00', 1),
(918, 127, '2015-02-24', '0000-00-00 00:00:00', 1),
(919, 127, '2015-02-24', '0000-00-00 00:00:00', 1),
(920, 128, '2015-02-24', '0000-00-00 00:00:00', 1),
(921, 128, '2015-02-24', '0000-00-00 00:00:00', 1),
(922, 128, '2015-02-24', '0000-00-00 00:00:00', 1),
(923, 128, '2015-02-24', '0000-00-00 00:00:00', 1),
(924, 128, '2015-02-24', '0000-00-00 00:00:00', 1),
(925, 128, '2015-02-24', '0000-00-00 00:00:00', 1),
(926, 128, '2015-02-24', '0000-00-00 00:00:00', 1),
(927, 128, '2015-02-24', '0000-00-00 00:00:00', 1),
(928, 128, '2015-02-24', '0000-00-00 00:00:00', 1),
(929, 128, '2015-02-24', '0000-00-00 00:00:00', 1),
(930, 128, '2015-02-24', '0000-00-00 00:00:00', 1),
(931, 128, '2015-02-24', '0000-00-00 00:00:00', 1),
(932, 128, '2015-02-24', '0000-00-00 00:00:00', 1),
(933, 128, '2015-02-24', '0000-00-00 00:00:00', 1),
(934, 128, '2015-02-24', '0000-00-00 00:00:00', 1),
(935, 128, '2015-02-24', '0000-00-00 00:00:00', 1),
(936, 128, '2015-02-24', '0000-00-00 00:00:00', 1),
(937, 128, '2015-02-24', '0000-00-00 00:00:00', 1),
(938, 128, '2015-02-24', '0000-00-00 00:00:00', 1),
(939, 128, '2015-02-24', '0000-00-00 00:00:00', 1),
(940, 128, '2015-02-24', '0000-00-00 00:00:00', 1),
(941, 128, '2015-02-24', '0000-00-00 00:00:00', 1),
(942, 128, '2015-02-24', '0000-00-00 00:00:00', 1),
(943, 128, '2015-02-24', '0000-00-00 00:00:00', 1),
(944, 128, '2015-02-24', '0000-00-00 00:00:00', 1),
(945, 128, '2015-02-24', '0000-00-00 00:00:00', 1),
(946, 128, '2015-02-24', '0000-00-00 00:00:00', 1),
(947, 128, '2015-02-24', '0000-00-00 00:00:00', 1),
(948, 128, '2015-02-24', '0000-00-00 00:00:00', 1),
(949, 128, '2015-02-24', '0000-00-00 00:00:00', 1),
(950, 128, '2015-02-24', '0000-00-00 00:00:00', 1),
(951, 128, '2015-02-24', '0000-00-00 00:00:00', 1),
(952, 128, '2015-02-24', '0000-00-00 00:00:00', 1),
(953, 129, '2015-02-24', '0000-00-00 00:00:00', 1),
(954, 129, '2015-02-24', '0000-00-00 00:00:00', 1),
(955, 129, '2015-02-24', '0000-00-00 00:00:00', 1),
(956, 129, '2015-02-24', '0000-00-00 00:00:00', 1),
(957, 129, '2015-02-24', '0000-00-00 00:00:00', 1),
(958, 129, '2015-02-24', '0000-00-00 00:00:00', 1),
(959, 129, '2015-02-24', '0000-00-00 00:00:00', 1),
(960, 129, '2015-02-24', '0000-00-00 00:00:00', 1),
(961, 129, '2015-02-24', '0000-00-00 00:00:00', 1),
(962, 129, '2015-02-24', '0000-00-00 00:00:00', 1),
(963, 55, '2015-02-24', '0000-00-00 00:00:00', 1),
(964, 129, '2015-02-24', '0000-00-00 00:00:00', 1),
(965, 129, '2015-02-24', '0000-00-00 00:00:00', 1),
(966, 129, '2015-02-24', '0000-00-00 00:00:00', 1),
(967, 129, '2015-02-24', '0000-00-00 00:00:00', 1),
(968, 129, '2015-02-24', '0000-00-00 00:00:00', 1),
(969, 129, '2015-02-24', '0000-00-00 00:00:00', 1),
(970, 129, '2015-02-24', '0000-00-00 00:00:00', 1),
(971, 128, '2015-02-24', '0000-00-00 00:00:00', 1),
(972, 127, '2015-02-24', '0000-00-00 00:00:00', 1),
(973, 128, '2015-02-24', '0000-00-00 00:00:00', 1),
(974, 127, '2015-02-24', '0000-00-00 00:00:00', 1),
(975, 127, '2015-02-24', '0000-00-00 00:00:00', 1),
(976, 127, '2015-02-24', '0000-00-00 00:00:00', 1),
(977, 127, '2015-02-24', '0000-00-00 00:00:00', 1),
(978, 127, '2015-02-24', '0000-00-00 00:00:00', 1),
(979, 128, '2015-02-24', '0000-00-00 00:00:00', 1),
(980, 128, '2015-02-24', '0000-00-00 00:00:00', 1),
(981, 128, '2015-02-24', '0000-00-00 00:00:00', 1),
(982, 127, '2015-02-24', '0000-00-00 00:00:00', 1),
(983, 127, '2015-02-24', '0000-00-00 00:00:00', 1),
(984, 127, '2015-02-24', '0000-00-00 00:00:00', 1),
(985, 127, '2015-02-24', '0000-00-00 00:00:00', 1),
(986, 127, '2015-02-24', '0000-00-00 00:00:00', 1),
(987, 126, '2015-02-24', '0000-00-00 00:00:00', 1),
(988, 126, '2015-02-24', '0000-00-00 00:00:00', 1),
(989, 126, '2015-02-24', '0000-00-00 00:00:00', 1),
(990, 126, '2015-02-24', '0000-00-00 00:00:00', 1),
(991, 126, '2015-02-24', '0000-00-00 00:00:00', 1),
(992, 126, '2015-02-24', '0000-00-00 00:00:00', 1),
(993, 126, '2015-02-24', '0000-00-00 00:00:00', 1),
(994, 126, '2015-02-24', '0000-00-00 00:00:00', 1),
(995, 126, '2015-02-24', '0000-00-00 00:00:00', 1),
(996, 127, '2015-02-24', '0000-00-00 00:00:00', 1),
(997, 128, '2015-02-24', '0000-00-00 00:00:00', 1),
(998, 129, '2015-02-24', '0000-00-00 00:00:00', 1),
(999, 1, '2015-02-24', '0000-00-00 00:00:00', 1),
(1000, 127, '2015-02-24', '0000-00-00 00:00:00', 1),
(1001, 127, '2015-02-24', '0000-00-00 00:00:00', 1),
(1002, 2, '2015-02-24', '0000-00-00 00:00:00', 1),
(1003, 1, '2015-02-24', '0000-00-00 00:00:00', 1),
(1004, 1, '2015-02-24', '0000-00-00 00:00:00', 1),
(1005, 2, '2015-02-24', '0000-00-00 00:00:00', 1),
(1006, 7, '2015-02-24', '0000-00-00 00:00:00', 1),
(1007, 9, '2015-02-24', '0000-00-00 00:00:00', 1),
(1008, 7, '2015-02-24', '0000-00-00 00:00:00', 1),
(1009, 9, '2015-02-24', '0000-00-00 00:00:00', 1),
(1010, 7, '2015-02-24', '0000-00-00 00:00:00', 1),
(1011, 8, '2015-02-24', '0000-00-00 00:00:00', 1),
(1012, 7, '2015-02-24', '0000-00-00 00:00:00', 1),
(1013, 7, '2015-02-24', '0000-00-00 00:00:00', 1),
(1014, 6, '2015-02-24', '0000-00-00 00:00:00', 1),
(1015, 7, '2015-02-24', '0000-00-00 00:00:00', 1),
(1016, 2, '2015-02-24', '0000-00-00 00:00:00', 1),
(1017, 43, '2015-02-24', '0000-00-00 00:00:00', 1),
(1018, 2, '2015-02-24', '0000-00-00 00:00:00', 1),
(1019, 32, '2015-02-24', '0000-00-00 00:00:00', 1),
(1020, 32, '2015-02-24', '0000-00-00 00:00:00', 1),
(1021, 7, '2015-02-24', '0000-00-00 00:00:00', 1),
(1022, 9, '2015-02-24', '0000-00-00 00:00:00', 1),
(1023, 2, '2015-02-24', '0000-00-00 00:00:00', 1),
(1024, 7, '2015-02-24', '0000-00-00 00:00:00', 1),
(1025, 9, '2015-02-24', '0000-00-00 00:00:00', 1),
(1026, 1, '2015-02-24', '0000-00-00 00:00:00', 1),
(1027, 1, '2015-02-24', '0000-00-00 00:00:00', 1),
(1028, 128, '2015-02-24', '0000-00-00 00:00:00', 1);
INSERT INTO `PageStatistics` (`pstID`, `cID`, `date`, `timestamp`, `uID`) VALUES
(1029, 127, '2015-02-24', '0000-00-00 00:00:00', 1),
(1030, 127, '2015-02-24', '0000-00-00 00:00:00', 1),
(1031, 127, '2015-02-24', '0000-00-00 00:00:00', 1),
(1032, 127, '2015-02-24', '0000-00-00 00:00:00', 1),
(1033, 127, '2015-02-24', '0000-00-00 00:00:00', 1),
(1034, 127, '2015-02-24', '0000-00-00 00:00:00', 1),
(1035, 127, '2015-02-24', '0000-00-00 00:00:00', 1),
(1036, 127, '2015-02-24', '0000-00-00 00:00:00', 1),
(1037, 127, '2015-02-24', '0000-00-00 00:00:00', 1),
(1038, 127, '2015-02-24', '0000-00-00 00:00:00', 1),
(1039, 127, '2015-02-24', '0000-00-00 00:00:00', 1),
(1040, 127, '2015-02-24', '0000-00-00 00:00:00', 1),
(1041, 127, '2015-02-24', '0000-00-00 00:00:00', 1),
(1042, 127, '2015-02-24', '0000-00-00 00:00:00', 1),
(1043, 2, '2015-03-02', '0000-00-00 00:00:00', 1),
(1044, 107, '2015-03-02', '0000-00-00 00:00:00', 1),
(1045, 1, '2015-03-02', '0000-00-00 00:00:00', 1),
(1046, 2, '2015-03-02', '0000-00-00 00:00:00', 1),
(1047, 26, '2015-03-02', '0000-00-00 00:00:00', 1),
(1048, 2, '2015-03-02', '0000-00-00 00:00:00', 1),
(1049, 32, '2015-03-02', '0000-00-00 00:00:00', 1),
(1050, 1, '2015-03-02', '0000-00-00 00:00:00', 1),
(1051, 2, '2015-03-02', '0000-00-00 00:00:00', 1),
(1052, 32, '2015-03-02', '0000-00-00 00:00:00', 1),
(1053, 33, '2015-03-02', '0000-00-00 00:00:00', 1),
(1054, 32, '2015-03-02', '0000-00-00 00:00:00', 1),
(1055, 33, '2015-03-02', '0000-00-00 00:00:00', 1),
(1056, 32, '2015-03-02', '0000-00-00 00:00:00', 1),
(1057, 33, '2015-03-02', '0000-00-00 00:00:00', 1),
(1058, 32, '2015-03-02', '0000-00-00 00:00:00', 1),
(1059, 32, '2015-03-02', '0000-00-00 00:00:00', 1),
(1060, 32, '2015-03-02', '0000-00-00 00:00:00', 1),
(1061, 102, '2015-03-02', '0000-00-00 00:00:00', 1),
(1062, 32, '2015-03-02', '0000-00-00 00:00:00', 1),
(1063, 1, '2015-03-02', '0000-00-00 00:00:00', 1),
(1064, 2, '2015-03-02', '0000-00-00 00:00:00', 1),
(1065, 28, '2015-03-02', '0000-00-00 00:00:00', 1),
(1066, 2, '2015-03-02', '0000-00-00 00:00:00', 1),
(1067, 28, '2015-03-02', '0000-00-00 00:00:00', 1),
(1068, 31, '2015-03-02', '0000-00-00 00:00:00', 1),
(1069, 28, '2015-03-02', '0000-00-00 00:00:00', 1),
(1070, 28, '2015-03-02', '0000-00-00 00:00:00', 1),
(1071, 28, '2015-03-02', '0000-00-00 00:00:00', 1),
(1072, 30, '2015-03-02', '0000-00-00 00:00:00', 1),
(1073, 28, '2015-03-02', '0000-00-00 00:00:00', 1),
(1074, 28, '2015-03-02', '0000-00-00 00:00:00', 1),
(1075, 28, '2015-03-02', '0000-00-00 00:00:00', 1),
(1076, 1, '2015-03-02', '0000-00-00 00:00:00', 1),
(1077, 126, '2015-03-02', '0000-00-00 00:00:00', 1),
(1078, 1, '2015-03-02', '0000-00-00 00:00:00', 1),
(1079, 131, '2015-03-02', '0000-00-00 00:00:00', 1),
(1080, 1, '2015-03-02', '0000-00-00 00:00:00', 1),
(1081, 2, '2015-03-02', '0000-00-00 00:00:00', 1),
(1082, 68, '2015-03-02', '0000-00-00 00:00:00', 1),
(1083, 68, '2015-03-02', '0000-00-00 00:00:00', 1),
(1084, 68, '2015-03-02', '0000-00-00 00:00:00', 1),
(1085, 1, '2015-03-02', '0000-00-00 00:00:00', 1),
(1086, 2, '2015-03-02', '0000-00-00 00:00:00', 1),
(1087, 34, '2015-03-02', '0000-00-00 00:00:00', 1),
(1088, 2, '2015-03-02', '0000-00-00 00:00:00', 1),
(1089, 28, '2015-03-02', '0000-00-00 00:00:00', 1),
(1090, 2, '2015-03-02', '0000-00-00 00:00:00', 1),
(1091, 32, '2015-03-02', '0000-00-00 00:00:00', 1),
(1092, 32, '2015-03-02', '0000-00-00 00:00:00', 1),
(1093, 32, '2015-03-02', '0000-00-00 00:00:00', 1),
(1094, 102, '2015-03-02', '0000-00-00 00:00:00', 1),
(1095, 32, '2015-03-02', '0000-00-00 00:00:00', 1),
(1096, 1, '2015-03-02', '0000-00-00 00:00:00', 1),
(1097, 1, '2015-03-02', '0000-00-00 00:00:00', 1),
(1098, 1, '2015-03-02', '0000-00-00 00:00:00', 1),
(1099, 1, '2015-03-02', '0000-00-00 00:00:00', 1),
(1100, 2, '2015-03-02', '0000-00-00 00:00:00', 1),
(1101, 47, '2015-03-02', '0000-00-00 00:00:00', 1),
(1102, 2, '2015-03-02', '0000-00-00 00:00:00', 1),
(1103, 44, '2015-03-02', '0000-00-00 00:00:00', 1),
(1104, 46, '2015-03-02', '0000-00-00 00:00:00', 1),
(1105, 2, '2015-03-02', '0000-00-00 00:00:00', 1),
(1106, 51, '2015-03-02', '0000-00-00 00:00:00', 1),
(1107, 100, '2015-03-02', '0000-00-00 00:00:00', 1),
(1108, 51, '2015-03-02', '0000-00-00 00:00:00', 1),
(1109, 2, '2015-03-02', '0000-00-00 00:00:00', 1),
(1110, 51, '2015-03-02', '0000-00-00 00:00:00', 1),
(1111, 100, '2015-03-02', '0000-00-00 00:00:00', 1),
(1112, 1, '2015-03-02', '0000-00-00 00:00:00', 1),
(1113, 2, '2015-03-02', '0000-00-00 00:00:00', 1),
(1114, 1, '2015-03-02', '0000-00-00 00:00:00', 1),
(1115, 7, '2015-03-02', '0000-00-00 00:00:00', 1),
(1116, 1, '2015-03-02', '0000-00-00 00:00:00', 1),
(1117, 1, '2015-03-02', '0000-00-00 00:00:00', 1),
(1118, 1, '2015-03-02', '0000-00-00 00:00:00', 1),
(1119, 2, '2015-03-02', '0000-00-00 00:00:00', 1),
(1120, 32, '2015-03-02', '0000-00-00 00:00:00', 1),
(1121, 7, '2015-03-02', '0000-00-00 00:00:00', 1),
(1122, 2, '2015-03-02', '0000-00-00 00:00:00', 1),
(1123, 32, '2015-03-02', '0000-00-00 00:00:00', 1),
(1124, 32, '2015-03-02', '0000-00-00 00:00:00', 1),
(1125, 32, '2015-03-02', '0000-00-00 00:00:00', 1),
(1126, 1, '2015-03-02', '0000-00-00 00:00:00', 1),
(1127, 1, '2015-03-02', '0000-00-00 00:00:00', 1),
(1128, 7, '2015-03-02', '0000-00-00 00:00:00', 1),
(1129, 1, '2015-03-02', '0000-00-00 00:00:00', 1),
(1130, 127, '2015-03-02', '0000-00-00 00:00:00', 1),
(1131, 1, '2015-03-02', '0000-00-00 00:00:00', 1),
(1132, 1, '2015-03-02', '0000-00-00 00:00:00', 1),
(1133, 1, '2015-03-02', '0000-00-00 00:00:00', 1),
(1134, 1, '2015-03-02', '0000-00-00 00:00:00', 1),
(1135, 1, '2015-03-02', '0000-00-00 00:00:00', 1),
(1136, 126, '2015-03-02', '0000-00-00 00:00:00', 1),
(1137, 127, '2015-03-02', '0000-00-00 00:00:00', 1),
(1138, 128, '2015-03-02', '0000-00-00 00:00:00', 1),
(1139, 129, '2015-03-02', '0000-00-00 00:00:00', 1),
(1140, 1, '2015-03-02', '0000-00-00 00:00:00', 1),
(1141, 1, '2015-03-02', '0000-00-00 00:00:00', 1),
(1142, 1, '2015-03-02', '0000-00-00 00:00:00', 1),
(1143, 1, '2015-03-02', '0000-00-00 00:00:00', 1),
(1144, 1, '2015-03-02', '0000-00-00 00:00:00', 1),
(1145, 1, '2015-03-02', '0000-00-00 00:00:00', 1),
(1146, 1, '2015-03-02', '0000-00-00 00:00:00', 1),
(1147, 126, '2015-03-02', '0000-00-00 00:00:00', 1),
(1148, 127, '2015-03-02', '0000-00-00 00:00:00', 1),
(1149, 127, '2015-03-02', '0000-00-00 00:00:00', 1),
(1150, 127, '2015-03-02', '0000-00-00 00:00:00', 1),
(1151, 1, '2015-03-02', '0000-00-00 00:00:00', 1),
(1152, 1, '2015-03-02', '0000-00-00 00:00:00', 1),
(1153, 1, '2015-03-02', '0000-00-00 00:00:00', 1),
(1154, 1, '2015-03-02', '0000-00-00 00:00:00', 1),
(1155, 1, '2015-03-02', '0000-00-00 00:00:00', 1),
(1156, 1, '2015-03-02', '0000-00-00 00:00:00', 1),
(1157, 2, '2015-03-02', '0000-00-00 00:00:00', 1),
(1158, 1, '2015-03-03', '2015-03-03 13:42:42', 0),
(1159, 1, '2015-03-03', '2015-03-03 13:43:55', 0),
(1160, 126, '2015-03-03', '2015-03-03 13:44:08', 0),
(1161, 128, '2015-03-03', '2015-03-03 13:44:14', 0),
(1162, 129, '2015-03-03', '2015-03-03 13:44:16', 0),
(1163, 128, '2015-03-03', '2015-03-03 13:44:19', 0),
(1164, 127, '2015-03-03', '2015-03-03 13:44:21', 0),
(1165, 126, '2015-03-03', '2015-03-03 13:44:24', 0),
(1166, 1, '2015-03-03', '2015-03-03 13:44:27', 0),
(1167, 1, '2015-03-03', '2015-03-03 13:45:41', 0),
(1168, 1, '2015-03-03', '2015-03-03 13:45:44', 0),
(1169, 1, '2015-03-03', '2015-03-03 13:46:05', 0),
(1170, 1, '2015-03-03', '2015-03-03 13:46:06', 0),
(1171, 1, '2015-03-03', '2015-03-03 13:46:14', 0),
(1172, 1, '2015-03-03', '2015-03-03 13:47:05', 0),
(1173, 1, '2015-03-03', '2015-03-03 13:47:07', 0),
(1174, 1, '2015-03-03', '2015-03-03 13:47:08', 0),
(1175, 1, '2015-03-03', '2015-03-03 13:47:08', 0),
(1176, 1, '2015-03-03', '2015-03-03 13:47:08', 0),
(1177, 1, '2015-03-03', '2015-03-03 13:47:09', 0),
(1178, 1, '2015-03-03', '2015-03-03 13:47:09', 0),
(1179, 1, '2015-03-03', '2015-03-03 13:47:10', 0),
(1180, 126, '2015-03-03', '2015-03-03 13:47:15', 0),
(1181, 1, '2015-03-03', '2015-03-03 13:47:46', 0),
(1182, 126, '2015-03-03', '2015-03-03 13:47:48', 0),
(1183, 111, '2015-03-03', '2015-03-03 13:48:08', 0),
(1184, 111, '2015-03-03', '2015-03-03 13:48:16', 0),
(1185, 2, '2015-03-03', '2015-03-03 13:48:17', 1),
(1186, 107, '2015-03-03', '2015-03-03 13:48:18', 1),
(1187, 11, '2015-03-03', '2015-03-03 13:48:27', 1),
(1188, 1, '2015-03-03', '2015-03-03 13:48:37', 1),
(1189, 1, '2015-03-03', '2015-03-03 14:01:05', 1),
(1190, 1, '2015-03-03', '2015-03-03 14:05:43', 1),
(1191, 126, '2015-03-03', '2015-03-03 14:05:56', 1),
(1192, 1, '2015-03-03', '2015-03-03 14:06:00', 1),
(1193, 126, '2015-03-03', '2015-03-03 14:06:05', 1),
(1194, 126, '2015-03-03', '2015-03-03 14:06:07', 1),
(1195, 126, '2015-03-03', '2015-03-03 14:06:43', 1),
(1196, 1, '2015-03-03', '2015-03-03 14:06:49', 1),
(1197, 128, '2015-03-03', '2015-03-03 14:07:04', 1),
(1198, 129, '2015-03-03', '2015-03-03 14:07:07', 1),
(1199, 127, '2015-03-03', '2015-03-03 14:07:08', 1),
(1200, 126, '2015-03-03', '2015-03-03 14:07:10', 1),
(1201, 1, '2015-03-03', '2015-03-03 14:07:11', 1);

-- --------------------------------------------------------

--
-- Structure de la table `PageThemes`
--

CREATE TABLE IF NOT EXISTS `PageThemes` (
  `ptID` int(10) unsigned NOT NULL AUTO_INCREMENT,
  `ptHandle` varchar(64) NOT NULL,
  `ptName` varchar(255) DEFAULT NULL,
  `ptDescription` text,
  `pkgID` int(10) unsigned NOT NULL DEFAULT '0',
  PRIMARY KEY (`ptID`),
  UNIQUE KEY `ptHandle` (`ptHandle`)
) ENGINE=InnoDB  DEFAULT CHARSET=utf8 AUTO_INCREMENT=8 ;

--
-- Contenu de la table `PageThemes`
--

INSERT INTO `PageThemes` (`ptID`, `ptHandle`, `ptName`, `ptDescription`, `pkgID`) VALUES
(1, 'default', 'Plain Yogurt', 'Plain Yogurt is concrete5''s default theme.', 0),
(2, 'greensalad', 'Green Salad Theme', 'This is concrete5''s Green Salad site theme.', 0),
(3, 'dark_chocolate', 'Dark Chocolate', 'Dark Chocolate is concrete5''s default theme in black.', 0),
(4, 'greek_yogurt', 'Greek Yogurt', 'An elegant theme for concrete5.', 0),
(7, 'montheme', '', '', 0);

-- --------------------------------------------------------

--
-- Structure de la table `PageThemeStyles`
--

CREATE TABLE IF NOT EXISTS `PageThemeStyles` (
  `ptID` int(10) unsigned NOT NULL DEFAULT '0',
  `ptsHandle` varchar(128) NOT NULL,
  `ptsValue` longtext,
  `ptsType` varchar(32) NOT NULL,
  PRIMARY KEY (`ptID`,`ptsHandle`,`ptsType`)
) ENGINE=InnoDB DEFAULT CHARSET=utf8;

-- --------------------------------------------------------

--
-- Structure de la table `PageTypeAttributes`
--

CREATE TABLE IF NOT EXISTS `PageTypeAttributes` (
  `ctID` int(10) unsigned NOT NULL DEFAULT '0',
  `akID` int(10) unsigned NOT NULL DEFAULT '0',
  PRIMARY KEY (`ctID`,`akID`)
) ENGINE=InnoDB DEFAULT CHARSET=utf8;

-- --------------------------------------------------------

--
-- Structure de la table `PageTypes`
--

CREATE TABLE IF NOT EXISTS `PageTypes` (
  `ctID` int(10) unsigned NOT NULL AUTO_INCREMENT,
  `ctHandle` varchar(32) NOT NULL,
  `ctIcon` varchar(128) DEFAULT NULL,
  `ctName` varchar(90) NOT NULL,
  `ctIsInternal` tinyint(1) NOT NULL DEFAULT '0',
  `pkgID` int(10) unsigned NOT NULL DEFAULT '0',
  PRIMARY KEY (`ctID`),
  UNIQUE KEY `ctHandle` (`ctHandle`)
) ENGINE=InnoDB  DEFAULT CHARSET=utf8 AUTO_INCREMENT=7 ;

--
-- Contenu de la table `PageTypes`
--

INSERT INTO `PageTypes` (`ctID`, `ctHandle`, `ctIcon`, `ctName`, `ctIsInternal`, `pkgID`) VALUES
(1, 'core_stack', 'main.png', 'Stack', 1, 0),
(2, 'dashboard_primary_five', 'main.png', 'Dashboard Primary + Five', 1, 0),
(3, 'dashboard_header_four_col', 'main.png', 'Dashboard Header + Four Column', 1, 0),
(4, 'right_sidebar', 'right_sidebar.png', 'Right Sidebar', 0, 0),
(5, 'accueil', 'template3.png', 'Accueil', 0, 0),
(6, 'produit', 'template2.png', 'Produit', 0, 0);

-- --------------------------------------------------------

--
-- Structure de la table `PageWorkflowProgress`
--

CREATE TABLE IF NOT EXISTS `PageWorkflowProgress` (
  `cID` int(10) unsigned NOT NULL DEFAULT '0',
  `wpID` int(10) unsigned NOT NULL DEFAULT '0',
  PRIMARY KEY (`cID`,`wpID`)
) ENGINE=InnoDB DEFAULT CHARSET=utf8;

-- --------------------------------------------------------

--
-- Structure de la table `PermissionAccess`
--

CREATE TABLE IF NOT EXISTS `PermissionAccess` (
  `paID` int(10) unsigned NOT NULL AUTO_INCREMENT,
  `paIsInUse` int(1) unsigned NOT NULL DEFAULT '0',
  PRIMARY KEY (`paID`)
) ENGINE=InnoDB  DEFAULT CHARSET=utf8 AUTO_INCREMENT=100 ;

--
-- Contenu de la table `PermissionAccess`
--

INSERT INTO `PermissionAccess` (`paID`, `paIsInUse`) VALUES
(1, 1),
(2, 1),
(3, 1),
(4, 1),
(5, 1),
(6, 1),
(7, 1),
(8, 1),
(9, 1),
(10, 1),
(11, 1),
(12, 1),
(13, 1),
(14, 1),
(15, 1),
(16, 1),
(17, 1),
(18, 1),
(19, 1),
(20, 1),
(21, 1),
(22, 1),
(23, 1),
(24, 1),
(25, 1),
(26, 1),
(27, 1),
(28, 1),
(29, 1),
(30, 1),
(31, 1),
(32, 1),
(33, 1),
(34, 1),
(35, 1),
(36, 1),
(37, 1),
(38, 1),
(39, 1),
(40, 1),
(41, 1),
(42, 1),
(43, 1),
(44, 1),
(45, 1),
(46, 1),
(47, 1),
(48, 1),
(49, 1),
(50, 1),
(51, 1),
(52, 1),
(53, 1),
(54, 1),
(55, 1),
(56, 1),
(57, 1),
(58, 1),
(59, 1),
(60, 1),
(61, 1),
(62, 1),
(63, 1),
(64, 1),
(65, 1),
(66, 1),
(67, 1),
(68, 1),
(69, 0),
(70, 1),
(71, 1),
(72, 1),
(73, 1),
(74, 1),
(75, 1),
(76, 1),
(77, 1),
(78, 1),
(79, 1),
(80, 1),
(81, 1),
(82, 1),
(83, 1),
(84, 1),
(85, 1),
(86, 1),
(87, 1),
(88, 1),
(89, 1),
(90, 1),
(91, 1),
(92, 1),
(93, 1),
(94, 1),
(95, 1),
(96, 1),
(97, 1),
(98, 1),
(99, 1);

-- --------------------------------------------------------

--
-- Structure de la table `PermissionAccessEntities`
--

CREATE TABLE IF NOT EXISTS `PermissionAccessEntities` (
  `peID` int(10) unsigned NOT NULL AUTO_INCREMENT,
  `petID` int(10) unsigned DEFAULT NULL,
  PRIMARY KEY (`peID`),
  KEY `petID` (`petID`)
) ENGINE=InnoDB  DEFAULT CHARSET=utf8 AUTO_INCREMENT=6 ;

--
-- Contenu de la table `PermissionAccessEntities`
--

INSERT INTO `PermissionAccessEntities` (`peID`, `petID`) VALUES
(1, 1),
(2, 1),
(3, 1),
(4, 5),
(5, 6);

-- --------------------------------------------------------

--
-- Structure de la table `PermissionAccessEntityGroups`
--

CREATE TABLE IF NOT EXISTS `PermissionAccessEntityGroups` (
  `pegID` int(10) unsigned NOT NULL AUTO_INCREMENT,
  `peID` int(10) unsigned NOT NULL DEFAULT '0',
  `gID` int(10) unsigned NOT NULL DEFAULT '0',
  PRIMARY KEY (`pegID`),
  KEY `gID` (`gID`)
) ENGINE=InnoDB  DEFAULT CHARSET=utf8 AUTO_INCREMENT=4 ;

--
-- Contenu de la table `PermissionAccessEntityGroups`
--

INSERT INTO `PermissionAccessEntityGroups` (`pegID`, `peID`, `gID`) VALUES
(1, 1, 3),
(2, 2, 1),
(3, 3, 2);

-- --------------------------------------------------------

--
-- Structure de la table `PermissionAccessEntityGroupSets`
--

CREATE TABLE IF NOT EXISTS `PermissionAccessEntityGroupSets` (
  `peID` int(10) unsigned NOT NULL DEFAULT '0',
  `gsID` int(10) unsigned NOT NULL DEFAULT '0',
  PRIMARY KEY (`peID`,`gsID`),
  KEY `gsID` (`gsID`)
) ENGINE=InnoDB DEFAULT CHARSET=utf8;

-- --------------------------------------------------------

--
-- Structure de la table `PermissionAccessEntityTypeCategories`
--

CREATE TABLE IF NOT EXISTS `PermissionAccessEntityTypeCategories` (
  `petID` int(10) unsigned NOT NULL DEFAULT '0',
  `pkCategoryID` int(10) unsigned NOT NULL DEFAULT '0',
  PRIMARY KEY (`petID`,`pkCategoryID`)
) ENGINE=InnoDB DEFAULT CHARSET=utf8;

--
-- Contenu de la table `PermissionAccessEntityTypeCategories`
--

INSERT INTO `PermissionAccessEntityTypeCategories` (`petID`, `pkCategoryID`) VALUES
(1, 1),
(1, 5),
(1, 6),
(1, 7),
(1, 8),
(1, 9),
(1, 10),
(1, 11),
(1, 12),
(1, 13),
(1, 14),
(2, 1),
(2, 5),
(2, 6),
(2, 7),
(2, 8),
(2, 9),
(2, 10),
(2, 11),
(2, 12),
(2, 13),
(2, 14),
(3, 1),
(3, 5),
(3, 6),
(3, 7),
(3, 8),
(3, 9),
(3, 10),
(3, 11),
(3, 12),
(3, 13),
(3, 14),
(4, 1),
(4, 5),
(4, 6),
(4, 7),
(4, 8),
(4, 9),
(4, 10),
(4, 11),
(4, 12),
(4, 13),
(4, 14),
(5, 1),
(6, 6),
(6, 7);

-- --------------------------------------------------------

--
-- Structure de la table `PermissionAccessEntityTypes`
--

CREATE TABLE IF NOT EXISTS `PermissionAccessEntityTypes` (
  `petID` int(10) unsigned NOT NULL AUTO_INCREMENT,
  `petHandle` varchar(255) NOT NULL,
  `petName` varchar(255) NOT NULL,
  `pkgID` int(10) unsigned DEFAULT NULL,
  PRIMARY KEY (`petID`)
) ENGINE=InnoDB  DEFAULT CHARSET=utf8 AUTO_INCREMENT=7 ;

--
-- Contenu de la table `PermissionAccessEntityTypes`
--

INSERT INTO `PermissionAccessEntityTypes` (`petID`, `petHandle`, `petName`, `pkgID`) VALUES
(1, 'group', 'Group', 0),
(2, 'user', 'User', 0),
(3, 'group_set', 'Group Set', 0),
(4, 'group_combination', 'Group Combination', 0),
(5, 'page_owner', 'Page Owner', 0),
(6, 'file_uploader', 'File Uploader', 0);

-- --------------------------------------------------------

--
-- Structure de la table `PermissionAccessEntityUsers`
--

CREATE TABLE IF NOT EXISTS `PermissionAccessEntityUsers` (
  `peID` int(10) unsigned NOT NULL DEFAULT '0',
  `uID` int(10) unsigned NOT NULL DEFAULT '0',
  PRIMARY KEY (`peID`,`uID`),
  KEY `uID` (`uID`)
) ENGINE=InnoDB DEFAULT CHARSET=utf8;

-- --------------------------------------------------------

--
-- Structure de la table `PermissionAccessList`
--

CREATE TABLE IF NOT EXISTS `PermissionAccessList` (
  `paID` int(10) unsigned NOT NULL DEFAULT '0',
  `peID` int(10) unsigned NOT NULL DEFAULT '0',
  `pdID` int(10) unsigned NOT NULL DEFAULT '0',
  `accessType` int(4) NOT NULL DEFAULT '0',
  PRIMARY KEY (`paID`,`peID`),
  KEY `accessType` (`accessType`),
  KEY `peID` (`peID`),
  KEY `peID_accessType` (`peID`,`accessType`)
) ENGINE=InnoDB DEFAULT CHARSET=utf8;

--
-- Contenu de la table `PermissionAccessList`
--

INSERT INTO `PermissionAccessList` (`paID`, `peID`, `pdID`, `accessType`) VALUES
(1, 1, 0, 10),
(2, 1, 0, 10),
(3, 1, 0, 10),
(4, 1, 0, 10),
(5, 1, 0, 10),
(6, 1, 0, 10),
(7, 1, 0, 10),
(8, 1, 0, 10),
(9, 1, 0, 10),
(10, 1, 0, 10),
(11, 1, 0, 10),
(12, 1, 0, 10),
(13, 1, 0, 10),
(14, 1, 0, 10),
(15, 1, 0, 10),
(16, 1, 0, 10),
(17, 1, 0, 10),
(18, 1, 0, 10),
(19, 1, 0, 10),
(20, 1, 0, 10),
(21, 1, 0, 10),
(22, 1, 0, 10),
(23, 1, 0, 10),
(24, 1, 0, 10),
(25, 1, 0, 10),
(26, 1, 0, 10),
(27, 1, 0, 10),
(28, 1, 0, 10),
(29, 1, 0, 10),
(30, 1, 0, 10),
(31, 1, 0, 10),
(32, 1, 0, 10),
(33, 1, 0, 10),
(34, 1, 0, 10),
(35, 2, 0, 10),
(36, 2, 0, 10),
(37, 2, 0, 10),
(38, 2, 0, 10),
(39, 2, 0, 10),
(39, 3, 0, 10),
(40, 2, 0, 10),
(40, 3, 0, 10),
(41, 2, 0, 10),
(42, 2, 0, 10),
(43, 2, 0, 10),
(44, 1, 0, 10),
(44, 2, 0, 10),
(45, 1, 0, 10),
(46, 1, 0, 10),
(47, 1, 0, 10),
(48, 1, 0, 10),
(49, 1, 0, 10),
(50, 1, 0, 10),
(51, 1, 0, 10),
(52, 1, 0, 10),
(53, 2, 0, 10),
(54, 1, 0, 10),
(55, 1, 0, 10),
(56, 1, 0, 10),
(57, 1, 0, 10),
(58, 1, 0, 10),
(59, 1, 0, 10),
(60, 1, 0, 10),
(61, 1, 0, 10),
(62, 1, 0, 10),
(63, 1, 0, 10),
(64, 1, 0, 10),
(65, 1, 0, 10),
(66, 1, 0, 10),
(67, 1, 0, 10),
(68, 1, 0, 10),
(69, 1, 0, 10),
(70, 1, 0, 10),
(70, 2, 0, 10),
(70, 3, 0, 10),
(71, 1, 0, 10),
(71, 2, 0, 10),
(71, 3, 0, 10),
(72, 1, 0, 10),
(72, 2, 0, 10),
(72, 3, 0, 10),
(73, 1, 0, 10),
(73, 2, 0, 10),
(73, 3, 0, 10),
(74, 1, 0, 10),
(74, 2, 0, 10),
(74, 3, 0, 10),
(75, 1, 0, 10),
(75, 2, 0, 10),
(75, 3, 0, 10),
(76, 1, 0, 10),
(76, 2, 0, 10),
(76, 3, 0, 10),
(77, 1, 0, 10),
(77, 2, 0, 10),
(77, 3, 0, 10),
(78, 1, 0, 10),
(78, 2, 0, 10),
(78, 3, 0, 10),
(79, 1, 0, 10),
(79, 2, 0, 10),
(79, 3, 0, 10),
(80, 1, 0, 10),
(80, 2, 0, 10),
(80, 3, 0, 10),
(81, 1, 0, 10),
(81, 2, 0, 10),
(81, 3, 0, 10),
(82, 1, 0, 10),
(82, 2, 0, 10),
(82, 3, 0, 10),
(83, 1, 0, 10),
(83, 2, 0, 10),
(83, 3, 0, 10),
(84, 1, 0, 10),
(84, 2, 0, 10),
(84, 3, 0, 10),
(85, 1, 0, 10),
(85, 2, 0, 10),
(85, 3, 0, 10),
(86, 1, 0, 10),
(86, 2, 0, 10),
(86, 3, 0, 10),
(87, 1, 0, 10),
(87, 2, 0, 10),
(87, 3, 0, 10),
(88, 1, 0, 10),
(88, 2, 0, 10),
(88, 3, 0, 10),
(89, 1, 0, 10),
(89, 2, 0, 10),
(89, 3, 0, 10),
(90, 1, 0, 10),
(90, 2, 0, 10),
(90, 3, 0, 10),
(91, 1, 0, 10),
(91, 2, 0, 10),
(91, 3, 0, 10),
(92, 1, 0, 10),
(92, 2, 0, 10),
(92, 3, 0, 10),
(93, 1, 0, 10),
(93, 2, 0, 10),
(93, 3, 0, 10),
(94, 1, 0, 10),
(94, 2, 0, 10),
(94, 3, 0, 10),
(95, 1, 0, 10),
(95, 2, 0, 10),
(95, 3, 0, 10),
(96, 1, 0, 10),
(96, 2, 0, 10),
(96, 3, 0, 10),
(97, 1, 0, 10),
(97, 2, 0, 10),
(97, 3, 0, 10),
(98, 1, 0, 10),
(98, 2, 0, 10),
(98, 3, 0, 10),
(99, 1, 0, 10),
(99, 2, 0, 10),
(99, 3, 0, 10);

-- --------------------------------------------------------

--
-- Structure de la table `PermissionAccessWorkflows`
--

CREATE TABLE IF NOT EXISTS `PermissionAccessWorkflows` (
  `paID` int(10) unsigned NOT NULL DEFAULT '0',
  `wfID` int(10) unsigned NOT NULL DEFAULT '0',
  PRIMARY KEY (`paID`,`wfID`)
) ENGINE=InnoDB DEFAULT CHARSET=utf8;

-- --------------------------------------------------------

--
-- Structure de la table `PermissionAssignments`
--

CREATE TABLE IF NOT EXISTS `PermissionAssignments` (
  `paID` int(10) unsigned NOT NULL DEFAULT '0',
  `pkID` int(10) unsigned NOT NULL DEFAULT '0',
  PRIMARY KEY (`paID`,`pkID`),
  KEY `pkID` (`pkID`)
) ENGINE=InnoDB DEFAULT CHARSET=utf8;

--
-- Contenu de la table `PermissionAssignments`
--

INSERT INTO `PermissionAssignments` (`paID`, `pkID`) VALUES
(1, 17),
(2, 18),
(3, 55),
(4, 56),
(5, 57),
(6, 58),
(7, 60),
(8, 61),
(9, 62),
(10, 63),
(11, 64),
(12, 66),
(13, 67),
(14, 68),
(15, 69),
(16, 70),
(17, 71),
(18, 72);

-- --------------------------------------------------------

--
-- Structure de la table `PermissionDurationObjects`
--

CREATE TABLE IF NOT EXISTS `PermissionDurationObjects` (
  `pdID` int(10) unsigned NOT NULL AUTO_INCREMENT,
  `pdObject` text,
  PRIMARY KEY (`pdID`)
) ENGINE=InnoDB DEFAULT CHARSET=utf8 AUTO_INCREMENT=1 ;

-- --------------------------------------------------------

--
-- Structure de la table `PermissionKeyCategories`
--

CREATE TABLE IF NOT EXISTS `PermissionKeyCategories` (
  `pkCategoryID` int(10) unsigned NOT NULL AUTO_INCREMENT,
  `pkCategoryHandle` varchar(255) NOT NULL,
  `pkgID` int(10) unsigned DEFAULT NULL,
  PRIMARY KEY (`pkCategoryID`)
) ENGINE=InnoDB  DEFAULT CHARSET=utf8 AUTO_INCREMENT=15 ;

--
-- Contenu de la table `PermissionKeyCategories`
--

INSERT INTO `PermissionKeyCategories` (`pkCategoryID`, `pkCategoryHandle`, `pkgID`) VALUES
(1, 'page', NULL),
(2, 'single_page', NULL),
(3, 'stack', NULL),
(4, 'composer_page', NULL),
(5, 'user', NULL),
(6, 'file_set', NULL),
(7, 'file', NULL),
(8, 'area', NULL),
(9, 'block_type', NULL),
(10, 'block', NULL),
(11, 'admin', NULL),
(12, 'sitemap', NULL),
(13, 'marketplace_newsflow', NULL),
(14, 'basic_workflow', NULL);

-- --------------------------------------------------------

--
-- Structure de la table `PermissionKeys`
--

CREATE TABLE IF NOT EXISTS `PermissionKeys` (
  `pkID` int(10) unsigned NOT NULL AUTO_INCREMENT,
  `pkHandle` varchar(255) NOT NULL,
  `pkName` varchar(255) NOT NULL,
  `pkCanTriggerWorkflow` int(1) NOT NULL DEFAULT '0',
  `pkHasCustomClass` int(1) NOT NULL DEFAULT '0',
  `pkDescription` varchar(255) DEFAULT NULL,
  `pkCategoryID` int(10) unsigned DEFAULT NULL,
  `pkgID` int(10) unsigned DEFAULT NULL,
  PRIMARY KEY (`pkID`),
  UNIQUE KEY `akHandle` (`pkHandle`)
) ENGINE=InnoDB  DEFAULT CHARSET=utf8 AUTO_INCREMENT=73 ;

--
-- Contenu de la table `PermissionKeys`
--

INSERT INTO `PermissionKeys` (`pkID`, `pkHandle`, `pkName`, `pkCanTriggerWorkflow`, `pkHasCustomClass`, `pkDescription`, `pkCategoryID`, `pkgID`) VALUES
(1, 'view_page', 'View', 0, 0, 'Can see a page exists and read its content.', 1, 0),
(2, 'view_page_versions', 'View Versions', 0, 0, 'Can view the page versions dialog and read past versions of a page.', 1, 0),
(3, 'view_page_in_sitemap', 'View Page in Sitemap', 0, 0, 'Controls whether a user can see a page in the sitemap or intelligent search.', 1, 0),
(4, 'preview_page_as_user', 'Preview Page As User', 0, 0, 'Ability to see what this page will look like at a specific time in the future as a specific user.', 1, 0),
(5, 'edit_page_properties', 'Edit Properties', 0, 1, 'Ability to change anything in the Page Properties menu.', 1, 0),
(6, 'edit_page_contents', 'Edit Contents', 0, 0, 'Ability to make edits to at least some of the content in the page. You can lock down different block areas and specific blocks by clicking Permissions on them as well. ', 1, 0),
(7, 'edit_page_speed_settings', 'Edit Speed Settings', 0, 0, 'Ability to change caching settings.', 1, 0),
(8, 'edit_page_theme', 'Change Theme', 0, 1, 'Ability to change just the theme for this page.', 1, 0),
(9, 'edit_page_type', 'Change Page Type', 0, 0, 'Ability to change just the page type for this page, also check out Theme permissions.', 1, 0),
(10, 'edit_page_permissions', 'Edit Permissions', 1, 0, 'Ability to change permissions for this page. Warning: by granting this a user could give themselves more access.', 1, 0),
(11, 'delete_page', 'Delete', 1, 0, 'Ability to move this page to the site''s Trash.', 1, 0),
(12, 'delete_page_versions', 'Delete Versions', 1, 0, 'Ability to remove old versions of this page.', 1, 0),
(13, 'approve_page_versions', 'Approve Changes', 1, 0, 'Can publish an unapproved version of the page.', 1, 0),
(14, 'add_subpage', 'Add Sub-Page', 0, 1, 'Can add a page beneath the current page.', 1, 0),
(15, 'move_or_copy_page', 'Move or Copy Page', 1, 0, 'Can move or copy this page to another location.', 1, 0),
(16, 'schedule_page_contents_guest_access', 'Schedule Guest Access', 0, 0, 'Can control scheduled guest access to this page.', 1, 0),
(17, 'add_block', 'Add Block', 0, 1, 'Can add a block to any area on the site. If someone is added here they can add blocks to any area (unless that area has permissions that override these global permissions.)', 9, 0),
(18, 'add_stack', 'Add Stack', 0, 0, 'Can add a stack or block from a stack to any area on the site. If someone is added here they can add stacks to any area (unless that area has permissions that override these global permissions.)', 9, 0),
(19, 'view_area', 'View Area', 0, 0, 'Can view the area and its contents.', 8, 0),
(20, 'edit_area_contents', 'Edit Area Contents', 0, 0, 'Can edit blocks within this area.', 8, 0),
(21, 'add_block_to_area', 'Add Block to Area', 0, 1, 'Can add blocks to this area. This setting overrides the global Add Block permission for this area.', 8, 0),
(22, 'add_stack_to_area', 'Add Stack to Area', 0, 0, 'Can add stacks to this area. This setting overrides the global Add Stack permission for this area.', 8, 0),
(23, 'add_layout_to_area', 'Add Layouts to Area', 0, 0, 'Controls whether users get the ability to add layouts to a particular area.', 8, 0),
(24, 'edit_area_design', 'Edit Area Design', 0, 0, 'Controls whether users see design controls and can modify an area''s custom CSS.', 8, 0),
(25, 'edit_area_permissions', 'Edit Area Permissions', 0, 0, 'Controls whether users can access the permissions on an area. Custom area permissions could override those of the page.', 8, 0),
(26, 'delete_area_contents', 'Delete Area Contents', 0, 0, 'Controls whether users can delete blocks from this area.', 8, 0),
(27, 'schedule_area_contents_guest_access', 'Schedule Guest Access', 0, 0, 'Controls whether users can schedule guest access permissions on blocks in this area. Guest Access is a shortcut for granting permissions just to the Guest Group.', 8, 0),
(28, 'view_block', 'View Block', 0, 0, 'Controls whether users can view this block in the page.', 10, 0),
(29, 'edit_block', 'Edit Block', 0, 0, 'Controls whether users can edit this block. This overrides any area or page permissions.', 10, 0),
(30, 'edit_block_custom_template', 'Change Custom Template', 0, 0, 'Controls whether users can change the custom template on this block. This overrides any area or page permissions.', 10, 0),
(31, 'delete_block', 'Delete Block', 0, 0, 'Controls whether users can delete this block. This overrides any area or page permissions.', 10, 0),
(32, 'edit_block_design', 'Edit Design', 0, 0, 'Controls whether users can set custom design properties or CSS on this block.', 10, 0),
(33, 'edit_block_permissions', 'Edit Permissions', 0, 0, 'Controls whether users can change permissions on this block, potentially granting themselves or others greater access.', 10, 0),
(34, 'schedule_guest_access', 'Schedule Guest Access', 0, 0, 'Controls whether users can schedule guest access permissions on this block. Guest Access is a shortcut for granting permissions just to the Guest Group.', 10, 0),
(35, 'view_file_set_file', 'View Files', 0, 0, 'Can view and download files in the site.', 6, 0),
(36, 'search_file_set', 'Search Files in File Manager', 0, 0, 'Can access the file manager', 6, 0),
(37, 'edit_file_set_file_properties', 'Edit File Properties', 0, 0, 'Can edit a file''s properties.', 6, 0),
(38, 'edit_file_set_file_contents', 'Edit File Contents', 0, 0, 'Can edit or replace files in set.', 6, 0),
(39, 'copy_file_set_files', 'Copy File', 0, 0, 'Can copy files in file set.', 6, 0),
(40, 'edit_file_set_permissions', 'Edit File Access', 0, 0, 'Can edit access to file sets.', 6, 0),
(41, 'delete_file_set', 'Delete File Set', 0, 0, 'Can delete file set.', 6, 0),
(42, 'delete_file_set_files', 'Delete File', 0, 0, 'Can delete files in set.', 6, 0),
(43, 'add_file', 'Add File', 0, 1, 'Can add files to set.', 6, 0),
(44, 'view_file', 'View Files', 0, 0, 'Can view and download files.', 7, 0),
(45, 'view_file_in_file_manager', 'View File in File Manager', 0, 0, 'Can access the File Manager.', 7, 0),
(46, 'edit_file_properties', 'Edit File Properties', 0, 0, 'Can edit a file''s properties.', 7, 0),
(47, 'edit_file_contents', 'Edit File Contents', 0, 0, 'Can edit or replace files.', 7, 0),
(48, 'copy_file', 'Copy File', 0, 0, 'Can copy file.', 7, 0),
(49, 'edit_file_permissions', 'Edit File Access', 0, 0, 'Can edit access to file.', 7, 0),
(50, 'delete_file', 'Delete File', 0, 0, 'Can delete file.', 7, 0),
(51, 'approve_basic_workflow_action', 'Approve or Deny', 0, 0, 'Grant ability to approve workflow.', 14, 0),
(52, 'notify_on_basic_workflow_entry', 'Notify on Entry', 0, 0, 'Notify approvers that a change has entered the workflow.', 14, 0),
(53, 'notify_on_basic_workflow_approve', 'Notify on Approve', 0, 0, 'Notify approvers that a change has been approved.', 14, 0),
(54, 'notify_on_basic_workflow_deny', 'Notify on Deny', 0, 0, 'Notify approvers that a change has been denied.', 14, 0),
(55, 'access_user_search', 'Access User Search', 0, 1, '', 5, 0),
(56, 'edit_user_properties', 'Edit User Details', 0, 1, NULL, 5, 0),
(57, 'view_user_attributes', 'View User Attributes', 0, 1, NULL, 5, 0),
(58, 'activate_user', 'Activate/Deactivate User', 0, 0, NULL, 5, 0),
(59, 'sudo', 'Sign in as User', 0, 0, NULL, 5, 0),
(60, 'delete_user', 'Delete User', 0, 0, NULL, 5, 0),
(61, 'access_group_search', 'Access Group Search', 0, 0, '', 5, 0),
(62, 'edit_groups', 'Edit Groups', 0, 0, '', 5, 0),
(63, 'assign_user_groups', 'Assign Groups to User', 0, 1, '', 5, 0),
(64, 'backup', 'Perform Backups', 0, 0, NULL, 11, 0),
(65, 'access_task_permissions', 'Access Task Permissions', 0, 0, NULL, 11, 0),
(66, 'access_sitemap', 'Access Sitemap', 0, 0, NULL, 12, 0),
(67, 'access_page_defaults', 'Access Page Type Defaults', 0, 0, NULL, 11, 0),
(68, 'empty_trash', 'Empty Trash', 0, 0, NULL, 11, 0),
(69, 'uninstall_packages', 'Uninstall Packages', 0, 0, NULL, 13, 0),
(70, 'install_packages', 'Install Packages', 0, 0, NULL, 13, 0),
(71, 'view_newsflow', 'View Newsflow', 0, 0, NULL, 13, 0),
(72, 'access_user_search_export', 'Export Site Users', 0, 0, 'Controls whether a user can export site users or not', 5, 0);

-- --------------------------------------------------------

--
-- Structure de la table `PileContents`
--

CREATE TABLE IF NOT EXISTS `PileContents` (
  `pcID` int(10) unsigned NOT NULL AUTO_INCREMENT,
  `pID` int(10) unsigned NOT NULL DEFAULT '0',
  `itemID` int(10) unsigned NOT NULL DEFAULT '0',
  `itemType` varchar(64) NOT NULL,
  `quantity` int(10) unsigned NOT NULL DEFAULT '1',
  `timestamp` timestamp NOT NULL DEFAULT CURRENT_TIMESTAMP ON UPDATE CURRENT_TIMESTAMP,
  `displayOrder` int(10) unsigned NOT NULL DEFAULT '0',
  PRIMARY KEY (`pcID`)
) ENGINE=InnoDB  DEFAULT CHARSET=utf8 AUTO_INCREMENT=2 ;

--
-- Contenu de la table `PileContents`
--

INSERT INTO `PileContents` (`pcID`, `pID`, `itemID`, `itemType`, `quantity`, `timestamp`, `displayOrder`) VALUES
(1, 1, 107, 'BLOCK', 1, '0000-00-00 00:00:00', 1);

-- --------------------------------------------------------

--
-- Structure de la table `Piles`
--

CREATE TABLE IF NOT EXISTS `Piles` (
  `pID` int(10) unsigned NOT NULL AUTO_INCREMENT,
  `uID` int(10) unsigned DEFAULT NULL,
  `isDefault` tinyint(1) NOT NULL DEFAULT '0',
  `timestamp` timestamp NOT NULL DEFAULT CURRENT_TIMESTAMP ON UPDATE CURRENT_TIMESTAMP,
  `name` varchar(255) DEFAULT NULL,
  `state` varchar(64) NOT NULL,
  PRIMARY KEY (`pID`)
) ENGINE=InnoDB  DEFAULT CHARSET=utf8 AUTO_INCREMENT=2 ;

--
-- Contenu de la table `Piles`
--

INSERT INTO `Piles` (`pID`, `uID`, `isDefault`, `timestamp`, `name`, `state`) VALUES
(1, 1, 1, '0000-00-00 00:00:00', NULL, 'READY');

-- --------------------------------------------------------

--
-- Structure de la table `QueueMessages`
--

CREATE TABLE IF NOT EXISTS `QueueMessages` (
  `message_id` int(20) unsigned NOT NULL AUTO_INCREMENT,
  `queue_id` int(10) unsigned NOT NULL,
  `handle` varchar(32) DEFAULT NULL,
  `body` varchar(8192) NOT NULL,
  `md5` varchar(32) NOT NULL,
  `timeout` decimal(14,0) unsigned DEFAULT NULL,
  `created` int(10) unsigned NOT NULL,
  PRIMARY KEY (`message_id`),
  UNIQUE KEY `message_handle` (`handle`),
  KEY `message_queueid` (`queue_id`)
) ENGINE=InnoDB DEFAULT CHARSET=utf8 AUTO_INCREMENT=1 ;

-- --------------------------------------------------------

--
-- Structure de la table `QueuePageDuplicationRelations`
--

CREATE TABLE IF NOT EXISTS `QueuePageDuplicationRelations` (
  `queue_name` varchar(255) NOT NULL,
  `cID` int(10) unsigned NOT NULL DEFAULT '0',
  `originalCID` int(10) unsigned NOT NULL DEFAULT '0',
  PRIMARY KEY (`cID`,`originalCID`)
) ENGINE=InnoDB DEFAULT CHARSET=utf8;

-- --------------------------------------------------------

--
-- Structure de la table `Queues`
--

CREATE TABLE IF NOT EXISTS `Queues` (
  `queue_id` int(10) unsigned NOT NULL AUTO_INCREMENT,
  `queue_name` varchar(100) NOT NULL,
  `timeout` int(5) unsigned NOT NULL DEFAULT '30',
  PRIMARY KEY (`queue_id`)
) ENGINE=InnoDB DEFAULT CHARSET=utf8 AUTO_INCREMENT=1 ;

-- --------------------------------------------------------

--
-- Structure de la table `SignupRequests`
--

CREATE TABLE IF NOT EXISTS `SignupRequests` (
  `id` int(11) NOT NULL AUTO_INCREMENT,
  `ipFrom` int(10) unsigned NOT NULL DEFAULT '0',
  `date_access` timestamp NOT NULL DEFAULT CURRENT_TIMESTAMP ON UPDATE CURRENT_TIMESTAMP,
  PRIMARY KEY (`id`),
  KEY `index_ipFrom` (`ipFrom`)
) ENGINE=InnoDB DEFAULT CHARSET=utf8 AUTO_INCREMENT=1 ;

-- --------------------------------------------------------

--
-- Structure de la table `Stacks`
--

CREATE TABLE IF NOT EXISTS `Stacks` (
  `stID` int(10) unsigned NOT NULL AUTO_INCREMENT,
  `stName` varchar(255) NOT NULL,
  `stType` int(1) unsigned NOT NULL DEFAULT '0',
  `cID` int(10) unsigned NOT NULL DEFAULT '0',
  PRIMARY KEY (`stID`),
  KEY `stType` (`stType`),
  KEY `stName` (`stName`)
) ENGINE=InnoDB DEFAULT CHARSET=utf8 AUTO_INCREMENT=1 ;

-- --------------------------------------------------------

--
-- Structure de la table `SystemAntispamLibraries`
--

CREATE TABLE IF NOT EXISTS `SystemAntispamLibraries` (
  `saslHandle` varchar(64) NOT NULL,
  `saslName` varchar(255) DEFAULT NULL,
  `saslIsActive` int(1) NOT NULL DEFAULT '0',
  `pkgID` int(10) unsigned NOT NULL DEFAULT '0',
  PRIMARY KEY (`saslHandle`)
) ENGINE=InnoDB DEFAULT CHARSET=utf8;

-- --------------------------------------------------------

--
-- Structure de la table `SystemCaptchaLibraries`
--

CREATE TABLE IF NOT EXISTS `SystemCaptchaLibraries` (
  `sclHandle` varchar(64) NOT NULL,
  `sclName` varchar(255) DEFAULT NULL,
  `sclIsActive` int(1) NOT NULL DEFAULT '0',
  `pkgID` int(10) unsigned NOT NULL DEFAULT '0',
  PRIMARY KEY (`sclHandle`)
) ENGINE=InnoDB DEFAULT CHARSET=utf8;

--
-- Contenu de la table `SystemCaptchaLibraries`
--

INSERT INTO `SystemCaptchaLibraries` (`sclHandle`, `sclName`, `sclIsActive`, `pkgID`) VALUES
('securimage', 'SecurImage (Default)', 1, 0);

-- --------------------------------------------------------

--
-- Structure de la table `SystemNotifications`
--

CREATE TABLE IF NOT EXISTS `SystemNotifications` (
  `snID` int(10) unsigned NOT NULL AUTO_INCREMENT,
  `snTypeID` int(3) unsigned NOT NULL DEFAULT '0',
  `snURL` text,
  `snURL2` text,
  `snDateTime` datetime NOT NULL,
  `snIsArchived` int(1) NOT NULL DEFAULT '0',
  `snIsNew` int(1) NOT NULL DEFAULT '0',
  `snTitle` varchar(255) DEFAULT NULL,
  `snDescription` text,
  `snBody` text,
  PRIMARY KEY (`snID`)
) ENGINE=InnoDB  DEFAULT CHARSET=utf8 AUTO_INCREMENT=3 ;

--
-- Contenu de la table `SystemNotifications`
--

INSERT INTO `SystemNotifications` (`snID`, `snTypeID`, `snURL`, `snURL2`, `snDateTime`, `snIsArchived`, `snIsNew`, `snTitle`, `snDescription`, `snBody`) VALUES
(1, 10, '/concrete5.6.3.2/index.php/dashboard/system/backup_restore/update/', NULL, '2015-02-24 15:01:43', 0, 1, 'Une nouvelle version de concrete5 est disponible.', '', '\n\n                <h2>5.6.3.3 Release Notes</h2>\n\n                <p>\n                    Version 5.6.3.3 introduces a lot of bug fixes and some security improvements. It is recommended for all users of concrete5 5.6.x\n               </p>\n                <p>\n                    As always, backup your data and site before running the upgrade live.\n                </p>\n\n                <h3><a href="http://www.concrete5.org/documentation/background/version_history/5-6-3-3/" target="_blank">Full 5.6.3.3 Release Notes</a></h3>\n\n\n                '),
(2, 10, '/concrete5.6.3.2/index.php/dashboard/system/backup_restore/update/', NULL, '2015-03-02 14:25:53', 0, 1, 'Une nouvelle version de concrete5 est disponible.', '', '\n\n                <h2>5.6.3.3 Release Notes</h2>\n\n                <p>\n                    Version 5.6.3.3 introduces a lot of bug fixes and some security improvements. It is recommended for all users of concrete5 5.6.x\n               </p>\n                <p>\n                    As always, backup your data and site before running the upgrade live.\n                </p>\n\n                <h3><a href="http://www.concrete5.org/documentation/background/version_history/5-6-3-3/" target="_blank">Full 5.6.3.3 Release Notes</a></h3>\n\n\n                ');

-- --------------------------------------------------------

--
-- Structure de la table `UserAttributeKeys`
--

CREATE TABLE IF NOT EXISTS `UserAttributeKeys` (
  `akID` int(10) unsigned NOT NULL,
  `uakProfileDisplay` tinyint(1) NOT NULL DEFAULT '0',
  `uakMemberListDisplay` tinyint(1) NOT NULL DEFAULT '0',
  `uakProfileEdit` tinyint(1) NOT NULL DEFAULT '1',
  `uakProfileEditRequired` tinyint(1) NOT NULL DEFAULT '0',
  `uakRegisterEdit` tinyint(1) NOT NULL DEFAULT '0',
  `uakRegisterEditRequired` tinyint(1) NOT NULL DEFAULT '0',
  `displayOrder` int(10) unsigned DEFAULT '0',
  `uakIsActive` tinyint(1) NOT NULL DEFAULT '1',
  PRIMARY KEY (`akID`)
) ENGINE=InnoDB DEFAULT CHARSET=utf8;

--
-- Contenu de la table `UserAttributeKeys`
--

INSERT INTO `UserAttributeKeys` (`akID`, `uakProfileDisplay`, `uakMemberListDisplay`, `uakProfileEdit`, `uakProfileEditRequired`, `uakRegisterEdit`, `uakRegisterEditRequired`, `displayOrder`, `uakIsActive`) VALUES
(10, 0, 0, 1, 0, 1, 0, 1, 1),
(11, 0, 0, 1, 0, 1, 0, 2, 1);

-- --------------------------------------------------------

--
-- Structure de la table `UserAttributeValues`
--

CREATE TABLE IF NOT EXISTS `UserAttributeValues` (
  `uID` int(10) unsigned NOT NULL DEFAULT '0',
  `akID` int(10) unsigned NOT NULL DEFAULT '0',
  `avID` int(10) unsigned NOT NULL DEFAULT '0',
  PRIMARY KEY (`uID`,`akID`,`avID`)
) ENGINE=InnoDB DEFAULT CHARSET=utf8;

-- --------------------------------------------------------

--
-- Structure de la table `UserBannedIPs`
--

CREATE TABLE IF NOT EXISTS `UserBannedIPs` (
  `ipFrom` int(10) unsigned NOT NULL DEFAULT '0',
  `ipTo` int(10) unsigned NOT NULL DEFAULT '0',
  `banCode` int(1) unsigned NOT NULL DEFAULT '1',
  `expires` int(10) unsigned NOT NULL DEFAULT '0',
  `isManual` int(1) NOT NULL DEFAULT '0',
  PRIMARY KEY (`ipFrom`,`ipTo`),
  KEY `ipFrom` (`ipFrom`),
  KEY `ipTo` (`ipTo`)
) ENGINE=InnoDB DEFAULT CHARSET=utf8;

-- --------------------------------------------------------

--
-- Structure de la table `UserGroups`
--

CREATE TABLE IF NOT EXISTS `UserGroups` (
  `uID` int(10) unsigned NOT NULL DEFAULT '0',
  `gID` int(10) unsigned NOT NULL DEFAULT '0',
  `ugEntered` datetime NOT NULL DEFAULT '0000-00-00 00:00:00',
  `type` varchar(64) DEFAULT NULL,
  PRIMARY KEY (`uID`,`gID`),
  KEY `uID` (`uID`),
  KEY `gID` (`gID`)
) ENGINE=InnoDB DEFAULT CHARSET=utf8;

-- --------------------------------------------------------

--
-- Structure de la table `UserOpenIDs`
--

CREATE TABLE IF NOT EXISTS `UserOpenIDs` (
  `uID` int(10) unsigned NOT NULL,
  `uOpenID` varchar(255) NOT NULL,
  PRIMARY KEY (`uOpenID`),
  KEY `uID` (`uID`)
) ENGINE=InnoDB DEFAULT CHARSET=utf8;

-- --------------------------------------------------------

--
-- Structure de la table `UserPermissionAssignGroupAccessList`
--

CREATE TABLE IF NOT EXISTS `UserPermissionAssignGroupAccessList` (
  `paID` int(10) unsigned NOT NULL DEFAULT '0',
  `peID` int(10) unsigned NOT NULL DEFAULT '0',
  `permission` varchar(1) NOT NULL DEFAULT '1',
  PRIMARY KEY (`paID`,`peID`)
) ENGINE=InnoDB DEFAULT CHARSET=utf8;

-- --------------------------------------------------------

--
-- Structure de la table `UserPermissionAssignGroupAccessListCustom`
--

CREATE TABLE IF NOT EXISTS `UserPermissionAssignGroupAccessListCustom` (
  `paID` int(10) unsigned NOT NULL DEFAULT '0',
  `peID` int(10) unsigned NOT NULL DEFAULT '0',
  `gID` int(10) unsigned NOT NULL DEFAULT '0',
  PRIMARY KEY (`paID`,`peID`,`gID`)
) ENGINE=InnoDB DEFAULT CHARSET=utf8;

-- --------------------------------------------------------

--
-- Structure de la table `UserPermissionEditPropertyAccessList`
--

CREATE TABLE IF NOT EXISTS `UserPermissionEditPropertyAccessList` (
  `paID` int(10) unsigned NOT NULL DEFAULT '0',
  `peID` int(10) unsigned NOT NULL DEFAULT '0',
  `uName` int(1) unsigned DEFAULT '0',
  `uEmail` int(1) unsigned DEFAULT '0',
  `uPassword` int(1) unsigned DEFAULT '0',
  `uAvatar` int(1) unsigned DEFAULT '0',
  `uTimezone` int(1) unsigned DEFAULT '0',
  `uDefaultLanguage` int(1) unsigned DEFAULT '0',
  `attributePermission` varchar(1) NOT NULL DEFAULT '1',
  PRIMARY KEY (`paID`,`peID`)
) ENGINE=InnoDB DEFAULT CHARSET=utf8;

-- --------------------------------------------------------

--
-- Structure de la table `UserPermissionEditPropertyAttributeAccessListCustom`
--

CREATE TABLE IF NOT EXISTS `UserPermissionEditPropertyAttributeAccessListCustom` (
  `paID` int(10) unsigned NOT NULL DEFAULT '0',
  `peID` int(10) unsigned NOT NULL DEFAULT '0',
  `akID` int(10) unsigned NOT NULL DEFAULT '0',
  PRIMARY KEY (`paID`,`peID`,`akID`)
) ENGINE=InnoDB DEFAULT CHARSET=utf8;

-- --------------------------------------------------------

--
-- Structure de la table `UserPermissionUserSearchAccessList`
--

CREATE TABLE IF NOT EXISTS `UserPermissionUserSearchAccessList` (
  `paID` int(10) unsigned NOT NULL DEFAULT '0',
  `peID` int(10) unsigned NOT NULL DEFAULT '0',
  `permission` varchar(1) NOT NULL DEFAULT '1',
  PRIMARY KEY (`paID`,`peID`)
) ENGINE=InnoDB DEFAULT CHARSET=utf8;

-- --------------------------------------------------------

--
-- Structure de la table `UserPermissionUserSearchAccessListCustom`
--

CREATE TABLE IF NOT EXISTS `UserPermissionUserSearchAccessListCustom` (
  `paID` int(10) unsigned NOT NULL DEFAULT '0',
  `peID` int(10) unsigned NOT NULL DEFAULT '0',
  `gID` int(10) unsigned NOT NULL DEFAULT '0',
  PRIMARY KEY (`paID`,`peID`,`gID`)
) ENGINE=InnoDB DEFAULT CHARSET=utf8;

-- --------------------------------------------------------

--
-- Structure de la table `UserPermissionViewAttributeAccessList`
--

CREATE TABLE IF NOT EXISTS `UserPermissionViewAttributeAccessList` (
  `paID` int(10) unsigned NOT NULL DEFAULT '0',
  `peID` int(10) unsigned NOT NULL DEFAULT '0',
  `permission` varchar(1) NOT NULL DEFAULT '1',
  PRIMARY KEY (`paID`,`peID`)
) ENGINE=InnoDB DEFAULT CHARSET=utf8;

-- --------------------------------------------------------

--
-- Structure de la table `UserPermissionViewAttributeAccessListCustom`
--

CREATE TABLE IF NOT EXISTS `UserPermissionViewAttributeAccessListCustom` (
  `paID` int(10) unsigned NOT NULL DEFAULT '0',
  `peID` int(10) unsigned NOT NULL DEFAULT '0',
  `akID` int(10) unsigned NOT NULL DEFAULT '0',
  PRIMARY KEY (`paID`,`peID`,`akID`)
) ENGINE=InnoDB DEFAULT CHARSET=utf8;

-- --------------------------------------------------------

--
-- Structure de la table `UserPointHistory`
--

CREATE TABLE IF NOT EXISTS `UserPointHistory` (
  `upID` int(11) NOT NULL AUTO_INCREMENT,
  `upuID` int(11) NOT NULL DEFAULT '0',
  `upaID` int(11) DEFAULT '0',
  `upPoints` int(11) DEFAULT '0',
  `timestamp` timestamp NOT NULL DEFAULT CURRENT_TIMESTAMP ON UPDATE CURRENT_TIMESTAMP,
  PRIMARY KEY (`upID`)
) ENGINE=InnoDB DEFAULT CHARSET=utf8 AUTO_INCREMENT=1 ;

-- --------------------------------------------------------

--
-- Structure de la table `UserPrivateMessages`
--

CREATE TABLE IF NOT EXISTS `UserPrivateMessages` (
  `msgID` int(10) unsigned NOT NULL AUTO_INCREMENT,
  `uAuthorID` int(10) unsigned NOT NULL DEFAULT '0',
  `msgDateCreated` datetime NOT NULL,
  `msgSubject` varchar(255) NOT NULL,
  `msgBody` text,
  `uToID` int(10) unsigned NOT NULL DEFAULT '0',
  PRIMARY KEY (`msgID`)
) ENGINE=InnoDB DEFAULT CHARSET=utf8 AUTO_INCREMENT=1 ;

-- --------------------------------------------------------

--
-- Structure de la table `UserPrivateMessagesTo`
--

CREATE TABLE IF NOT EXISTS `UserPrivateMessagesTo` (
  `msgID` int(10) unsigned NOT NULL DEFAULT '0',
  `uID` int(10) unsigned NOT NULL DEFAULT '0',
  `uAuthorID` int(10) unsigned NOT NULL DEFAULT '0',
  `msgMailboxID` int(11) NOT NULL,
  `msgIsNew` int(1) NOT NULL DEFAULT '0',
  `msgIsUnread` int(1) NOT NULL DEFAULT '0',
  `msgIsReplied` int(1) NOT NULL DEFAULT '0',
  PRIMARY KEY (`msgID`,`uID`,`uAuthorID`),
  KEY `uID` (`uID`),
  KEY `uAuthorID` (`uAuthorID`),
  KEY `msgFolderID` (`msgMailboxID`),
  KEY `msgIsNew` (`msgIsNew`)
) ENGINE=InnoDB DEFAULT CHARSET=utf8;

-- --------------------------------------------------------

--
-- Structure de la table `Users`
--

CREATE TABLE IF NOT EXISTS `Users` (
  `uID` int(10) unsigned NOT NULL AUTO_INCREMENT,
  `uName` varchar(64) NOT NULL,
  `uEmail` varchar(255) NOT NULL,
  `uPassword` varchar(255) NOT NULL,
  `uIsActive` varchar(1) NOT NULL DEFAULT '0',
  `uIsValidated` tinyint(4) NOT NULL DEFAULT '-1',
  `uIsFullRecord` tinyint(1) NOT NULL DEFAULT '1',
  `uDateAdded` datetime NOT NULL DEFAULT '0000-00-00 00:00:00',
  `uHasAvatar` tinyint(1) NOT NULL DEFAULT '0',
  `uLastOnline` int(10) unsigned NOT NULL DEFAULT '0',
  `uLastLogin` int(10) unsigned NOT NULL DEFAULT '0',
  `uLastIP` bigint(10) NOT NULL DEFAULT '0',
  `uPreviousLogin` int(10) unsigned NOT NULL DEFAULT '0',
  `uNumLogins` int(10) unsigned NOT NULL DEFAULT '0',
  `uTimezone` varchar(255) DEFAULT NULL,
  `uDefaultLanguage` varchar(32) DEFAULT NULL,
  PRIMARY KEY (`uID`),
  UNIQUE KEY `uName` (`uName`)
) ENGINE=InnoDB  DEFAULT CHARSET=utf8 AUTO_INCREMENT=2 ;

--
-- Contenu de la table `Users`
--

INSERT INTO `Users` (`uID`, `uName`, `uEmail`, `uPassword`, `uIsActive`, `uIsValidated`, `uIsFullRecord`, `uDateAdded`, `uHasAvatar`, `uLastOnline`, `uLastLogin`, `uLastIP`, `uPreviousLogin`, `uNumLogins`, `uTimezone`, `uDefaultLanguage`) VALUES
(1, 'admin', 'gautierdu59890@hotmail.fr', '$2a$12$RMTPhLmDK2JriEmN.xovm.17m5bNFUwGROxhWiD4SFmrUV5bBvjAO', '1', -1, 1, '2014-12-09 16:47:55', 0, 1425391567, 1425390496, 1487775277, 1425302748, 10, NULL, NULL);

-- --------------------------------------------------------

--
-- Structure de la table `UserSearchIndexAttributes`
--

CREATE TABLE IF NOT EXISTS `UserSearchIndexAttributes` (
  `uID` int(11) unsigned NOT NULL DEFAULT '0',
  `ak_profile_private_messages_enabled` tinyint(4) DEFAULT '0',
  `ak_profile_private_messages_notification_enabled` tinyint(4) DEFAULT '0',
  PRIMARY KEY (`uID`)
) ENGINE=InnoDB DEFAULT CHARSET=utf8;

-- --------------------------------------------------------

--
-- Structure de la table `UsersFriends`
--

CREATE TABLE IF NOT EXISTS `UsersFriends` (
  `ufID` int(10) unsigned NOT NULL AUTO_INCREMENT,
  `uID` int(10) unsigned DEFAULT NULL,
  `status` varchar(64) NOT NULL,
  `friendUID` int(10) unsigned DEFAULT NULL,
  `uDateAdded` datetime NOT NULL DEFAULT '0000-00-00 00:00:00',
  PRIMARY KEY (`ufID`)
) ENGINE=InnoDB DEFAULT CHARSET=utf8 AUTO_INCREMENT=1 ;

-- --------------------------------------------------------

--
-- Structure de la table `UserValidationHashes`
--

CREATE TABLE IF NOT EXISTS `UserValidationHashes` (
  `uvhID` int(10) unsigned NOT NULL AUTO_INCREMENT,
  `uID` int(10) unsigned DEFAULT NULL,
  `uHash` varchar(64) NOT NULL,
  `type` int(4) unsigned NOT NULL DEFAULT '0',
  `uDateGenerated` int(10) unsigned NOT NULL DEFAULT '0',
  `uDateRedeemed` int(10) unsigned NOT NULL DEFAULT '0',
  PRIMARY KEY (`uvhID`)
) ENGINE=InnoDB  DEFAULT CHARSET=utf8 AUTO_INCREMENT=3 ;

--
-- Contenu de la table `UserValidationHashes`
--

INSERT INTO `UserValidationHashes` (`uvhID`, `uID`, `uHash`, `type`, `uDateGenerated`, `uDateRedeemed`) VALUES
(1, 1, 'cBDxsvYeqfErwvRaS6GeU1Mj3nzQNylXQ2uaPPp4YGDw1a9x4Xykvtlu783hHlmT', 2, 1424787462, 0),
(2, 1, 'mChyZH3CEuNluGVNZ87fnvc2Rlz6zDiE9sB99mTBcgqRBVYvkzinTQgWEIcyFPux', 2, 1425390497, 0);

-- --------------------------------------------------------

--
-- Structure de la table `WorkflowProgress`
--

CREATE TABLE IF NOT EXISTS `WorkflowProgress` (
  `wpID` int(10) unsigned NOT NULL AUTO_INCREMENT,
  `wpCategoryID` int(10) unsigned DEFAULT NULL,
  `wfID` int(10) unsigned NOT NULL DEFAULT '0',
  `wpApproved` tinyint(1) NOT NULL DEFAULT '0',
  `wpDateAdded` datetime DEFAULT NULL,
  `wpDateLastAction` datetime DEFAULT NULL,
  `wpCurrentStatus` int(10) NOT NULL DEFAULT '0',
  `wrID` int(1) NOT NULL DEFAULT '0',
  `wpIsCompleted` tinyint(1) NOT NULL DEFAULT '0',
  PRIMARY KEY (`wpID`),
  KEY `wrID` (`wrID`),
  KEY `wpIsCompleted` (`wpIsCompleted`)
) ENGINE=InnoDB  DEFAULT CHARSET=utf8 AUTO_INCREMENT=5 ;

-- --------------------------------------------------------

--
-- Structure de la table `WorkflowProgressCategories`
--

CREATE TABLE IF NOT EXISTS `WorkflowProgressCategories` (
  `wpCategoryID` int(10) unsigned NOT NULL AUTO_INCREMENT,
  `wpCategoryHandle` varchar(255) NOT NULL,
  `pkgID` int(10) unsigned DEFAULT NULL,
  PRIMARY KEY (`wpCategoryID`)
) ENGINE=InnoDB  DEFAULT CHARSET=utf8 AUTO_INCREMENT=4 ;

--
-- Contenu de la table `WorkflowProgressCategories`
--

INSERT INTO `WorkflowProgressCategories` (`wpCategoryID`, `wpCategoryHandle`, `pkgID`) VALUES
(1, 'page', NULL),
(2, 'file', NULL),
(3, 'user', NULL);

-- --------------------------------------------------------

--
-- Structure de la table `WorkflowProgressHistory`
--

CREATE TABLE IF NOT EXISTS `WorkflowProgressHistory` (
  `wphID` int(10) unsigned NOT NULL AUTO_INCREMENT,
  `wpID` int(10) unsigned NOT NULL DEFAULT '0',
  `timestamp` timestamp NOT NULL DEFAULT CURRENT_TIMESTAMP ON UPDATE CURRENT_TIMESTAMP,
  `object` text,
  PRIMARY KEY (`wphID`)
) ENGINE=InnoDB  DEFAULT CHARSET=utf8 AUTO_INCREMENT=64 ;

--
-- Contenu de la table `WorkflowProgressHistory`
--

INSERT INTO `WorkflowProgressHistory` (`wphID`, `wpID`, `timestamp`, `object`) VALUES
(1, 1, '0000-00-00 00:00:00', 'O:30:"ApprovePagePageWorkflowRequest":8:{s:14:"\0*\0wrStatusNum";i:30;s:12:"\0*\0currentWP";N;s:6:"\0*\0uID";s:1:"1";s:5:"error";s:0:"";s:4:"pkID";s:2:"13";s:3:"cID";s:1:"1";s:4:"cvID";s:1:"3";s:4:"wrID";s:1:"1";}'),
(2, 1, '0000-00-00 00:00:00', 'O:30:"ApprovePagePageWorkflowRequest":8:{s:14:"\0*\0wrStatusNum";i:30;s:12:"\0*\0currentWP";N;s:6:"\0*\0uID";s:1:"1";s:5:"error";s:0:"";s:4:"pkID";s:2:"13";s:3:"cID";s:1:"1";s:4:"cvID";s:1:"4";s:4:"wrID";s:1:"1";}'),
(3, 2, '0000-00-00 00:00:00', 'O:30:"ApprovePagePageWorkflowRequest":8:{s:14:"\0*\0wrStatusNum";i:30;s:12:"\0*\0currentWP";N;s:6:"\0*\0uID";s:1:"1";s:5:"error";s:0:"";s:4:"pkID";s:2:"13";s:3:"cID";s:1:"1";s:4:"cvID";s:1:"5";s:4:"wrID";s:1:"2";}'),
(4, 3, '0000-00-00 00:00:00', 'O:30:"ApprovePagePageWorkflowRequest":8:{s:14:"\0*\0wrStatusNum";i:30;s:12:"\0*\0currentWP";N;s:6:"\0*\0uID";s:1:"1";s:5:"error";s:0:"";s:4:"pkID";s:2:"13";s:3:"cID";s:1:"1";s:4:"cvID";s:1:"6";s:4:"wrID";s:1:"3";}'),
(5, 4, '0000-00-00 00:00:00', 'O:30:"ApprovePagePageWorkflowRequest":8:{s:14:"\0*\0wrStatusNum";i:30;s:12:"\0*\0currentWP";N;s:6:"\0*\0uID";s:1:"1";s:5:"error";s:0:"";s:4:"pkID";s:2:"13";s:3:"cID";s:1:"1";s:4:"cvID";s:1:"7";s:4:"wrID";s:1:"4";}'),
(6, 5, '0000-00-00 00:00:00', 'O:30:"ApprovePagePageWorkflowRequest":8:{s:14:"\0*\0wrStatusNum";i:30;s:12:"\0*\0currentWP";N;s:6:"\0*\0uID";s:1:"1";s:5:"error";s:0:"";s:4:"pkID";s:2:"13";s:3:"cID";s:1:"1";s:4:"cvID";s:1:"8";s:4:"wrID";s:1:"5";}'),
(7, 6, '0000-00-00 00:00:00', 'O:30:"ApprovePagePageWorkflowRequest":8:{s:14:"\0*\0wrStatusNum";i:30;s:12:"\0*\0currentWP";N;s:6:"\0*\0uID";s:1:"1";s:5:"error";s:0:"";s:4:"pkID";s:2:"13";s:3:"cID";s:1:"1";s:4:"cvID";s:1:"9";s:4:"wrID";s:1:"6";}'),
(8, 7, '0000-00-00 00:00:00', 'O:30:"ApprovePagePageWorkflowRequest":8:{s:14:"\0*\0wrStatusNum";i:30;s:12:"\0*\0currentWP";N;s:6:"\0*\0uID";s:1:"1";s:5:"error";s:0:"";s:4:"pkID";s:2:"13";s:3:"cID";s:1:"1";s:4:"cvID";s:2:"10";s:4:"wrID";s:1:"7";}'),
(9, 8, '0000-00-00 00:00:00', 'O:30:"ApprovePagePageWorkflowRequest":8:{s:14:"\0*\0wrStatusNum";i:30;s:12:"\0*\0currentWP";N;s:6:"\0*\0uID";s:1:"1";s:5:"error";s:0:"";s:4:"pkID";s:2:"13";s:3:"cID";s:1:"1";s:4:"cvID";s:2:"11";s:4:"wrID";s:1:"8";}'),
(10, 9, '0000-00-00 00:00:00', 'O:30:"ApprovePagePageWorkflowRequest":8:{s:14:"\0*\0wrStatusNum";i:30;s:12:"\0*\0currentWP";N;s:6:"\0*\0uID";s:1:"1";s:5:"error";s:0:"";s:4:"pkID";s:2:"13";s:3:"cID";s:1:"1";s:4:"cvID";s:2:"12";s:4:"wrID";s:1:"9";}'),
(11, 10, '0000-00-00 00:00:00', 'O:30:"ApprovePagePageWorkflowRequest":8:{s:14:"\0*\0wrStatusNum";i:30;s:12:"\0*\0currentWP";N;s:6:"\0*\0uID";s:1:"1";s:5:"error";s:0:"";s:4:"pkID";s:2:"13";s:3:"cID";s:1:"1";s:4:"cvID";s:2:"13";s:4:"wrID";s:2:"10";}'),
(12, 11, '0000-00-00 00:00:00', 'O:30:"ApprovePagePageWorkflowRequest":8:{s:14:"\0*\0wrStatusNum";i:30;s:12:"\0*\0currentWP";N;s:6:"\0*\0uID";s:1:"1";s:5:"error";s:0:"";s:4:"pkID";s:2:"13";s:3:"cID";s:1:"1";s:4:"cvID";s:2:"14";s:4:"wrID";s:2:"11";}'),
(13, 12, '0000-00-00 00:00:00', 'O:30:"ApprovePagePageWorkflowRequest":8:{s:14:"\0*\0wrStatusNum";i:30;s:12:"\0*\0currentWP";N;s:6:"\0*\0uID";s:1:"1";s:5:"error";s:0:"";s:4:"pkID";s:2:"13";s:3:"cID";s:1:"1";s:4:"cvID";s:2:"15";s:4:"wrID";s:2:"12";}'),
(14, 13, '0000-00-00 00:00:00', 'O:30:"ApprovePagePageWorkflowRequest":8:{s:14:"\0*\0wrStatusNum";i:30;s:12:"\0*\0currentWP";N;s:6:"\0*\0uID";s:1:"1";s:5:"error";s:0:"";s:4:"pkID";s:2:"13";s:3:"cID";s:1:"1";s:4:"cvID";s:2:"16";s:4:"wrID";s:2:"13";}'),
(15, 14, '0000-00-00 00:00:00', 'O:30:"ApprovePagePageWorkflowRequest":8:{s:14:"\0*\0wrStatusNum";i:30;s:12:"\0*\0currentWP";N;s:6:"\0*\0uID";s:1:"1";s:5:"error";s:0:"";s:4:"pkID";s:2:"13";s:3:"cID";s:1:"1";s:4:"cvID";s:2:"17";s:4:"wrID";s:2:"14";}'),
(16, 15, '0000-00-00 00:00:00', 'O:30:"ApprovePagePageWorkflowRequest":8:{s:14:"\0*\0wrStatusNum";i:30;s:12:"\0*\0currentWP";N;s:6:"\0*\0uID";s:1:"1";s:5:"error";s:0:"";s:4:"pkID";s:2:"13";s:3:"cID";s:1:"1";s:4:"cvID";s:2:"18";s:4:"wrID";s:2:"15";}'),
(17, 16, '0000-00-00 00:00:00', 'O:30:"ApprovePagePageWorkflowRequest":8:{s:14:"\0*\0wrStatusNum";i:30;s:12:"\0*\0currentWP";N;s:6:"\0*\0uID";s:1:"1";s:5:"error";s:0:"";s:4:"pkID";s:2:"13";s:3:"cID";s:1:"1";s:4:"cvID";s:2:"19";s:4:"wrID";s:2:"16";}'),
(18, 17, '0000-00-00 00:00:00', 'O:30:"ApprovePagePageWorkflowRequest":8:{s:14:"\0*\0wrStatusNum";i:30;s:12:"\0*\0currentWP";N;s:6:"\0*\0uID";s:1:"1";s:5:"error";s:0:"";s:4:"pkID";s:2:"13";s:3:"cID";s:1:"1";s:4:"cvID";s:2:"20";s:4:"wrID";s:2:"17";}'),
(19, 18, '0000-00-00 00:00:00', 'O:30:"ApprovePagePageWorkflowRequest":8:{s:14:"\0*\0wrStatusNum";i:30;s:12:"\0*\0currentWP";N;s:6:"\0*\0uID";s:1:"1";s:5:"error";s:0:"";s:4:"pkID";s:2:"13";s:3:"cID";s:1:"1";s:4:"cvID";s:2:"21";s:4:"wrID";s:2:"18";}'),
(20, 19, '0000-00-00 00:00:00', 'O:30:"ApprovePagePageWorkflowRequest":8:{s:14:"\0*\0wrStatusNum";i:30;s:12:"\0*\0currentWP";N;s:6:"\0*\0uID";s:1:"1";s:5:"error";s:0:"";s:4:"pkID";s:2:"13";s:3:"cID";s:1:"1";s:4:"cvID";s:2:"22";s:4:"wrID";s:2:"19";}'),
(21, 1, '0000-00-00 00:00:00', 'O:30:"ApprovePagePageWorkflowRequest":8:{s:14:"\0*\0wrStatusNum";i:30;s:12:"\0*\0currentWP";N;s:6:"\0*\0uID";s:1:"1";s:5:"error";s:0:"";s:4:"pkID";s:2:"13";s:3:"cID";s:1:"1";s:4:"cvID";s:2:"23";s:4:"wrID";s:1:"1";}'),
(22, 2, '0000-00-00 00:00:00', 'O:30:"ApprovePagePageWorkflowRequest":8:{s:14:"\0*\0wrStatusNum";i:30;s:12:"\0*\0currentWP";N;s:6:"\0*\0uID";s:1:"1";s:5:"error";s:0:"";s:4:"pkID";s:2:"13";s:3:"cID";s:1:"1";s:4:"cvID";s:2:"24";s:4:"wrID";s:1:"2";}'),
(23, 3, '0000-00-00 00:00:00', 'O:30:"ApprovePagePageWorkflowRequest":8:{s:14:"\0*\0wrStatusNum";i:30;s:12:"\0*\0currentWP";N;s:6:"\0*\0uID";s:1:"1";s:5:"error";s:0:"";s:4:"pkID";s:2:"13";s:3:"cID";s:1:"1";s:4:"cvID";s:2:"25";s:4:"wrID";s:1:"3";}'),
(24, 4, '0000-00-00 00:00:00', 'O:30:"ApprovePagePageWorkflowRequest":8:{s:14:"\0*\0wrStatusNum";i:30;s:12:"\0*\0currentWP";N;s:6:"\0*\0uID";s:1:"1";s:5:"error";s:0:"";s:4:"pkID";s:2:"13";s:3:"cID";s:1:"1";s:4:"cvID";s:2:"27";s:4:"wrID";s:1:"4";}'),
(25, 5, '0000-00-00 00:00:00', 'O:30:"ApprovePagePageWorkflowRequest":8:{s:14:"\0*\0wrStatusNum";i:30;s:12:"\0*\0currentWP";N;s:6:"\0*\0uID";s:1:"1";s:5:"error";s:0:"";s:4:"pkID";s:2:"13";s:3:"cID";s:1:"1";s:4:"cvID";s:2:"24";s:4:"wrID";s:1:"5";}'),
(26, 6, '0000-00-00 00:00:00', 'O:30:"ApprovePagePageWorkflowRequest":8:{s:14:"\0*\0wrStatusNum";i:30;s:12:"\0*\0currentWP";N;s:6:"\0*\0uID";s:1:"1";s:5:"error";s:0:"";s:4:"pkID";s:2:"13";s:3:"cID";s:1:"1";s:4:"cvID";s:2:"25";s:4:"wrID";s:1:"6";}'),
(27, 7, '0000-00-00 00:00:00', 'O:30:"ApprovePagePageWorkflowRequest":8:{s:14:"\0*\0wrStatusNum";i:30;s:12:"\0*\0currentWP";N;s:6:"\0*\0uID";s:1:"1";s:5:"error";s:0:"";s:4:"pkID";s:2:"13";s:3:"cID";s:1:"1";s:4:"cvID";s:2:"26";s:4:"wrID";s:1:"7";}'),
(28, 8, '0000-00-00 00:00:00', 'O:30:"ApprovePagePageWorkflowRequest":8:{s:14:"\0*\0wrStatusNum";i:30;s:12:"\0*\0currentWP";N;s:6:"\0*\0uID";s:1:"1";s:5:"error";s:0:"";s:4:"pkID";s:2:"13";s:3:"cID";s:1:"1";s:4:"cvID";s:2:"30";s:4:"wrID";s:1:"8";}'),
(29, 9, '0000-00-00 00:00:00', 'O:30:"ApprovePagePageWorkflowRequest":8:{s:14:"\0*\0wrStatusNum";i:30;s:12:"\0*\0currentWP";N;s:6:"\0*\0uID";s:1:"1";s:5:"error";s:0:"";s:4:"pkID";s:2:"13";s:3:"cID";s:1:"1";s:4:"cvID";s:2:"31";s:4:"wrID";s:1:"9";}'),
(30, 10, '0000-00-00 00:00:00', 'O:30:"ApprovePagePageWorkflowRequest":8:{s:14:"\0*\0wrStatusNum";i:30;s:12:"\0*\0currentWP";N;s:6:"\0*\0uID";s:1:"1";s:5:"error";s:0:"";s:4:"pkID";s:2:"13";s:3:"cID";s:1:"1";s:4:"cvID";s:2:"34";s:4:"wrID";s:2:"10";}'),
(31, 11, '0000-00-00 00:00:00', 'O:30:"ApprovePagePageWorkflowRequest":8:{s:14:"\0*\0wrStatusNum";i:30;s:12:"\0*\0currentWP";N;s:6:"\0*\0uID";s:1:"1";s:5:"error";s:0:"";s:4:"pkID";s:2:"13";s:3:"cID";s:1:"1";s:4:"cvID";s:2:"40";s:4:"wrID";s:2:"11";}'),
(32, 12, '0000-00-00 00:00:00', 'O:30:"ApprovePagePageWorkflowRequest":8:{s:14:"\0*\0wrStatusNum";i:30;s:12:"\0*\0currentWP";N;s:6:"\0*\0uID";s:1:"1";s:5:"error";s:0:"";s:4:"pkID";s:2:"13";s:3:"cID";s:3:"125";s:4:"cvID";s:1:"1";s:4:"wrID";s:2:"12";}'),
(33, 13, '0000-00-00 00:00:00', 'O:29:"DeletePagePageWorkflowRequest":7:{s:14:"\0*\0wrStatusNum";i:100;s:12:"\0*\0currentWP";N;s:6:"\0*\0uID";s:1:"1";s:5:"error";s:0:"";s:4:"pkID";s:2:"11";s:3:"cID";s:3:"125";s:4:"wrID";s:2:"13";}'),
(34, 14, '0000-00-00 00:00:00', 'O:30:"ApprovePagePageWorkflowRequest":8:{s:14:"\0*\0wrStatusNum";i:30;s:12:"\0*\0currentWP";N;s:6:"\0*\0uID";s:1:"1";s:5:"error";s:0:"";s:4:"pkID";s:2:"13";s:3:"cID";s:3:"126";s:4:"cvID";s:1:"1";s:4:"wrID";s:2:"14";}'),
(35, 15, '0000-00-00 00:00:00', 'O:30:"ApprovePagePageWorkflowRequest":8:{s:14:"\0*\0wrStatusNum";i:30;s:12:"\0*\0currentWP";N;s:6:"\0*\0uID";s:1:"1";s:5:"error";s:0:"";s:4:"pkID";s:2:"13";s:3:"cID";s:3:"127";s:4:"cvID";s:1:"1";s:4:"wrID";s:2:"15";}'),
(36, 16, '0000-00-00 00:00:00', 'O:30:"ApprovePagePageWorkflowRequest":8:{s:14:"\0*\0wrStatusNum";i:30;s:12:"\0*\0currentWP";N;s:6:"\0*\0uID";s:1:"1";s:5:"error";s:0:"";s:4:"pkID";s:2:"13";s:3:"cID";s:3:"128";s:4:"cvID";s:1:"1";s:4:"wrID";s:2:"16";}'),
(37, 17, '0000-00-00 00:00:00', 'O:30:"ApprovePagePageWorkflowRequest":8:{s:14:"\0*\0wrStatusNum";i:30;s:12:"\0*\0currentWP";N;s:6:"\0*\0uID";s:1:"1";s:5:"error";s:0:"";s:4:"pkID";s:2:"13";s:3:"cID";s:3:"127";s:4:"cvID";s:1:"2";s:4:"wrID";s:2:"17";}'),
(38, 18, '0000-00-00 00:00:00', 'O:30:"ApprovePagePageWorkflowRequest":8:{s:14:"\0*\0wrStatusNum";i:30;s:12:"\0*\0currentWP";N;s:6:"\0*\0uID";s:1:"1";s:5:"error";s:0:"";s:4:"pkID";s:2:"13";s:3:"cID";s:3:"126";s:4:"cvID";s:1:"2";s:4:"wrID";s:2:"18";}'),
(39, 19, '0000-00-00 00:00:00', 'O:30:"ApprovePagePageWorkflowRequest":8:{s:14:"\0*\0wrStatusNum";i:30;s:12:"\0*\0currentWP";N;s:6:"\0*\0uID";s:1:"1";s:5:"error";s:0:"";s:4:"pkID";s:2:"13";s:3:"cID";s:3:"129";s:4:"cvID";s:1:"1";s:4:"wrID";s:2:"19";}'),
(40, 20, '0000-00-00 00:00:00', 'O:30:"ApprovePagePageWorkflowRequest":8:{s:14:"\0*\0wrStatusNum";i:30;s:12:"\0*\0currentWP";N;s:6:"\0*\0uID";s:1:"1";s:5:"error";s:0:"";s:4:"pkID";s:2:"13";s:3:"cID";s:1:"1";s:4:"cvID";s:2:"42";s:4:"wrID";s:2:"20";}'),
(41, 21, '0000-00-00 00:00:00', 'O:30:"ApprovePagePageWorkflowRequest":8:{s:14:"\0*\0wrStatusNum";i:30;s:12:"\0*\0currentWP";N;s:6:"\0*\0uID";s:1:"1";s:5:"error";s:0:"";s:4:"pkID";s:2:"13";s:3:"cID";s:1:"1";s:4:"cvID";s:2:"43";s:4:"wrID";s:2:"21";}'),
(42, 22, '0000-00-00 00:00:00', 'O:30:"ApprovePagePageWorkflowRequest":8:{s:14:"\0*\0wrStatusNum";i:30;s:12:"\0*\0currentWP";N;s:6:"\0*\0uID";s:1:"1";s:5:"error";s:0:"";s:4:"pkID";s:2:"13";s:3:"cID";s:1:"1";s:4:"cvID";s:2:"45";s:4:"wrID";s:2:"22";}'),
(43, 23, '0000-00-00 00:00:00', 'O:30:"ApprovePagePageWorkflowRequest":8:{s:14:"\0*\0wrStatusNum";i:30;s:12:"\0*\0currentWP";N;s:6:"\0*\0uID";s:1:"1";s:5:"error";s:0:"";s:4:"pkID";s:2:"13";s:3:"cID";s:1:"1";s:4:"cvID";s:2:"46";s:4:"wrID";s:2:"23";}'),
(44, 24, '0000-00-00 00:00:00', 'O:30:"ApprovePagePageWorkflowRequest":8:{s:14:"\0*\0wrStatusNum";i:30;s:12:"\0*\0currentWP";N;s:6:"\0*\0uID";s:1:"1";s:5:"error";s:0:"";s:4:"pkID";s:2:"13";s:3:"cID";s:1:"1";s:4:"cvID";s:2:"49";s:4:"wrID";s:2:"24";}'),
(45, 25, '0000-00-00 00:00:00', 'O:30:"ApprovePagePageWorkflowRequest":8:{s:14:"\0*\0wrStatusNum";i:30;s:12:"\0*\0currentWP";N;s:6:"\0*\0uID";s:1:"1";s:5:"error";s:0:"";s:4:"pkID";s:2:"13";s:3:"cID";s:3:"126";s:4:"cvID";s:1:"3";s:4:"wrID";s:2:"25";}'),
(46, 26, '0000-00-00 00:00:00', 'O:30:"ApprovePagePageWorkflowRequest":8:{s:14:"\0*\0wrStatusNum";i:30;s:12:"\0*\0currentWP";N;s:6:"\0*\0uID";s:1:"1";s:5:"error";s:0:"";s:4:"pkID";s:2:"13";s:3:"cID";s:3:"129";s:4:"cvID";s:1:"2";s:4:"wrID";s:2:"26";}'),
(47, 27, '0000-00-00 00:00:00', 'O:30:"ApprovePagePageWorkflowRequest":8:{s:14:"\0*\0wrStatusNum";i:30;s:12:"\0*\0currentWP";N;s:6:"\0*\0uID";s:1:"1";s:5:"error";s:0:"";s:4:"pkID";s:2:"13";s:3:"cID";s:3:"126";s:4:"cvID";s:1:"4";s:4:"wrID";s:2:"27";}'),
(48, 28, '0000-00-00 00:00:00', 'O:30:"ApprovePagePageWorkflowRequest":8:{s:14:"\0*\0wrStatusNum";i:30;s:12:"\0*\0currentWP";N;s:6:"\0*\0uID";s:1:"1";s:5:"error";s:0:"";s:4:"pkID";s:2:"13";s:3:"cID";s:3:"126";s:4:"cvID";s:1:"5";s:4:"wrID";s:2:"28";}'),
(49, 29, '0000-00-00 00:00:00', 'O:30:"ApprovePagePageWorkflowRequest":8:{s:14:"\0*\0wrStatusNum";i:30;s:12:"\0*\0currentWP";N;s:6:"\0*\0uID";s:1:"1";s:5:"error";s:0:"";s:4:"pkID";s:2:"13";s:3:"cID";s:3:"126";s:4:"cvID";s:1:"6";s:4:"wrID";s:2:"29";}'),
(50, 30, '0000-00-00 00:00:00', 'O:30:"ApprovePagePageWorkflowRequest":8:{s:14:"\0*\0wrStatusNum";i:30;s:12:"\0*\0currentWP";N;s:6:"\0*\0uID";s:1:"1";s:5:"error";s:0:"";s:4:"pkID";s:2:"13";s:3:"cID";s:3:"126";s:4:"cvID";s:1:"7";s:4:"wrID";s:2:"30";}'),
(51, 31, '0000-00-00 00:00:00', 'O:30:"ApprovePagePageWorkflowRequest":8:{s:14:"\0*\0wrStatusNum";i:30;s:12:"\0*\0currentWP";N;s:6:"\0*\0uID";s:1:"1";s:5:"error";s:0:"";s:4:"pkID";s:2:"13";s:3:"cID";s:3:"126";s:4:"cvID";s:1:"8";s:4:"wrID";s:2:"31";}'),
(52, 32, '0000-00-00 00:00:00', 'O:30:"ApprovePagePageWorkflowRequest":8:{s:14:"\0*\0wrStatusNum";i:30;s:12:"\0*\0currentWP";N;s:6:"\0*\0uID";s:1:"1";s:5:"error";s:0:"";s:4:"pkID";s:2:"13";s:3:"cID";s:3:"126";s:4:"cvID";s:2:"14";s:4:"wrID";s:2:"32";}'),
(53, 33, '0000-00-00 00:00:00', 'O:30:"ApprovePagePageWorkflowRequest":8:{s:14:"\0*\0wrStatusNum";i:30;s:12:"\0*\0currentWP";N;s:6:"\0*\0uID";s:1:"1";s:5:"error";s:0:"";s:4:"pkID";s:2:"13";s:3:"cID";s:3:"129";s:4:"cvID";s:1:"8";s:4:"wrID";s:2:"33";}'),
(54, 34, '0000-00-00 00:00:00', 'O:30:"ApprovePagePageWorkflowRequest":8:{s:14:"\0*\0wrStatusNum";i:30;s:12:"\0*\0currentWP";N;s:6:"\0*\0uID";s:1:"1";s:5:"error";s:0:"";s:4:"pkID";s:2:"13";s:3:"cID";s:3:"126";s:4:"cvID";s:2:"30";s:4:"wrID";s:2:"34";}'),
(55, 35, '0000-00-00 00:00:00', 'O:30:"ApprovePagePageWorkflowRequest":8:{s:14:"\0*\0wrStatusNum";i:30;s:12:"\0*\0currentWP";N;s:6:"\0*\0uID";s:1:"1";s:5:"error";s:0:"";s:4:"pkID";s:2:"13";s:3:"cID";s:3:"131";s:4:"cvID";s:1:"1";s:4:"wrID";s:2:"35";}'),
(56, 36, '0000-00-00 00:00:00', 'O:30:"ApprovePagePageWorkflowRequest":8:{s:14:"\0*\0wrStatusNum";i:30;s:12:"\0*\0currentWP";N;s:6:"\0*\0uID";s:1:"1";s:5:"error";s:0:"";s:4:"pkID";s:2:"13";s:3:"cID";s:3:"126";s:4:"cvID";s:2:"31";s:4:"wrID";s:2:"36";}'),
(57, 37, '0000-00-00 00:00:00', 'O:30:"ApprovePagePageWorkflowRequest":8:{s:14:"\0*\0wrStatusNum";i:30;s:12:"\0*\0currentWP";N;s:6:"\0*\0uID";s:1:"1";s:5:"error";s:0:"";s:4:"pkID";s:2:"13";s:3:"cID";s:3:"126";s:4:"cvID";s:2:"32";s:4:"wrID";s:2:"37";}'),
(58, 38, '0000-00-00 00:00:00', 'O:30:"ApprovePagePageWorkflowRequest":8:{s:14:"\0*\0wrStatusNum";i:30;s:12:"\0*\0currentWP";N;s:6:"\0*\0uID";s:1:"1";s:5:"error";s:0:"";s:4:"pkID";s:2:"13";s:3:"cID";s:3:"126";s:4:"cvID";s:2:"33";s:4:"wrID";s:2:"38";}'),
(59, 39, '0000-00-00 00:00:00', 'O:30:"ApprovePagePageWorkflowRequest":8:{s:14:"\0*\0wrStatusNum";i:30;s:12:"\0*\0currentWP";N;s:6:"\0*\0uID";s:1:"1";s:5:"error";s:0:"";s:4:"pkID";s:2:"13";s:3:"cID";s:1:"1";s:4:"cvID";s:2:"51";s:4:"wrID";s:2:"39";}'),
(60, 1, '0000-00-00 00:00:00', 'O:29:"DeletePagePageWorkflowRequest":7:{s:14:"\0*\0wrStatusNum";i:100;s:12:"\0*\0currentWP";N;s:6:"\0*\0uID";s:1:"1";s:5:"error";s:0:"";s:4:"pkID";s:2:"11";s:3:"cID";s:3:"131";s:4:"wrID";s:1:"1";}'),
(61, 2, '0000-00-00 00:00:00', 'O:30:"ApprovePagePageWorkflowRequest":8:{s:14:"\0*\0wrStatusNum";i:30;s:12:"\0*\0currentWP";N;s:6:"\0*\0uID";s:1:"1";s:5:"error";s:0:"";s:4:"pkID";s:2:"13";s:3:"cID";s:1:"1";s:4:"cvID";s:2:"52";s:4:"wrID";s:1:"2";}'),
(62, 3, '2015-03-03 14:05:43', 'O:30:"ApprovePagePageWorkflowRequest":8:{s:14:"\0*\0wrStatusNum";i:30;s:12:"\0*\0currentWP";N;s:6:"\0*\0uID";s:1:"1";s:5:"error";s:0:"";s:4:"pkID";s:2:"13";s:3:"cID";s:1:"1";s:4:"cvID";s:2:"53";s:4:"wrID";s:1:"3";}'),
(63, 4, '2015-03-03 14:06:43', 'O:30:"ApprovePagePageWorkflowRequest":8:{s:14:"\0*\0wrStatusNum";i:30;s:12:"\0*\0currentWP";N;s:6:"\0*\0uID";s:1:"1";s:5:"error";s:0:"";s:4:"pkID";s:2:"13";s:3:"cID";s:3:"126";s:4:"cvID";s:2:"34";s:4:"wrID";s:1:"4";}');

-- --------------------------------------------------------

--
-- Structure de la table `WorkflowRequestObjects`
--

CREATE TABLE IF NOT EXISTS `WorkflowRequestObjects` (
  `wrID` int(10) unsigned NOT NULL AUTO_INCREMENT,
  `wrObject` text,
  PRIMARY KEY (`wrID`)
) ENGINE=InnoDB  DEFAULT CHARSET=utf8 AUTO_INCREMENT=5 ;

-- --------------------------------------------------------

--
-- Structure de la table `Workflows`
--

CREATE TABLE IF NOT EXISTS `Workflows` (
  `wfID` int(10) unsigned NOT NULL AUTO_INCREMENT,
  `wfName` varchar(255) DEFAULT NULL,
  `wftID` int(10) unsigned NOT NULL DEFAULT '0',
  PRIMARY KEY (`wfID`),
  UNIQUE KEY `wfName` (`wfName`)
) ENGINE=InnoDB DEFAULT CHARSET=utf8 AUTO_INCREMENT=1 ;

-- --------------------------------------------------------

--
-- Structure de la table `WorkflowTypes`
--

CREATE TABLE IF NOT EXISTS `WorkflowTypes` (
  `wftID` int(10) unsigned NOT NULL AUTO_INCREMENT,
  `wftHandle` varchar(64) NOT NULL,
  `wftName` varchar(128) NOT NULL,
  `pkgID` int(10) unsigned NOT NULL DEFAULT '0',
  PRIMARY KEY (`wftID`)
) ENGINE=InnoDB  DEFAULT CHARSET=utf8 AUTO_INCREMENT=2 ;

--
-- Contenu de la table `WorkflowTypes`
--

INSERT INTO `WorkflowTypes` (`wftID`, `wftHandle`, `wftName`, `pkgID`) VALUES
(1, 'basic', 'Basic Workflow', 0);

/*!40101 SET CHARACTER_SET_CLIENT=@OLD_CHARACTER_SET_CLIENT */;
/*!40101 SET CHARACTER_SET_RESULTS=@OLD_CHARACTER_SET_RESULTS */;
/*!40101 SET COLLATION_CONNECTION=@OLD_COLLATION_CONNECTION */;
